<?xml version='1.0' encoding='UTF-8'?>
<osm version='0.6' generator='JOSM'>
  <node id='-37870070' action='modify' visible='true' lat='45.43917353947' lon='12.32819417473'>
    <tag k='addr:housenumber' v='2282' />
    <tag k='addr:place' v='San Polo' />
  </node>
  <node id='-37870071' action='modify' visible='true' lat='45.43700570649' lon='12.32760644942'>
    <tag k='addr:housenumber' v='2596' />
    <tag k='addr:place' v='San Polo' />
  </node>
  <node id='-37870072' action='modify' visible='true' lat='45.43807897953' lon='12.33450012569'>
    <tag k='addr:housenumber' v='616' />
    <tag k='addr:place' v='San Polo' />
  </node>
  <node id='-37870073' action='modify' visible='true' lat='45.43837130768' lon='12.33454337015'>
    <tag k='addr:housenumber' v='541f' />
    <tag k='addr:place' v='San Polo' />
  </node>
  <node id='-37870074' action='modify' visible='true' lat='45.43838979875' lon='12.33507446412'>
    <tag k='addr:housenumber' v='501' />
    <tag k='addr:place' v='San Polo' />
  </node>
  <node id='-37870075' action='modify' visible='true' lat='45.43761999314' lon='12.33267549472'>
    <tag k='addr:housenumber' v='1081' />
    <tag k='addr:place' v='San Polo' />
  </node>
  <node id='-37870076' action='modify' visible='true' lat='45.43902488348' lon='12.3330168796'>
    <tag k='addr:housenumber' v='872' />
    <tag k='addr:place' v='San Polo' />
  </node>
  <node id='-37870077' action='modify' visible='true' lat='45.43711561715' lon='12.33124476235'>
    <tag k='addr:housenumber' v='1419a' />
    <tag k='addr:place' v='San Polo' />
  </node>
  <node id='-37870078' action='modify' visible='true' lat='45.43745695727' lon='12.33187194926'>
    <tag k='addr:housenumber' v='1221' />
    <tag k='addr:place' v='San Polo' />
  </node>
  <node id='-37870079' action='modify' visible='true' lat='45.43945298979' lon='12.33197080913'>
    <tag k='addr:housenumber' v='1861' />
    <tag k='addr:place' v='San Polo' />
  </node>
  <node id='-37870080' action='modify' visible='true' lat='45.43798037862' lon='12.33411266072'>
    <tag k='addr:housenumber' v='664' />
    <tag k='addr:place' v='San Polo' />
  </node>
  <node id='-37870081' action='modify' visible='true' lat='45.43798878238' lon='12.33193426244'>
    <tag k='addr:housenumber' v='1291' />
    <tag k='addr:place' v='San Polo' />
  </node>
  <node id='-37870082' action='modify' visible='true' lat='45.43767433018' lon='12.3311745899'>
    <tag k='addr:housenumber' v='1496' />
    <tag k='addr:place' v='San Polo' />
  </node>
  <node id='-37870083' action='modify' visible='true' lat='45.43901131382' lon='12.33320872976'>
    <tag k='addr:housenumber' v='868' />
    <tag k='addr:place' v='San Polo' />
  </node>
  <node id='-37870084' action='modify' visible='true' lat='45.43951434626' lon='12.32864622865'>
    <tag k='addr:housenumber' v='2270' />
    <tag k='addr:place' v='San Polo' />
  </node>
  <node id='-37870085' action='modify' visible='true' lat='45.43835701354' lon='12.3312912984'>
    <tag k='addr:housenumber' v='1499c' />
    <tag k='addr:place' v='San Polo' />
  </node>
  <node id='-37870086' action='modify' visible='true' lat='45.4379268156' lon='12.33343713267'>
    <tag k='addr:housenumber' v='1025' />
    <tag k='addr:place' v='San Polo' />
  </node>
  <node id='-37870087' action='modify' visible='true' lat='45.43921356739' lon='12.335332505'>
    <tag k='addr:housenumber' v='150' />
    <tag k='addr:place' v='San Polo' />
  </node>
  <node id='-37870088' action='modify' visible='true' lat='45.43720125041' lon='12.33119538645'>
    <tag k='addr:housenumber' v='1417' />
    <tag k='addr:place' v='San Polo' />
  </node>
  <node id='-37870089' action='modify' visible='true' lat='45.43802615914' lon='12.32705637592'>
    <tag k='addr:housenumber' v='2504' />
    <tag k='addr:place' v='San Polo' />
  </node>
  <node id='-37870090' action='modify' visible='true' lat='45.43832751388' lon='12.33444312816'>
    <tag k='addr:housenumber' v='565' />
    <tag k='addr:place' v='San Polo' />
  </node>
  <node id='-37870091' action='modify' visible='true' lat='45.43766794866' lon='12.33117933907'>
    <tag k='addr:housenumber' v='1495' />
    <tag k='addr:place' v='San Polo' />
  </node>
  <node id='-37870092' action='modify' visible='true' lat='45.4392340419' lon='12.32909090204'>
    <tag k='addr:housenumber' v='2257b' />
    <tag k='addr:place' v='San Polo' />
  </node>
  <node id='-37870093' action='modify' visible='true' lat='45.43877031089' lon='12.32825763031'>
    <tag k='addr:housenumber' v='2304a' />
    <tag k='addr:place' v='San Polo' />
  </node>
  <node id='-37870094' action='modify' visible='true' lat='45.43778340168' lon='12.333121578'>
    <tag k='addr:housenumber' v='1022b' />
    <tag k='addr:place' v='San Polo' />
  </node>
  <node id='-37870095' action='modify' visible='true' lat='45.43698498831' lon='12.32937285216'>
    <tag k='addr:housenumber' v='2118' />
    <tag k='addr:place' v='San Polo' />
  </node>
  <node id='-37870096' action='modify' visible='true' lat='45.43839200728' lon='12.33451482874'>
    <tag k='addr:housenumber' v='541g' />
    <tag k='addr:place' v='San Polo' />
  </node>
  <node id='-37870097' action='modify' visible='true' lat='45.43751190226' lon='12.32740057461'>
    <tag k='addr:housenumber' v='2575' />
    <tag k='addr:place' v='San Polo' />
  </node>
  <node id='-37870098' action='modify' visible='true' lat='45.43762305156' lon='12.33448298282'>
    <tag k='addr:housenumber' v='675' />
    <tag k='addr:place' v='San Polo' />
  </node>
  <node id='-37870099' action='modify' visible='true' lat='45.43766097694' lon='12.33246239625'>
    <tag k='addr:housenumber' v='1137a' />
    <tag k='addr:place' v='San Polo' />
  </node>
  <node id='-37870100' action='modify' visible='true' lat='45.43820143933' lon='12.33574891676'>
    <tag k='addr:housenumber' v='2' />
    <tag k='addr:place' v='San Polo' />
  </node>
  <node id='-37870101' action='modify' visible='true' lat='45.43742396528' lon='12.32352952654'>
    <tag k='addr:housenumber' v='3084c' />
    <tag k='addr:place' v='San Polo' />
  </node>
  <node id='-37870102' action='modify' visible='true' lat='45.43811642071' lon='12.32699788677'>
    <tag k='addr:housenumber' v='2501' />
    <tag k='addr:place' v='San Polo' />
  </node>
  <node id='-37870103' action='modify' visible='true' lat='45.43761379118' lon='12.33202956937'>
    <tag k='addr:housenumber' v='1230' />
    <tag k='addr:place' v='San Polo' />
  </node>
  <node id='-37870104' action='modify' visible='true' lat='45.43727104071' lon='12.33155934641'>
    <tag k='addr:housenumber' v='1393' />
    <tag k='addr:place' v='San Polo' />
  </node>
  <node id='-37870105' action='modify' visible='true' lat='45.43855150675' lon='12.33314544627'>
    <tag k='addr:housenumber' v='956a' />
    <tag k='addr:place' v='San Polo' />
  </node>
  <node id='-37870106' action='modify' visible='true' lat='45.43798973461' lon='12.33452950464'>
    <tag k='addr:housenumber' v='631' />
    <tag k='addr:place' v='San Polo' />
  </node>
  <node id='-37870107' action='modify' visible='true' lat='45.43932101778' lon='12.33519708287'>
    <tag k='addr:housenumber' v='154' />
    <tag k='addr:place' v='San Polo' />
  </node>
  <node id='-37870108' action='modify' visible='true' lat='45.43806424563' lon='12.33114382441'>
    <tag k='addr:housenumber' v='1508' />
    <tag k='addr:place' v='San Polo' />
  </node>
  <node id='-37870109' action='modify' visible='true' lat='45.43694494321' lon='12.33146679709'>
    <tag k='addr:housenumber' v='1387' />
    <tag k='addr:place' v='San Polo' />
  </node>
  <node id='-37870110' action='modify' visible='true' lat='45.43850012489' lon='12.33276372297'>
    <tag k='addr:housenumber' v='913' />
    <tag k='addr:place' v='San Polo' />
  </node>
  <node id='-37870111' action='modify' visible='true' lat='45.43817774667' lon='12.33463848572'>
    <tag k='addr:housenumber' v='572' />
    <tag k='addr:place' v='San Polo' />
  </node>
  <node id='-37870112' action='modify' visible='true' lat='45.43880755698' lon='12.33339161859'>
    <tag k='addr:housenumber' v='847' />
    <tag k='addr:place' v='San Polo' />
  </node>
  <node id='-37870113' action='modify' visible='true' lat='45.43818699092' lon='12.33554448483'>
    <tag k='addr:housenumber' v='16' />
    <tag k='addr:place' v='San Polo' />
  </node>
  <node id='-37870114' action='modify' visible='true' lat='45.43732690332' lon='12.33231111582'>
    <tag k='addr:housenumber' v='1194' />
    <tag k='addr:place' v='San Polo' />
  </node>
  <node id='-37870115' action='modify' visible='true' lat='45.43798494357' lon='12.33359634698'>
    <tag k='addr:housenumber' v='1005' />
    <tag k='addr:place' v='San Polo' />
  </node>
  <node id='-37870116' action='modify' visible='true' lat='45.43760758858' lon='12.32810736649'>
    <tag k='addr:housenumber' v='2627a' />
    <tag k='addr:place' v='San Polo' />
  </node>
  <node id='-37870117' action='modify' visible='true' lat='45.43844859653' lon='12.3351042999'>
    <tag k='addr:housenumber' v='492' />
    <tag k='addr:place' v='San Polo' />
  </node>
  <node id='-37870118' action='modify' visible='true' lat='45.43830935562' lon='12.33503653166'>
    <tag k='addr:housenumber' v='521' />
    <tag k='addr:place' v='San Polo' />
  </node>
  <node id='-37870119' action='modify' visible='true' lat='45.43784010909' lon='12.33355088918'>
    <tag k='addr:housenumber' v='1021' />
    <tag k='addr:place' v='San Polo' />
  </node>
  <node id='-37870120' action='modify' visible='true' lat='45.43910910782' lon='12.3283318322'>
    <tag k='addr:housenumber' v='2281a' />
    <tag k='addr:place' v='San Polo' />
  </node>
  <node id='-37870121' action='modify' visible='true' lat='45.4384703161' lon='12.334232749'>
    <tag k='addr:housenumber' v='599' />
    <tag k='addr:place' v='San Polo' />
  </node>
  <node id='-37870122' action='modify' visible='true' lat='45.438031444' lon='12.3322448474'>
    <tag k='addr:housenumber' v='1270' />
    <tag k='addr:place' v='San Polo' />
  </node>
  <node id='-37870123' action='modify' visible='true' lat='45.4384002246' lon='12.33503871991'>
    <tag k='addr:housenumber' v='502' />
    <tag k='addr:place' v='San Polo' />
  </node>
  <node id='-37870124' action='modify' visible='true' lat='45.43812088975' lon='12.33499352942'>
    <tag k='addr:housenumber' v='537' />
    <tag k='addr:place' v='San Polo' />
  </node>
  <node id='-37870125' action='modify' visible='true' lat='45.43847123497' lon='12.33335282051'>
    <tag k='addr:housenumber' v='807' />
    <tag k='addr:place' v='San Polo' />
  </node>
  <node id='-37870126' action='modify' visible='true' lat='45.43738655474' lon='12.32792065419'>
    <tag k='addr:housenumber' v='2608' />
    <tag k='addr:place' v='San Polo' />
  </node>
  <node id='-37870127' action='modify' visible='true' lat='45.43737771373' lon='12.3310854363'>
    <tag k='addr:housenumber' v='1471' />
    <tag k='addr:place' v='San Polo' />
  </node>
  <node id='-37870128' action='modify' visible='true' lat='45.43771587058' lon='12.32814793864'>
    <tag k='addr:housenumber' v='2634' />
    <tag k='addr:place' v='San Polo' />
  </node>
  <node id='-37870129' action='modify' visible='true' lat='45.43796305614' lon='12.33361082917'>
    <tag k='addr:housenumber' v='1005a' />
    <tag k='addr:place' v='San Polo' />
  </node>
  <node id='-37870130' action='modify' visible='true' lat='45.43741610959' lon='12.32819492008'>
    <tag k='addr:housenumber' v='2617' />
    <tag k='addr:place' v='San Polo' />
  </node>
  <node id='-37870131' action='modify' visible='true' lat='45.43842826098' lon='12.33468483567'>
    <tag k='addr:housenumber' v='550' />
    <tag k='addr:place' v='San Polo' />
  </node>
  <node id='-37870132' action='modify' visible='true' lat='45.43821248172' lon='12.33328637627'>
    <tag k='addr:housenumber' v='977' />
    <tag k='addr:place' v='San Polo' />
  </node>
  <node id='-37870133' action='modify' visible='true' lat='45.43800592571' lon='12.33402841656'>
    <tag k='addr:housenumber' v='687' />
    <tag k='addr:place' v='San Polo' />
  </node>
  <node id='-37870134' action='modify' visible='true' lat='45.43740517452' lon='12.33209142913'>
    <tag k='addr:housenumber' v='1213b' />
    <tag k='addr:place' v='San Polo' />
  </node>
  <node id='-37870135' action='modify' visible='true' lat='45.43691552226' lon='12.32807198334'>
    <tag k='addr:housenumber' v='2679' />
    <tag k='addr:place' v='San Polo' />
  </node>
  <node id='-37870136' action='modify' visible='true' lat='45.43830770945' lon='12.33519400258'>
    <tag k='addr:housenumber' v='498' />
    <tag k='addr:place' v='San Polo' />
  </node>
  <node id='-37870137' action='modify' visible='true' lat='45.43693835548' lon='12.32837771997'>
    <tag k='addr:housenumber' v='2681' />
    <tag k='addr:place' v='San Polo' />
  </node>
  <node id='-37870138' action='modify' visible='true' lat='45.43796141973' lon='12.33196494547'>
    <tag k='addr:housenumber' v='1292' />
    <tag k='addr:place' v='San Polo' />
  </node>
  <node id='-37870139' action='modify' visible='true' lat='45.43926423611' lon='12.33393083516'>
    <tag k='addr:housenumber' v='375' />
    <tag k='addr:place' v='San Polo' />
  </node>
  <node id='-37870140' action='modify' visible='true' lat='45.43954970953' lon='12.33469950491'>
    <tag k='addr:housenumber' v='176' />
    <tag k='addr:place' v='San Polo' />
  </node>
  <node id='-37870141' action='modify' visible='true' lat='45.43828245865' lon='12.33302249596'>
    <tag k='addr:housenumber' v='989' />
    <tag k='addr:place' v='San Polo' />
  </node>
  <node id='-37870142' action='modify' visible='true' lat='45.43735219558' lon='12.3327000487'>
    <tag k='addr:housenumber' v='1146' />
    <tag k='addr:place' v='San Polo' />
  </node>
  <node id='-37870143' action='modify' visible='true' lat='45.43830851522' lon='12.33462981966'>
    <tag k='addr:housenumber' v='541d' />
    <tag k='addr:place' v='San Polo' />
  </node>
  <node id='-37870144' action='modify' visible='true' lat='45.4380349073' lon='12.33454113303'>
    <tag k='addr:housenumber' v='617' />
    <tag k='addr:place' v='San Polo' />
  </node>
  <node id='-37870145' action='modify' visible='true' lat='45.4381642328' lon='12.33264672121'>
    <tag k='addr:housenumber' v='1255' />
    <tag k='addr:place' v='San Polo' />
  </node>
  <node id='-37870146' action='modify' visible='true' lat='45.43793975831' lon='12.33487602814'>
    <tag k='addr:housenumber' v='583' />
    <tag k='addr:place' v='San Polo' />
  </node>
  <node id='-37870147' action='modify' visible='true' lat='45.43808599984' lon='12.33352933522'>
    <tag k='addr:housenumber' v='1003' />
    <tag k='addr:place' v='San Polo' />
  </node>
  <node id='-37870148' action='modify' visible='true' lat='45.43767835038' lon='12.32803182666'>
    <tag k='addr:housenumber' v='2623' />
    <tag k='addr:place' v='San Polo' />
  </node>
  <node id='-37870149' action='modify' visible='true' lat='45.43957271894' lon='12.33483809667'>
    <tag k='addr:housenumber' v='164' />
    <tag k='addr:place' v='San Polo' />
  </node>
  <node id='-37870150' action='modify' visible='true' lat='45.43832439452' lon='12.33501504637'>
    <tag k='addr:housenumber' v='520' />
    <tag k='addr:place' v='San Polo' />
  </node>
  <node id='-37870151' action='modify' visible='true' lat='45.43844707042' lon='12.32868807687'>
    <tag k='addr:housenumber' v='2329' />
    <tag k='addr:place' v='San Polo' />
  </node>
  <node id='-37870152' action='modify' visible='true' lat='45.43839952063' lon='12.33435147129'>
    <tag k='addr:housenumber' v='562a' />
    <tag k='addr:place' v='San Polo' />
  </node>
  <node id='-37870153' action='modify' visible='true' lat='45.43812062883' lon='12.33501774591'>
    <tag k='addr:housenumber' v='537a' />
    <tag k='addr:place' v='San Polo' />
  </node>
  <node id='-37870154' action='modify' visible='true' lat='45.43700448821' lon='12.32936053906'>
    <tag k='addr:housenumber' v='2118a' />
    <tag k='addr:place' v='San Polo' />
  </node>
  <node id='-37870155' action='modify' visible='true' lat='45.43720395225' lon='12.3335052605'>
    <tag k='addr:housenumber' v='1101' />
    <tag k='addr:place' v='San Polo' />
  </node>
  <node id='-37870156' action='modify' visible='true' lat='45.43808244558' lon='12.32701990582'>
    <tag k='addr:housenumber' v='2502' />
    <tag k='addr:place' v='San Polo' />
  </node>
  <node id='-37870157' action='modify' visible='true' lat='45.43838015258' lon='12.33414864652'>
    <tag k='addr:housenumber' v='606' />
    <tag k='addr:place' v='San Polo' />
  </node>
  <node id='-37870158' action='modify' visible='true' lat='45.43870730153' lon='12.33172372239'>
    <tag k='addr:housenumber' v='1516c' />
    <tag k='addr:place' v='San Polo' />
  </node>
  <node id='-37870159' action='modify' visible='true' lat='45.43767751795' lon='12.32822029857'>
    <tag k='addr:housenumber' v='2636' />
    <tag k='addr:place' v='San Polo' />
  </node>
  <node id='-37870160' action='modify' visible='true' lat='45.43718338233' lon='12.33120551934'>
    <tag k='addr:housenumber' v='1417a' />
    <tag k='addr:place' v='San Polo' />
  </node>
  <node id='-37870161' action='modify' visible='true' lat='45.43959018667' lon='12.33467327657'>
    <tag k='addr:housenumber' v='168' />
    <tag k='addr:place' v='San Polo' />
  </node>
  <node id='-37870162' action='modify' visible='true' lat='45.43809968987' lon='12.33470963722'>
    <tag k='addr:housenumber' v='589' />
    <tag k='addr:place' v='San Polo' />
  </node>
  <node id='-37870163' action='modify' visible='true' lat='45.43931526127' lon='12.33346328174'>
    <tag k='addr:housenumber' v='367' />
    <tag k='addr:place' v='San Polo' />
  </node>
  <node id='-37870164' action='modify' visible='true' lat='45.43772027831' lon='12.32935264581'>
    <tag k='addr:housenumber' v='2126' />
    <tag k='addr:place' v='San Polo' />
  </node>
  <node id='-37870165' action='modify' visible='true' lat='45.43700603325' lon='12.33212805708'>
    <tag k='addr:housenumber' v='1204' />
    <tag k='addr:place' v='San Polo' />
  </node>
  <node id='-37870166' action='modify' visible='true' lat='45.43827380943' lon='12.33389592661'>
    <tag k='addr:housenumber' v='694' />
    <tag k='addr:place' v='San Polo' />
  </node>
  <node id='-37870167' action='modify' visible='true' lat='45.44012549572' lon='12.33318081539'>
    <tag k='addr:housenumber' v='1629' />
    <tag k='addr:place' v='San Polo' />
  </node>
  <node id='-37870168' action='modify' visible='true' lat='45.43821308835' lon='12.33503421475'>
    <tag k='addr:housenumber' v='526' />
    <tag k='addr:place' v='San Polo' />
  </node>
  <node id='-37870169' action='modify' visible='true' lat='45.43742933762' lon='12.32745019259'>
    <tag k='addr:housenumber' v='2572a' />
    <tag k='addr:place' v='San Polo' />
  </node>
  <node id='-37870170' action='modify' visible='true' lat='45.43860254758' lon='12.33388577197'>
    <tag k='addr:housenumber' v='468' />
    <tag k='addr:place' v='San Polo' />
  </node>
  <node id='-37870171' action='modify' visible='true' lat='45.43870209918' lon='12.33178821914'>
    <tag k='addr:housenumber' v='1516b' />
    <tag k='addr:place' v='San Polo' />
  </node>
  <node id='-37870172' action='modify' visible='true' lat='45.43815754985' lon='12.33569539105'>
    <tag k='addr:housenumber' v='13' />
    <tag k='addr:place' v='San Polo' />
  </node>
  <node id='-37870173' action='modify' visible='true' lat='45.43817618303' lon='12.32939262477'>
    <tag k='addr:housenumber' v='2166' />
    <tag k='addr:place' v='San Polo' />
  </node>
  <node id='-37870174' action='modify' visible='true' lat='45.43957010515' lon='12.33172056735'>
    <tag k='addr:housenumber' v='1857' />
    <tag k='addr:place' v='San Polo' />
  </node>
  <node id='-37870175' action='modify' visible='true' lat='45.43843408701' lon='12.33430833624'>
    <tag k='addr:housenumber' v='562' />
    <tag k='addr:place' v='San Polo' />
  </node>
  <node id='-37870176' action='modify' visible='true' lat='45.43803326645' lon='12.33517123886'>
    <tag k='addr:housenumber' v='532' />
    <tag k='addr:place' v='San Polo' />
  </node>
  <node id='-37870177' action='modify' visible='true' lat='45.43749230298' lon='12.33366538646'>
    <tag k='addr:housenumber' v='1094' />
    <tag k='addr:place' v='San Polo' />
  </node>
  <node id='-37870178' action='modify' visible='true' lat='45.43681568144' lon='12.33128270976'>
    <tag k='addr:housenumber' v='1422a' />
    <tag k='addr:place' v='San Polo' />
  </node>
  <node id='-37870179' action='modify' visible='true' lat='45.43967853256' lon='12.33282591686'>
    <tag k='addr:housenumber' v='1660' />
    <tag k='addr:place' v='San Polo' />
  </node>
  <node id='-37870180' action='modify' visible='true' lat='45.43817892143' lon='12.33434240623'>
    <tag k='addr:housenumber' v='634' />
    <tag k='addr:place' v='San Polo' />
  </node>
  <node id='-37870181' action='modify' visible='true' lat='45.43833599148' lon='12.33459208955'>
    <tag k='addr:housenumber' v='541e' />
    <tag k='addr:place' v='San Polo' />
  </node>
  <node id='-37870182' action='modify' visible='true' lat='45.43877401564' lon='12.33176079499'>
    <tag k='addr:housenumber' v='1895c' />
    <tag k='addr:place' v='San Polo' />
  </node>
  <node id='-37870183' action='modify' visible='true' lat='45.43791150679' lon='12.33350928441'>
    <tag k='addr:housenumber' v='1019' />
    <tag k='addr:place' v='San Polo' />
  </node>
  <node id='-37870184' action='modify' visible='true' lat='45.43584831675' lon='12.32877490314'>
    <tag k='addr:housenumber' v='2775' />
    <tag k='addr:place' v='San Polo' />
  </node>
  <node id='-37870185' action='modify' visible='true' lat='45.43945592231' lon='12.33484216567'>
    <tag k='addr:housenumber' v='180' />
    <tag k='addr:place' v='San Polo' />
  </node>
  <node id='-37870186' action='modify' visible='true' lat='45.43748228706' lon='12.32834259966'>
    <tag k='addr:housenumber' v='2640' />
    <tag k='addr:place' v='San Polo' />
  </node>
  <node id='-37870187' action='modify' visible='true' lat='45.43828470756' lon='12.33543384897'>
    <tag k='addr:housenumber' v='74' />
    <tag k='addr:place' v='San Polo' />
  </node>
  <node id='-37870188' action='modify' visible='true' lat='45.43747685881' lon='12.32846016587'>
    <tag k='addr:housenumber' v='2643' />
    <tag k='addr:place' v='San Polo' />
  </node>
  <node id='-37870189' action='modify' visible='true' lat='45.4393480822' lon='12.33340181621'>
    <tag k='addr:housenumber' v='366' />
    <tag k='addr:place' v='San Polo' />
  </node>
  <node id='-37870190' action='modify' visible='true' lat='45.43699976006' lon='12.33213259002'>
    <tag k='addr:housenumber' v='1205' />
    <tag k='addr:place' v='San Polo' />
  </node>
  <node id='-37870191' action='modify' visible='true' lat='45.43913854274' lon='12.3336856608'>
    <tag k='addr:housenumber' v='835' />
    <tag k='addr:place' v='San Polo' />
  </node>
  <node id='-37870192' action='modify' visible='true' lat='45.43844817183' lon='12.33483764688'>
    <tag k='addr:housenumber' v='517' />
    <tag k='addr:place' v='San Polo' />
  </node>
  <node id='-37870193' action='modify' visible='true' lat='45.43748182752' lon='12.32815259141'>
    <tag k='addr:housenumber' v='2618' />
    <tag k='addr:place' v='San Polo' />
  </node>
  <node id='-37870194' action='modify' visible='true' lat='45.43873528252' lon='12.33200618837'>
    <tag k='addr:housenumber' v='1535' />
    <tag k='addr:place' v='San Polo' />
  </node>
  <node id='-37870195' action='modify' visible='true' lat='45.437336743' lon='12.33193747042'>
    <tag k='addr:housenumber' v='1217' />
    <tag k='addr:place' v='San Polo' />
  </node>
  <node id='-37870196' action='modify' visible='true' lat='45.43955097131' lon='12.33176353587'>
    <tag k='addr:housenumber' v='1858' />
    <tag k='addr:place' v='San Polo' />
  </node>
  <node id='-37870197' action='modify' visible='true' lat='45.43865115513' lon='12.33470381464'>
    <tag k='addr:housenumber' v='490' />
    <tag k='addr:place' v='San Polo' />
  </node>
  <node id='-37870198' action='modify' visible='true' lat='45.43816708754' lon='12.33580523186'>
    <tag k='addr:housenumber' v='4' />
    <tag k='addr:place' v='San Polo' />
  </node>
  <node id='-37870199' action='modify' visible='true' lat='45.43955621953' lon='12.32859785601'>
    <tag k='addr:housenumber' v='2271' />
    <tag k='addr:place' v='San Polo' />
  </node>
  <node id='-37870200' action='modify' visible='true' lat='45.43831460844' lon='12.32393318799'>
    <tag k='addr:housenumber' v='2464c' />
    <tag k='addr:place' v='San Polo' />
  </node>
  <node id='-37870201' action='modify' visible='true' lat='45.43792545832' lon='12.33493424484'>
    <tag k='addr:housenumber' v='580' />
    <tag k='addr:place' v='San Polo' />
  </node>
  <node id='-37870202' action='modify' visible='true' lat='45.43849635656' lon='12.32748037346'>
    <tag k='addr:housenumber' v='2353' />
    <tag k='addr:place' v='San Polo' />
  </node>
  <node id='-37870203' action='modify' visible='true' lat='45.43755887229' lon='12.33189890216'>
    <tag k='addr:housenumber' v='1243' />
    <tag k='addr:place' v='San Polo' />
  </node>
  <node id='-37870204' action='modify' visible='true' lat='45.43806355061' lon='12.32996131399'>
    <tag k='addr:housenumber' v='2177' />
    <tag k='addr:place' v='San Polo' />
  </node>
  <node id='-37870205' action='modify' visible='true' lat='45.43814694124' lon='12.32697809967'>
    <tag k='addr:housenumber' v='2500' />
    <tag k='addr:place' v='San Polo' />
  </node>
  <node id='-37870206' action='modify' visible='true' lat='45.43960527306' lon='12.33478700042'>
    <tag k='addr:housenumber' v='165' />
    <tag k='addr:place' v='San Polo' />
  </node>
  <node id='-37870207' action='modify' visible='true' lat='45.4381609202' lon='12.33440905345'>
    <tag k='addr:housenumber' v='613' />
    <tag k='addr:place' v='San Polo' />
  </node>
  <node id='-37870208' action='modify' visible='true' lat='45.43787574025' lon='12.33163692595'>
    <tag k='addr:housenumber' v='1320a' />
    <tag k='addr:place' v='San Polo' />
  </node>
  <node id='-37870209' action='modify' visible='true' lat='45.4380142649' lon='12.33450480783'>
    <tag k='addr:housenumber' v='631c' />
    <tag k='addr:place' v='San Polo' />
  </node>
  <node id='-37870210' action='modify' visible='true' lat='45.43802328437' lon='12.33479486117'>
    <tag k='addr:housenumber' v='586' />
    <tag k='addr:place' v='San Polo' />
  </node>
  <node id='-37870211' action='modify' visible='true' lat='45.43831514899' lon='12.33466479546'>
    <tag k='addr:housenumber' v='541m' />
    <tag k='addr:place' v='San Polo' />
  </node>
  <node id='-37870212' action='modify' visible='true' lat='45.43768187793' lon='12.33211047844'>
    <tag k='addr:housenumber' v='1249a' />
    <tag k='addr:place' v='San Polo' />
  </node>
  <node id='-37870213' action='modify' visible='true' lat='45.43826446265' lon='12.33546367783'>
    <tag k='addr:housenumber' v='75' />
    <tag k='addr:place' v='San Polo' />
  </node>
  <node id='-37870214' action='modify' visible='true' lat='45.43799408823' lon='12.33339393992'>
    <tag k='addr:housenumber' v='1028' />
    <tag k='addr:place' v='San Polo' />
  </node>
  <node id='-37870215' action='modify' visible='true' lat='45.43788295909' lon='12.33385945485'>
    <tag k='addr:housenumber' v='760a' />
    <tag k='addr:place' v='San Polo' />
  </node>
  <node id='-37870216' action='modify' visible='true' lat='45.43706003641' lon='12.32923221587'>
    <tag k='addr:housenumber' v='2109' />
    <tag k='addr:place' v='San Polo' />
  </node>
  <node id='-37870217' action='modify' visible='true' lat='45.43805459549' lon='12.3351479832'>
    <tag k='addr:housenumber' v='531' />
    <tag k='addr:place' v='San Polo' />
  </node>
  <node id='-37870218' action='modify' visible='true' lat='45.43708444918' lon='12.33123222458'>
    <tag k='addr:housenumber' v='1453' />
    <tag k='addr:place' v='San Polo' />
  </node>
  <node id='-37870219' action='modify' visible='true' lat='45.43924369191' lon='12.33397326699'>
    <tag k='addr:housenumber' v='376' />
    <tag k='addr:place' v='San Polo' />
  </node>
  <node id='-37870220' action='modify' visible='true' lat='45.43904179709' lon='12.33298862064'>
    <tag k='addr:housenumber' v='872a' />
    <tag k='addr:place' v='San Polo' />
  </node>
  <node id='-37870221' action='modify' visible='true' lat='45.43809825764' lon='12.33371169083'>
    <tag k='addr:housenumber' v='700' />
    <tag k='addr:place' v='San Polo' />
  </node>
  <node id='-37870222' action='modify' visible='true' lat='45.43835539699' lon='12.33440840643'>
    <tag k='addr:housenumber' v='564' />
    <tag k='addr:place' v='San Polo' />
  </node>
  <node id='-37870223' action='modify' visible='true' lat='45.43850065627' lon='12.33492305753'>
    <tag k='addr:housenumber' v='505a' />
    <tag k='addr:place' v='San Polo' />
  </node>
  <node id='-37870224' action='modify' visible='true' lat='45.43795160916' lon='12.33348413441'>
    <tag k='addr:housenumber' v='1017a' />
    <tag k='addr:place' v='San Polo' />
  </node>
  <node id='-37870225' action='modify' visible='true' lat='45.43814586093' lon='12.33470077011'>
    <tag k='addr:housenumber' v='573' />
    <tag k='addr:place' v='San Polo' />
  </node>
  <node id='-37870226' action='modify' visible='true' lat='45.43772628543' lon='12.33218344848'>
    <tag k='addr:housenumber' v='1250' />
    <tag k='addr:place' v='San Polo' />
  </node>
  <node id='-37870227' action='modify' visible='true' lat='45.43918116026' lon='12.33339096676'>
    <tag k='addr:housenumber' v='860' />
    <tag k='addr:place' v='San Polo' />
  </node>
  <node id='-37870228' action='modify' visible='true' lat='45.43771743816' lon='12.3317532686'>
    <tag k='addr:housenumber' v='1322' />
    <tag k='addr:place' v='San Polo' />
  </node>
  <node id='-37870229' action='modify' visible='true' lat='45.43694055996' lon='12.32723212538'>
    <tag k='addr:housenumber' v='2999' />
    <tag k='addr:place' v='San Polo' />
  </node>
  <node id='-37870230' action='modify' visible='true' lat='45.43797438968' lon='12.3338298409'>
    <tag k='addr:housenumber' v='703' />
    <tag k='addr:place' v='San Polo' />
  </node>
  <node id='-37870231' action='modify' visible='true' lat='45.43857327651' lon='12.33482621706'>
    <tag k='addr:housenumber' v='508' />
    <tag k='addr:place' v='San Polo' />
  </node>
  <node id='-37870232' action='modify' visible='true' lat='45.43841782766' lon='12.32736697555'>
    <tag k='addr:housenumber' v='2357' />
    <tag k='addr:place' v='San Polo' />
  </node>
  <node id='-37870233' action='modify' visible='true' lat='45.4380123489' lon='12.33519403785'>
    <tag k='addr:housenumber' v='725a' />
    <tag k='addr:place' v='San Polo' />
  </node>
  <node id='-37870234' action='modify' visible='true' lat='45.43826992288' lon='12.33304815975'>
    <tag k='addr:housenumber' v='988' />
    <tag k='addr:place' v='San Polo' />
  </node>
  <node id='-37870235' action='modify' visible='true' lat='45.43844512242' lon='12.33426732944'>
    <tag k='addr:housenumber' v='598' />
    <tag k='addr:place' v='San Polo' />
  </node>
  <node id='-37870236' action='modify' visible='true' lat='45.43738303069' lon='12.32748011058'>
    <tag k='addr:housenumber' v='2571' />
    <tag k='addr:place' v='San Polo' />
  </node>
  <node id='-37870237' action='modify' visible='true' lat='45.43838295218' lon='12.33124495085'>
    <tag k='addr:housenumber' v='1499b' />
    <tag k='addr:place' v='San Polo' />
  </node>
  <node id='-37870238' action='modify' visible='true' lat='45.4378759929' lon='12.33498477323'>
    <tag k='addr:housenumber' v='580a' />
    <tag k='addr:place' v='San Polo' />
  </node>
  <node id='-37870239' action='modify' visible='true' lat='45.43821495723' lon='12.33459005697'>
    <tag k='addr:housenumber' v='570' />
    <tag k='addr:place' v='San Polo' />
  </node>
  <node id='-37870240' action='modify' visible='true' lat='45.43693476181' lon='12.32722610892'>
    <tag k='addr:housenumber' v='2998' />
    <tag k='addr:place' v='San Polo' />
  </node>
  <node id='-37870241' action='modify' visible='true' lat='45.43843511769' lon='12.33445790431'>
    <tag k='addr:housenumber' v='541h' />
    <tag k='addr:place' v='San Polo' />
  </node>
  <node id='-37870242' action='modify' visible='true' lat='45.43718144285' lon='12.33149933365'>
    <tag k='addr:housenumber' v='1399' />
    <tag k='addr:place' v='San Polo' />
  </node>
  <node id='-37870243' action='modify' visible='true' lat='45.43810661498' lon='12.33509126382'>
    <tag k='addr:housenumber' v='528' />
    <tag k='addr:place' v='San Polo' />
  </node>
  <node id='-37870244' action='modify' visible='true' lat='45.43800979021' lon='12.33357992124'>
    <tag k='addr:housenumber' v='1004' />
    <tag k='addr:place' v='San Polo' />
  </node>
  <node id='-37870245' action='modify' visible='true' lat='45.43759926553' lon='12.32807823082'>
    <tag k='addr:housenumber' v='2622' />
    <tag k='addr:place' v='San Polo' />
  </node>
  <node id='-37870246' action='modify' visible='true' lat='45.43720565571' lon='12.33224397631'>
    <tag k='addr:housenumber' v='1198' />
    <tag k='addr:place' v='San Polo' />
  </node>
  <node id='-37870247' action='modify' visible='true' lat='45.43962374279' lon='12.33470775832'>
    <tag k='addr:housenumber' v='166' />
    <tag k='addr:place' v='San Polo' />
  </node>
  <node id='-37870248' action='modify' visible='true' lat='45.43848955266' lon='12.33477830707'>
    <tag k='addr:housenumber' v='515' />
    <tag k='addr:place' v='San Polo' />
  </node>
  <node id='-37870249' action='modify' visible='true' lat='45.43905289327' lon='12.33296995557'>
    <tag k='addr:housenumber' v='872b' />
    <tag k='addr:place' v='San Polo' />
  </node>
  <node id='-37870250' action='modify' visible='true' lat='45.43773225296' lon='12.33318612988'>
    <tag k='addr:housenumber' v='1022a' />
    <tag k='addr:place' v='San Polo' />
  </node>
  <node id='-37870251' action='modify' visible='true' lat='45.43651990333' lon='12.32748326762'>
    <tag k='addr:housenumber' v='2986b' />
    <tag k='addr:place' v='San Polo' />
  </node>
  <node id='-37870252' action='modify' visible='true' lat='45.43828683534' lon='12.3347017825'>
    <tag k='addr:housenumber' v='541n' />
    <tag k='addr:place' v='San Polo' />
  </node>
  <node id='-37870253' action='modify' visible='true' lat='45.43915147929' lon='12.32821882078'>
    <tag k='addr:housenumber' v='2283' />
    <tag k='addr:place' v='San Polo' />
  </node>
  <node id='-37870254' action='modify' visible='true' lat='45.43787498424' lon='12.33422094184'>
    <tag k='addr:housenumber' v='667' />
    <tag k='addr:place' v='San Polo' />
  </node>
  <node id='-37870255' action='modify' visible='true' lat='45.43930606391' lon='12.32899888959'>
    <tag k='addr:housenumber' v='2260' />
    <tag k='addr:place' v='San Polo' />
  </node>
  <node id='-37870256' action='modify' visible='true' lat='45.43827024333' lon='12.33487254979'>
    <tag k='addr:housenumber' v='546' />
    <tag k='addr:place' v='San Polo' />
  </node>
  <node id='-37870257' action='modify' visible='true' lat='45.43710160093' lon='12.32773919464'>
    <tag k='addr:housenumber' v='2599b' />
    <tag k='addr:place' v='San Polo' />
  </node>
  <node id='-37870258' action='modify' visible='true' lat='45.4370646218' lon='12.33308189206'>
    <tag k='addr:housenumber' v='1110' />
    <tag k='addr:place' v='San Polo' />
  </node>
  <node id='-37870259' action='modify' visible='true' lat='45.43953690958' lon='12.33489430337'>
    <tag k='addr:housenumber' v='162' />
    <tag k='addr:place' v='San Polo' />
  </node>
  <node id='-37870260' action='modify' visible='true' lat='45.43656393756' lon='12.3274055162'>
    <tag k='addr:housenumber' v='2986c' />
    <tag k='addr:place' v='San Polo' />
  </node>
  <node id='-37870261' action='modify' visible='true' lat='45.43697456967' lon='12.32806755593'>
    <tag k='addr:housenumber' v='2678' />
    <tag k='addr:place' v='San Polo' />
  </node>
  <node id='-37870262' action='modify' visible='true' lat='45.43783690413' lon='12.33426003583'>
    <tag k='addr:housenumber' v='668' />
    <tag k='addr:place' v='San Polo' />
  </node>
  <node id='-37870263' action='modify' visible='true' lat='45.43801808233' lon='12.33484214721'>
    <tag k='addr:housenumber' v='576' />
    <tag k='addr:place' v='San Polo' />
  </node>
  <node id='-37870264' action='modify' visible='true' lat='45.43730171162' lon='12.33297236597'>
    <tag k='addr:housenumber' v='1124' />
    <tag k='addr:place' v='San Polo' />
  </node>
  <node id='-37870265' action='modify' visible='true' lat='45.43810807427' lon='12.33255131778'>
    <tag k='addr:housenumber' v='1253a' />
    <tag k='addr:place' v='San Polo' />
  </node>
  <node id='-37870266' action='modify' visible='true' lat='45.43773569381' lon='12.33479878231'>
    <tag k='addr:housenumber' v='624' />
    <tag k='addr:place' v='San Polo' />
  </node>
  <node id='-37870267' action='modify' visible='true' lat='45.4370262996' lon='12.33145380266'>
    <tag k='addr:housenumber' v='1403' />
    <tag k='addr:place' v='San Polo' />
  </node>
  <node id='-37870268' action='modify' visible='true' lat='45.43804108583' lon='12.33510557028'>
    <tag k='addr:housenumber' v='534' />
    <tag k='addr:place' v='San Polo' />
  </node>
  <node id='-37870269' action='modify' visible='true' lat='45.43796984744' lon='12.33358593506'>
    <tag k='addr:housenumber' v='1009' />
    <tag k='addr:place' v='San Polo' />
  </node>
  <node id='-37870270' action='modify' visible='true' lat='45.4385237625' lon='12.33461805166'>
    <tag k='addr:housenumber' v='488' />
    <tag k='addr:place' v='San Polo' />
  </node>
  <node id='-37870271' action='modify' visible='true' lat='45.43770569063' lon='12.32801556205'>
    <tag k='addr:housenumber' v='2624' />
    <tag k='addr:place' v='San Polo' />
  </node>
  <node id='-37870272' action='modify' visible='true' lat='45.4373691386' lon='12.33212854101'>
    <tag k='addr:housenumber' v='1213a' />
    <tag k='addr:place' v='San Polo' />
  </node>
  <node id='-37870273' action='modify' visible='true' lat='45.43942984598' lon='12.33505992162'>
    <tag k='addr:housenumber' v='157' />
    <tag k='addr:place' v='San Polo' />
  </node>
  <node id='-37870274' action='modify' visible='true' lat='45.43743852481' lon='12.33245454288'>
    <tag k='addr:housenumber' v='1166' />
    <tag k='addr:place' v='San Polo' />
  </node>
  <node id='-37870275' action='modify' visible='true' lat='45.43649790971' lon='12.32704383444'>
    <tag k='addr:housenumber' v='2960' />
    <tag k='addr:place' v='San Polo' />
  </node>
  <node id='-37870276' action='modify' visible='true' lat='45.43820595865' lon='12.3343111254'>
    <tag k='addr:housenumber' v='635' />
    <tag k='addr:place' v='San Polo' />
  </node>
  <node id='-37870277' action='modify' visible='true' lat='45.43850423896' lon='12.33418912588'>
    <tag k='addr:housenumber' v='600' />
    <tag k='addr:place' v='San Polo' />
  </node>
  <node id='-37870278' action='modify' visible='true' lat='45.43827263324' lon='12.33427439662'>
    <tag k='addr:housenumber' v='610' />
    <tag k='addr:place' v='San Polo' />
  </node>
  <node id='-37870279' action='modify' visible='true' lat='45.43842729315' lon='12.33451004356'>
    <tag k='addr:housenumber' v='554a' />
    <tag k='addr:place' v='San Polo' />
  </node>
  <node id='-37870280' action='modify' visible='true' lat='45.43875503872' lon='12.33194359971'>
    <tag k='addr:housenumber' v='1516' />
    <tag k='addr:place' v='San Polo' />
  </node>
  <node id='-37870281' action='modify' visible='true' lat='45.43929494895' lon='12.33324151875'>
    <tag k='addr:housenumber' v='852' />
    <tag k='addr:place' v='San Polo' />
  </node>
  <node id='-37870282' action='modify' visible='true' lat='45.43824943648' lon='12.33548598194'>
    <tag k='addr:housenumber' v='76' />
    <tag k='addr:place' v='San Polo' />
  </node>
  <node id='-37870283' action='modify' visible='true' lat='45.43803551945' lon='12.33399683875'>
    <tag k='addr:housenumber' v='688' />
    <tag k='addr:place' v='San Polo' />
  </node>
  <node id='-37870284' action='modify' visible='true' lat='45.43773127352' lon='12.32813606081'>
    <tag k='addr:housenumber' v='2635' />
    <tag k='addr:place' v='San Polo' />
  </node>
  <node id='-37870285' action='modify' visible='true' lat='45.43737566835' lon='12.3328971819'>
    <tag k='addr:housenumber' v='1126' />
    <tag k='addr:place' v='San Polo' />
  </node>
  <node id='-37870286' action='modify' visible='true' lat='45.43928052646' lon='12.3290433848'>
    <tag k='addr:housenumber' v='2259' />
    <tag k='addr:place' v='San Polo' />
  </node>
  <node id='-37870287' action='modify' visible='true' lat='45.43803657196' lon='12.33336615623'>
    <tag k='addr:housenumber' v='1029' />
    <tag k='addr:place' v='San Polo' />
  </node>
  <node id='-37870288' action='modify' visible='true' lat='45.43959572941' lon='12.33467897239'>
    <tag k='addr:housenumber' v='171' />
    <tag k='addr:place' v='San Polo' />
  </node>
  <node id='-37870289' action='modify' visible='true' lat='45.43751041009' lon='12.3281707457'>
    <tag k='addr:housenumber' v='2629' />
    <tag k='addr:place' v='San Polo' />
  </node>
  <node id='-37870290' action='modify' visible='true' lat='45.43933633486' lon='12.32894192316'>
    <tag k='addr:housenumber' v='2261' />
    <tag k='addr:place' v='San Polo' />
  </node>
  <node id='-37870291' action='modify' visible='true' lat='45.43952899419' lon='12.33490672711'>
    <tag k='addr:housenumber' v='161' />
    <tag k='addr:place' v='San Polo' />
  </node>
  <node id='-37870292' action='modify' visible='true' lat='45.43794488517' lon='12.33385726051'>
    <tag k='addr:housenumber' v='705' />
    <tag k='addr:place' v='San Polo' />
  </node>
  <node id='-37870293' action='modify' visible='true' lat='45.43714942899' lon='12.33119690178'>
    <tag k='addr:housenumber' v='1454' />
    <tag k='addr:place' v='San Polo' />
  </node>
  <node id='-37870294' action='modify' visible='true' lat='45.43733881506' lon='12.32956906165'>
    <tag k='addr:housenumber' v='2120' />
    <tag k='addr:place' v='San Polo' />
  </node>
  <node id='-37870295' action='modify' visible='true' lat='45.43829496422' lon='12.33527074225'>
    <tag k='addr:housenumber' v='72a' />
    <tag k='addr:place' v='San Polo' />
  </node>
  <node id='-37870296' action='modify' visible='true' lat='45.43807588919' lon='12.33506816685'>
    <tag k='addr:housenumber' v='536' />
    <tag k='addr:place' v='San Polo' />
  </node>
  <node id='-37870297' action='modify' visible='true' lat='45.4376613079' lon='12.33354101935'>
    <tag k='addr:housenumber' v='1092a' />
    <tag k='addr:place' v='San Polo' />
  </node>
  <node id='-37870298' action='modify' visible='true' lat='45.43747975783' lon='12.32741970792'>
    <tag k='addr:housenumber' v='2574' />
    <tag k='addr:place' v='San Polo' />
  </node>
  <node id='-37870299' action='modify' visible='true' lat='45.43835078924' lon='12.33418299961'>
    <tag k='addr:housenumber' v='608' />
    <tag k='addr:place' v='San Polo' />
  </node>
  <node id='-37870300' action='modify' visible='true' lat='45.43784383548' lon='12.33469630306'>
    <tag k='addr:housenumber' v='627' />
    <tag k='addr:place' v='San Polo' />
  </node>
  <node id='-37870301' action='modify' visible='true' lat='45.43876653309' lon='12.3318738913'>
    <tag k='addr:housenumber' v='1516a' />
    <tag k='addr:place' v='San Polo' />
  </node>
  <node id='-37870302' action='modify' visible='true' lat='45.43775010765' lon='12.33429007189'>
    <tag k='addr:housenumber' v='679' />
    <tag k='addr:place' v='San Polo' />
  </node>
  <node id='-37870303' action='modify' visible='true' lat='45.4378882518' lon='12.33352282997'>
    <tag k='addr:housenumber' v='1020' />
    <tag k='addr:place' v='San Polo' />
  </node>
  <node id='-37870304' action='modify' visible='true' lat='45.43587818892' lon='12.32875389392'>
    <tag k='addr:housenumber' v='2774' />
    <tag k='addr:place' v='San Polo' />
  </node>
  <node id='-37870305' action='modify' visible='true' lat='45.43947217882' lon='12.33481769618'>
    <tag k='addr:housenumber' v='179' />
    <tag k='addr:place' v='San Polo' />
  </node>
  <node id='-37870306' action='modify' visible='true' lat='45.43932680539' lon='12.33378731648'>
    <tag k='addr:housenumber' v='372' />
    <tag k='addr:place' v='San Polo' />
  </node>
  <node id='-37870307' action='modify' visible='true' lat='45.43824755802' lon='12.33076921616'>
    <tag k='addr:housenumber' v='1944' />
    <tag k='addr:place' v='San Polo' />
  </node>
  <node id='-37870308' action='modify' visible='true' lat='45.4389937393' lon='12.3330690363'>
    <tag k='addr:housenumber' v='871a' />
    <tag k='addr:place' v='San Polo' />
  </node>
  <node id='-37870309' action='modify' visible='true' lat='45.43718558554' lon='12.33117652155'>
    <tag k='addr:housenumber' v='1455' />
    <tag k='addr:place' v='San Polo' />
  </node>
  <node id='-37870310' action='modify' visible='true' lat='45.43876230402' lon='12.33174356174'>
    <tag k='addr:housenumber' v='1896' />
    <tag k='addr:place' v='San Polo' />
  </node>
  <node id='-37870311' action='modify' visible='true' lat='45.43943861642' lon='12.33289042497'>
    <tag k='addr:housenumber' v='1575' />
    <tag k='addr:place' v='San Polo' />
  </node>
  <node id='-37870312' action='modify' visible='true' lat='45.43769067355' lon='12.32805380216'>
    <tag k='addr:housenumber' v='2626' />
    <tag k='addr:place' v='San Polo' />
  </node>
  <node id='-37870313' action='modify' visible='true' lat='45.43712865908' lon='12.33274600386'>
    <tag k='addr:housenumber' v='1118' />
    <tag k='addr:place' v='San Polo' />
  </node>
  <node id='-37870314' action='modify' visible='true' lat='45.43834539965' lon='12.33498493601'>
    <tag k='addr:housenumber' v='519' />
    <tag k='addr:place' v='San Polo' />
  </node>
  <node id='-37870315' action='modify' visible='true' lat='45.43728874314' lon='12.33143464051'>
    <tag k='addr:housenumber' v='1397' />
    <tag k='addr:place' v='San Polo' />
  </node>
  <node id='-37870316' action='modify' visible='true' lat='45.43749743133' lon='12.33277563395'>
    <tag k='addr:housenumber' v='1129' />
    <tag k='addr:place' v='San Polo' />
  </node>
  <node id='-37870317' action='modify' visible='true' lat='45.4377582489' lon='12.33477746086'>
    <tag k='addr:housenumber' v='625' />
    <tag k='addr:place' v='San Polo' />
  </node>
  <node id='-37870318' action='modify' visible='true' lat='45.43947606016' lon='12.33192165078'>
    <tag k='addr:housenumber' v='1861a' />
    <tag k='addr:place' v='San Polo' />
  </node>
  <node id='-37870319' action='modify' visible='true' lat='45.43723801215' lon='12.32744441364'>
    <tag k='addr:housenumber' v='2591' />
    <tag k='addr:place' v='San Polo' />
  </node>
  <node id='-37870320' action='modify' visible='true' lat='45.4374869977' lon='12.33263380512'>
    <tag k='addr:housenumber' v='1143' />
    <tag k='addr:place' v='San Polo' />
  </node>
  <node id='-37870321' action='modify' visible='true' lat='45.4372060243' lon='12.33144274399'>
    <tag k='addr:housenumber' v='1407' />
    <tag k='addr:place' v='San Polo' />
  </node>
  <node id='-37870322' action='modify' visible='true' lat='45.43782174568' lon='12.3339693044'>
    <tag k='addr:housenumber' v='709' />
    <tag k='addr:place' v='San Polo' />
  </node>
  <node id='-37870323' action='modify' visible='true' lat='45.43846485118' lon='12.33508336575'>
    <tag k='addr:housenumber' v='491' />
    <tag k='addr:place' v='San Polo' />
  </node>
  <node id='-37870324' action='modify' visible='true' lat='45.43776454154' lon='12.33433437267'>
    <tag k='addr:housenumber' v='670' />
    <tag k='addr:place' v='San Polo' />
  </node>
  <node id='-37870325' action='modify' visible='true' lat='45.43789763094' lon='12.33161058165'>
    <tag k='addr:housenumber' v='1320' />
    <tag k='addr:place' v='San Polo' />
  </node>
  <node id='-37870326' action='modify' visible='true' lat='45.43877851957' lon='12.33343952656'>
    <tag k='addr:housenumber' v='846' />
    <tag k='addr:place' v='San Polo' />
  </node>
  <node id='-37870327' action='modify' visible='true' lat='45.4381843411' lon='12.3357769313'>
    <tag k='addr:housenumber' v='3' />
    <tag k='addr:place' v='San Polo' />
  </node>
  <node id='-37870328' action='modify' visible='true' lat='45.43852846032' lon='12.33488266914'>
    <tag k='addr:housenumber' v='507' />
    <tag k='addr:place' v='San Polo' />
  </node>
  <node id='-37870329' action='modify' visible='true' lat='45.43857719896' lon='12.33090653998'>
    <tag k='addr:housenumber' v='1939' />
    <tag k='addr:place' v='San Polo' />
  </node>
  <node id='-37870330' action='modify' visible='true' lat='45.4378583077' lon='12.33302964375'>
    <tag k='addr:housenumber' v='1041b' />
    <tag k='addr:place' v='San Polo' />
  </node>
  <node id='-37870331' action='modify' visible='true' lat='45.43758829565' lon='12.33248037487'>
    <tag k='addr:housenumber' v='1156' />
    <tag k='addr:place' v='San Polo' />
  </node>
  <node id='-37870332' action='modify' visible='true' lat='45.4374630906' lon='12.33280931621'>
    <tag k='addr:housenumber' v='1128' />
    <tag k='addr:place' v='San Polo' />
  </node>
  <node id='-37870333' action='modify' visible='true' lat='45.43856715639' lon='12.33312033622'>
    <tag k='addr:housenumber' v='954' />
    <tag k='addr:place' v='San Polo' />
  </node>
  <node id='-37870334' action='modify' visible='true' lat='45.4383853751' lon='12.33409584337'>
    <tag k='addr:housenumber' v='641' />
    <tag k='addr:place' v='San Polo' />
  </node>
  <node id='-37870335' action='modify' visible='true' lat='45.43750690681' lon='12.33425985933'>
    <tag k='addr:housenumber' v='720' />
    <tag k='addr:place' v='San Polo' />
  </node>
  <node id='-37870336' action='modify' visible='true' lat='45.43787168591' lon='12.33349182139'>
    <tag k='addr:housenumber' v='1023b' />
    <tag k='addr:place' v='San Polo' />
  </node>
  <node id='-37870337' action='modify' visible='true' lat='45.43771099479' lon='12.33406062657'>
    <tag k='addr:housenumber' v='714' />
    <tag k='addr:place' v='San Polo' />
  </node>
  <node id='-37870338' action='modify' visible='true' lat='45.43650803646' lon='12.33146795802'>
    <tag k='addr:housenumber' v='1428' />
    <tag k='addr:place' v='San Polo' />
  </node>
  <node id='-37870339' action='modify' visible='true' lat='45.43813266946' lon='12.33114495836'>
    <tag k='addr:housenumber' v='1503' />
    <tag k='addr:place' v='San Polo' />
  </node>
  <node id='-37870340' action='modify' visible='true' lat='45.43841047572' lon='12.33431499892'>
    <tag k='addr:housenumber' v='597' />
    <tag k='addr:place' v='San Polo' />
  </node>
  <node id='-37870341' action='modify' visible='true' lat='45.4384605097' lon='12.33463662135'>
    <tag k='addr:housenumber' v='552' />
    <tag k='addr:place' v='San Polo' />
  </node>
  <node id='-37870342' action='modify' visible='true' lat='45.4358916107' lon='12.32852213567'>
    <tag k='addr:housenumber' v='2778;2779' />
    <tag k='addr:place' v='San Polo' />
  </node>
  <node id='-37870343' action='modify' visible='true' lat='45.43945233898' lon='12.33293608827'>
    <tag k='addr:housenumber' v='1596' />
    <tag k='addr:place' v='San Polo' />
  </node>
  <node id='-37870344' action='modify' visible='true' lat='45.43716384166' lon='12.33147503159'>
    <tag k='addr:housenumber' v='1405' />
    <tag k='addr:place' v='San Polo' />
  </node>
  <node id='-37870345' action='modify' visible='true' lat='45.43723479419' lon='12.32807948014'>
    <tag k='addr:housenumber' v='2614' />
    <tag k='addr:place' v='San Polo' />
  </node>
  <node id='-37870346' action='modify' visible='true' lat='45.43898737403' lon='12.33486026702'>
    <tag k='addr:housenumber' v='113' />
    <tag k='addr:place' v='San Polo' />
  </node>
  <node id='-37870347' action='modify' visible='true' lat='45.43751112519' lon='12.32813292813'>
    <tag k='addr:housenumber' v='2619' />
    <tag k='addr:place' v='San Polo' />
  </node>
  <node id='-37870348' action='modify' visible='true' lat='45.43785307353' lon='12.33388549432'>
    <tag k='addr:housenumber' v='760' />
    <tag k='addr:place' v='San Polo' />
  </node>
  <node id='-37870349' action='modify' visible='true' lat='45.43816791185' lon='12.33326829139'>
    <tag k='addr:housenumber' v='1001' />
    <tag k='addr:place' v='San Polo' />
  </node>
  <node id='-37870350' action='modify' visible='true' lat='45.43760422305' lon='12.33444502881'>
    <tag k='addr:housenumber' v='676b' />
    <tag k='addr:place' v='San Polo' />
  </node>
  <node id='-37870351' action='modify' visible='true' lat='45.4384934463' lon='12.3345863793'>
    <tag k='addr:housenumber' v='553a' />
    <tag k='addr:place' v='San Polo' />
  </node>
  <node id='-37870352' action='modify' visible='true' lat='45.43738139508' lon='12.33149380064'>
    <tag k='addr:housenumber' v='1395' />
    <tag k='addr:place' v='San Polo' />
  </node>
  <node id='-37870353' action='modify' visible='true' lat='45.43602608255' lon='12.32842908232'>
    <tag k='addr:housenumber' v='2791' />
    <tag k='addr:place' v='San Polo' />
  </node>
  <node id='-37870354' action='modify' visible='true' lat='45.4371597149' lon='12.33350852173'>
    <tag k='addr:housenumber' v='1099a' />
    <tag k='addr:place' v='San Polo' />
  </node>
  <node id='-37870355' action='modify' visible='true' lat='45.43829466835' lon='12.33521037959'>
    <tag k='addr:housenumber' v='497' />
    <tag k='addr:place' v='San Polo' />
  </node>
  <node id='-37870356' action='modify' visible='true' lat='45.43801909509' lon='12.33515354623'>
    <tag k='addr:housenumber' v='533' />
    <tag k='addr:place' v='San Polo' />
  </node>
  <node id='-37870357' action='modify' visible='true' lat='45.43834381652' lon='12.33135154811'>
    <tag k='addr:housenumber' v='1512c' />
    <tag k='addr:place' v='San Polo' />
  </node>
  <node id='-37870358' action='modify' visible='true' lat='45.43728144073' lon='12.33253963746'>
    <tag k='addr:housenumber' v='1182' />
    <tag k='addr:place' v='San Polo' />
  </node>
  <node id='-37870359' action='modify' visible='true' lat='45.43808575394' lon='12.33493394015'>
    <tag k='addr:housenumber' v='538' />
    <tag k='addr:place' v='San Polo' />
  </node>
  <node id='-37870360' action='modify' visible='true' lat='45.43735274521' lon='12.33328911914'>
    <tag k='addr:housenumber' v='1105' />
    <tag k='addr:place' v='San Polo' />
  </node>
  <node id='-37870361' action='modify' visible='true' lat='45.43830864203' lon='12.33423229045'>
    <tag k='addr:housenumber' v='609' />
    <tag k='addr:place' v='San Polo' />
  </node>
  <node id='-37870362' action='modify' visible='true' lat='45.43858520417' lon='12.3355299385'>
    <tag k='addr:housenumber' v='135' />
    <tag k='addr:place' v='San Polo' />
  </node>
  <node id='-37870363' action='modify' visible='true' lat='45.43770857949' lon='12.33176290742'>
    <tag k='addr:housenumber' v='1313' />
    <tag k='addr:place' v='San Polo' />
  </node>
  <node id='-37870364' action='modify' visible='true' lat='45.43837443531' lon='12.33438469828'>
    <tag k='addr:housenumber' v='563' />
    <tag k='addr:place' v='San Polo' />
  </node>
  <node id='-37870365' action='modify' visible='true' lat='45.43765724028' lon='12.33444495727'>
    <tag k='addr:housenumber' v='674' />
    <tag k='addr:place' v='San Polo' />
  </node>
  <node id='-37870366' action='modify' visible='true' lat='45.43822398862' lon='12.33532688595'>
    <tag k='addr:housenumber' v='494' />
    <tag k='addr:place' v='San Polo' />
  </node>
  <node id='-37870367' action='modify' visible='true' lat='45.43818110853' lon='12.33331101527'>
    <tag k='addr:housenumber' v='976' />
    <tag k='addr:place' v='San Polo' />
  </node>
  <node id='-37870368' action='modify' visible='true' lat='45.43732640171' lon='12.33272192499'>
    <tag k='addr:housenumber' v='1147' />
    <tag k='addr:place' v='San Polo' />
  </node>
  <node id='-37870369' action='modify' visible='true' lat='45.43770937167' lon='12.33314767201'>
    <tag k='addr:housenumber' v='1054a' />
    <tag k='addr:place' v='San Polo' />
  </node>
  <node id='-37870370' action='modify' visible='true' lat='45.43827380641' lon='12.33392747164'>
    <tag k='addr:housenumber' v='656' />
    <tag k='addr:place' v='San Polo' />
  </node>
  <node id='-37870371' action='modify' visible='true' lat='45.43740207506' lon='12.33211876658'>
    <tag k='addr:housenumber' v='1192' />
    <tag k='addr:place' v='San Polo' />
  </node>
  <node id='-37870372' action='modify' visible='true' lat='45.43753451971' lon='12.32815501482'>
    <tag k='addr:housenumber' v='2628' />
    <tag k='addr:place' v='San Polo' />
  </node>
  <node id='-37870373' action='modify' visible='true' lat='45.437867158' lon='12.33470032864'>
    <tag k='addr:housenumber' v='621' />
    <tag k='addr:place' v='San Polo' />
  </node>
  <node id='-37870374' action='modify' visible='true' lat='45.4384825896' lon='12.33494929358'>
    <tag k='addr:housenumber' v='505' />
    <tag k='addr:place' v='San Polo' />
  </node>
  <node id='-37870375' action='modify' visible='true' lat='45.43837004188' lon='12.33411358381'>
    <tag k='addr:housenumber' v='640' />
    <tag k='addr:place' v='San Polo' />
  </node>
  <node id='-37870376' action='modify' visible='true' lat='45.43790343749' lon='12.33389576172'>
    <tag k='addr:housenumber' v='707' />
    <tag k='addr:place' v='San Polo' />
  </node>
  <node id='-37870377' action='modify' visible='true' lat='45.437880862' lon='12.33300359937'>
    <tag k='addr:housenumber' v='1041a' />
    <tag k='addr:place' v='San Polo' />
  </node>
  <node id='-37870378' action='modify' visible='true' lat='45.43821536022' lon='12.33493291284'>
    <tag k='addr:housenumber' v='544' />
    <tag k='addr:place' v='San Polo' />
  </node>
  <node id='-37870379' action='modify' visible='true' lat='45.4372702626' lon='12.3331655505'>
    <tag k='addr:housenumber' v='1106' />
    <tag k='addr:place' v='San Polo' />
  </node>
  <node id='-37870380' action='modify' visible='true' lat='45.43796082628' lon='12.33485554895'>
    <tag k='addr:housenumber' v='584' />
    <tag k='addr:place' v='San Polo' />
  </node>
  <node id='-37870381' action='modify' visible='true' lat='45.43728354512' lon='12.33343406139'>
    <tag k='addr:housenumber' v='1102a' />
    <tag k='addr:place' v='San Polo' />
  </node>
  <node id='-37870382' action='modify' visible='true' lat='45.43825877322' lon='12.33525794577'>
    <tag k='addr:housenumber' v='495' />
    <tag k='addr:place' v='San Polo' />
  </node>
  <node id='-37870383' action='modify' visible='true' lat='45.43795303503' lon='12.33462182012'>
    <tag k='addr:housenumber' v='618a' />
    <tag k='addr:place' v='San Polo' />
  </node>
  <node id='-37870384' action='modify' visible='true' lat='45.4382528308' lon='12.33151123455'>
    <tag k='addr:housenumber' v='1511' />
    <tag k='addr:place' v='San Polo' />
  </node>
  <node id='-37870385' action='modify' visible='true' lat='45.43940974576' lon='12.3334050709'>
    <tag k='addr:housenumber' v='363' />
    <tag k='addr:place' v='San Polo' />
  </node>
  <node id='-37870386' action='modify' visible='true' lat='45.43806345391' lon='12.33475596303'>
    <tag k='addr:housenumber' v='588' />
    <tag k='addr:place' v='San Polo' />
  </node>
  <node id='-37870387' action='modify' visible='true' lat='45.43740811168' lon='12.33286395314'>
    <tag k='addr:housenumber' v='1127' />
    <tag k='addr:place' v='San Polo' />
  </node>
  <node id='-37870388' action='modify' visible='true' lat='45.43750205167' lon='12.33279700145'>
    <tag k='addr:housenumber' v='1084' />
    <tag k='addr:place' v='San Polo' />
  </node>
  <node id='-37870389' action='modify' visible='true' lat='45.43845823903' lon='12.33405633025'>
    <tag k='addr:housenumber' v='604' />
    <tag k='addr:place' v='San Polo' />
  </node>
  <node id='-37870390' action='modify' visible='true' lat='45.43899333215' lon='12.33534491534'>
    <tag k='addr:housenumber' v='145' />
    <tag k='addr:place' v='San Polo' />
  </node>
  <node id='-37870391' action='modify' visible='true' lat='45.4370758368' lon='12.32929474627'>
    <tag k='addr:housenumber' v='2113' />
    <tag k='addr:place' v='San Polo' />
  </node>
  <node id='-37870392' action='modify' visible='true' lat='45.43689942212' lon='12.33122992284'>
    <tag k='addr:housenumber' v='1422' />
    <tag k='addr:place' v='San Polo' />
  </node>
  <node id='-37870393' action='modify' visible='true' lat='45.43804119443' lon='12.33353761379'>
    <tag k='addr:housenumber' v='1012' />
    <tag k='addr:place' v='San Polo' />
  </node>
  <node id='-37870394' action='modify' visible='true' lat='45.43745863959' lon='12.32820454103'>
    <tag k='addr:housenumber' v='2630b' />
    <tag k='addr:place' v='San Polo' />
  </node>
  <node id='-37870395' action='modify' visible='true' lat='45.43822747431' lon='12.33327397952'>
    <tag k='addr:housenumber' v='978' />
    <tag k='addr:place' v='San Polo' />
  </node>
  <node id='-37870396' action='modify' visible='true' lat='45.43779544345' lon='12.33424229857'>
    <tag k='addr:housenumber' v='681' />
    <tag k='addr:place' v='San Polo' />
  </node>
  <node id='-37870397' action='modify' visible='true' lat='45.43841397732' lon='12.33470632003'>
    <tag k='addr:housenumber' v='549' />
    <tag k='addr:place' v='San Polo' />
  </node>
  <node id='-37870398' action='modify' visible='true' lat='45.43748454828' lon='12.33204720702'>
    <tag k='addr:housenumber' v='1191a' />
    <tag k='addr:place' v='San Polo' />
  </node>
  <node id='-37870399' action='modify' visible='true' lat='45.43824898703' lon='12.33357370538'>
    <tag k='addr:housenumber' v='789a' />
    <tag k='addr:place' v='San Polo' />
  </node>
  <node id='-37870400' action='modify' visible='true' lat='45.4390080077' lon='12.33304506261'>
    <tag k='addr:housenumber' v='875b' />
    <tag k='addr:place' v='San Polo' />
  </node>
  <node id='-37870401' action='modify' visible='true' lat='45.43866476215' lon='12.33393566279'>
    <tag k='addr:housenumber' v='471' />
    <tag k='addr:place' v='San Polo' />
  </node>
  <node id='-37870402' action='modify' visible='true' lat='45.43793442262' lon='12.33202750803'>
    <tag k='addr:housenumber' v='1288' />
    <tag k='addr:place' v='San Polo' />
  </node>
  <node id='-37870403' action='modify' visible='true' lat='45.43862695682' lon='12.33338419667'>
    <tag k='addr:housenumber' v='885' />
    <tag k='addr:place' v='San Polo' />
  </node>
  <node id='-37870404' action='modify' visible='true' lat='45.43684346839' lon='12.33151651048'>
    <tag k='addr:housenumber' v='1385' />
    <tag k='addr:place' v='San Polo' />
  </node>
  <node id='-37870405' action='modify' visible='true' lat='45.43738578971' lon='12.33372625528'>
    <tag k='addr:housenumber' v='1095' />
    <tag k='addr:place' v='San Polo' />
  </node>
  <node id='-37870406' action='modify' visible='true' lat='45.43835808531' lon='12.33400709541'>
    <tag k='addr:housenumber' v='645' />
    <tag k='addr:place' v='San Polo' />
  </node>
  <node id='-37870407' action='modify' visible='true' lat='45.43924357617' lon='12.33358243933'>
    <tag k='addr:housenumber' v='369a' />
    <tag k='addr:place' v='San Polo' />
  </node>
  <node id='-37870408' action='modify' visible='true' lat='45.43937515379' lon='12.3349621512'>
    <tag k='addr:housenumber' v='184' />
    <tag k='addr:place' v='San Polo' />
  </node>
  <node id='-37870409' action='modify' visible='true' lat='45.43736191715' lon='12.3326726372'>
    <tag k='addr:housenumber' v='1149' />
    <tag k='addr:place' v='San Polo' />
  </node>
  <node id='-37870410' action='modify' visible='true' lat='45.43733804562' lon='12.33153147599'>
    <tag k='addr:housenumber' v='1346' />
    <tag k='addr:place' v='San Polo' />
  </node>
  <node id='-37870411' action='modify' visible='true' lat='45.43825561891' lon='12.33469726038'>
    <tag k='addr:housenumber' v='541b' />
    <tag k='addr:place' v='San Polo' />
  </node>
  <node id='-37870412' action='modify' visible='true' lat='45.43789942529' lon='12.33467083208'>
    <tag k='addr:housenumber' v='619' />
    <tag k='addr:place' v='San Polo' />
  </node>
  <node id='-37870413' action='modify' visible='true' lat='45.43812950734' lon='12.33467093239'>
    <tag k='addr:housenumber' v='590' />
    <tag k='addr:place' v='San Polo' />
  </node>
  <node id='-37870414' action='modify' visible='true' lat='45.43757418815' lon='12.33447579842'>
    <tag k='addr:housenumber' v='676a' />
    <tag k='addr:place' v='San Polo' />
  </node>
  <node id='-37870415' action='modify' visible='true' lat='45.43847712068' lon='12.33461192163'>
    <tag k='addr:housenumber' v='553' />
    <tag k='addr:place' v='San Polo' />
  </node>
  <node id='-37870416' action='modify' visible='true' lat='45.43753142215' lon='12.32336739532'>
    <tag k='addr:housenumber' v='3081' />
    <tag k='addr:place' v='San Polo' />
  </node>
  <node id='-37870417' action='modify' visible='true' lat='45.43760837226' lon='12.32942179545'>
    <tag k='addr:housenumber' v='2125' />
    <tag k='addr:place' v='San Polo' />
  </node>
  <node id='-37870418' action='modify' visible='true' lat='45.4380830724' lon='12.32841409513'>
    <tag k='addr:housenumber' v='2334' />
    <tag k='addr:place' v='San Polo' />
  </node>
  <node id='-37870419' action='modify' visible='true' lat='45.43680277884' lon='12.33154336135'>
    <tag k='addr:housenumber' v='1384' />
    <tag k='addr:place' v='San Polo' />
  </node>
  <node id='-37870420' action='modify' visible='true' lat='45.43703681989' lon='12.32934946951'>
    <tag k='addr:housenumber' v='2117' />
    <tag k='addr:place' v='San Polo' />
  </node>
  <node id='-37870421' action='modify' visible='true' lat='45.43808733308' lon='12.33511229428'>
    <tag k='addr:housenumber' v='529' />
    <tag k='addr:place' v='San Polo' />
  </node>
  <node id='-37870422' action='modify' visible='true' lat='45.43922976178' lon='12.32912832523'>
    <tag k='addr:housenumber' v='2258' />
    <tag k='addr:place' v='San Polo' />
  </node>
  <node id='-37870423' action='modify' visible='true' lat='45.43666968792' lon='12.33130823371'>
    <tag k='addr:housenumber' v='1431' />
    <tag k='addr:place' v='San Polo' />
  </node>
  <node id='-37870424' action='modify' visible='true' lat='45.43713414751' lon='12.32770556247'>
    <tag k='addr:housenumber' v='2587' />
    <tag k='addr:place' v='San Polo' />
  </node>
  <node id='-37870425' action='modify' visible='true' lat='45.43752957049' lon='12.328120587'>
    <tag k='addr:housenumber' v='2620' />
    <tag k='addr:place' v='San Polo' />
  </node>
  <node id='-37870426' action='modify' visible='true' lat='45.43840009386' lon='12.33407730721'>
    <tag k='addr:housenumber' v='642' />
    <tag k='addr:place' v='San Polo' />
  </node>
  <node id='-37870427' action='modify' visible='true' lat='45.4376976241' lon='12.33213758943'>
    <tag k='addr:housenumber' v='1249b' />
    <tag k='addr:place' v='San Polo' />
  </node>
  <node id='-37870428' action='modify' visible='true' lat='45.43767698203' lon='12.33240199219'>
    <tag k='addr:housenumber' v='1159' />
    <tag k='addr:place' v='San Polo' />
  </node>
  <node id='-37870429' action='modify' visible='true' lat='45.43798916428' lon='12.3348747629'>
    <tag k='addr:housenumber' v='577' />
    <tag k='addr:place' v='San Polo' />
  </node>
  <node id='-37870430' action='modify' visible='true' lat='45.43910731053' lon='12.33161468424'>
    <tag k='addr:housenumber' v='1867' />
    <tag k='addr:place' v='San Polo' />
  </node>
  <node id='-37870431' action='modify' visible='true' lat='45.43716413393' lon='12.32767375412'>
    <tag k='addr:housenumber' v='2588' />
    <tag k='addr:place' v='San Polo' />
  </node>
  <node id='-37870432' action='modify' visible='true' lat='45.4360066455' lon='12.32659033813'>
    <tag k='addr:housenumber' v='2927' />
    <tag k='addr:place' v='San Polo' />
  </node>
  <node id='-37870433' action='modify' visible='true' lat='45.43754205751' lon='12.33461607471'>
    <tag k='addr:housenumber' v='739a' />
    <tag k='addr:place' v='San Polo' />
  </node>
  <node id='-37870434' action='modify' visible='true' lat='45.44016568062' lon='12.33292439719'>
    <tag k='addr:housenumber' v='1772' />
    <tag k='addr:place' v='San Polo' />
  </node>
  <node id='-37870435' action='modify' visible='true' lat='45.43752452479' lon='12.33162457925'>
    <tag k='addr:housenumber' v='1338a' />
    <tag k='addr:place' v='San Polo' />
  </node>
  <node id='-37870436' action='modify' visible='true' lat='45.43685574325' lon='12.3246461236'>
    <tag k='addr:housenumber' v='3101' />
    <tag k='addr:place' v='San Polo' />
  </node>
  <node id='-37870437' action='modify' visible='true' lat='45.43776375321' lon='12.33479967992'>
    <tag k='addr:housenumber' v='623' />
    <tag k='addr:place' v='San Polo' />
  </node>
  <node id='-37870438' action='modify' visible='true' lat='45.43805357171' lon='12.33119561556'>
    <tag k='addr:housenumber' v='1502a' />
    <tag k='addr:place' v='San Polo' />
  </node>
  <node id='-37870439' action='modify' visible='true' lat='45.439932509' lon='12.33389328439'>
    <tag k='addr:housenumber' v='339' />
    <tag k='addr:place' v='San Polo' />
  </node>
  <node id='-37870440' action='modify' visible='true' lat='45.43844777816' lon='12.33499452217'>
    <tag k='addr:housenumber' v='504' />
    <tag k='addr:place' v='San Polo' />
  </node>
  <node id='-37870441' action='modify' visible='true' lat='45.43850574643' lon='12.33172771855'>
    <tag k='addr:housenumber' v='1522' />
    <tag k='addr:place' v='San Polo' />
  </node>
  <node id='-37870442' action='modify' visible='true' lat='45.4377838121' lon='12.33220937864'>
    <tag k='addr:housenumber' v='1251' />
    <tag k='addr:place' v='San Polo' />
  </node>
  <node id='-37870443' action='modify' visible='true' lat='45.43792806077' lon='12.32924258139'>
    <tag k='addr:housenumber' v='2129' />
    <tag k='addr:place' v='San Polo' />
  </node>
  <node id='-37870444' action='modify' visible='true' lat='45.44004432853' lon='12.33309391591'>
    <tag k='addr:housenumber' v='1640' />
    <tag k='addr:place' v='San Polo' />
  </node>
  <node id='-37870445' action='modify' visible='true' lat='45.43880168434' lon='12.32822742343'>
    <tag k='addr:housenumber' v='2304' />
    <tag k='addr:place' v='San Polo' />
  </node>
  <node id='-37870446' action='modify' visible='true' lat='45.43827873286' lon='12.33551095797'>
    <tag k='addr:housenumber' v='21' />
    <tag k='addr:place' v='San Polo' />
  </node>
  <node id='-37870447' action='modify' visible='true' lat='45.43855543261' lon='12.33124948881'>
    <tag k='addr:housenumber' v='1515a' />
    <tag k='addr:place' v='San Polo' />
  </node>
  <node id='-37870448' action='modify' visible='true' lat='45.43835930899' lon='12.32520711794'>
    <tag k='addr:housenumber' v='2458' />
    <tag k='addr:place' v='San Polo' />
  </node>
  <node id='-37870449' action='modify' visible='true' lat='45.43814436294' lon='12.33192849369'>
    <tag k='addr:housenumber' v='1278' />
    <tag k='addr:place' v='San Polo' />
  </node>
  <node id='-37870450' action='modify' visible='true' lat='45.43695335525' lon='12.32926159812'>
    <tag k='addr:housenumber' v='2103' />
    <tag k='addr:place' v='San Polo' />
  </node>
  <node id='-37870451' action='modify' visible='true' lat='45.43873453862' lon='12.33395364837'>
    <tag k='addr:housenumber' v='439' />
    <tag k='addr:place' v='San Polo' />
  </node>
  <node id='-37870452' action='modify' visible='true' lat='45.43760533911' lon='12.33058234853'>
    <tag k='addr:housenumber' v='1955' />
    <tag k='addr:place' v='San Polo' />
  </node>
  <node id='-37870453' action='modify' visible='true' lat='45.43768667945' lon='12.33407883286'>
    <tag k='addr:housenumber' v='715' />
    <tag k='addr:place' v='San Polo' />
  </node>
  <node id='-37870454' action='modify' visible='true' lat='45.43854353719' lon='12.32616947778'>
    <tag k='addr:housenumber' v='2448a' />
    <tag k='addr:place' v='San Polo' />
  </node>
  <node id='-37870455' action='modify' visible='true' lat='45.43634440148' lon='12.32984902347'>
    <tag k='addr:housenumber' v='2043' />
    <tag k='addr:place' v='San Polo' />
  </node>
  <node id='-37870456' action='modify' visible='true' lat='45.4378702593' lon='12.32884419836'>
    <tag k='addr:housenumber' v='2133' />
    <tag k='addr:place' v='San Polo' />
  </node>
  <node id='-37870457' action='modify' visible='true' lat='45.43869580685' lon='12.33124255719'>
    <tag k='addr:housenumber' v='1923' />
    <tag k='addr:place' v='San Polo' />
  </node>
  <node id='-37870458' action='modify' visible='true' lat='45.43750960262' lon='12.33239591927'>
    <tag k='addr:housenumber' v='1164' />
    <tag k='addr:place' v='San Polo' />
  </node>
  <node id='-37870459' action='modify' visible='true' lat='45.4363333431' lon='12.32670545477'>
    <tag k='addr:housenumber' v='2941' />
    <tag k='addr:place' v='San Polo' />
  </node>
  <node id='-37870460' action='modify' visible='true' lat='45.43998103658' lon='12.33302979222'>
    <tag k='addr:housenumber' v='1637' />
    <tag k='addr:place' v='San Polo' />
  </node>
  <node id='-37870461' action='modify' visible='true' lat='45.44021506281' lon='12.33239075344'>
    <tag k='addr:housenumber' v='1816' />
    <tag k='addr:place' v='San Polo' />
  </node>
  <node id='-37870462' action='modify' visible='true' lat='45.43731613902' lon='12.32802734947'>
    <tag k='addr:housenumber' v='2612' />
    <tag k='addr:place' v='San Polo' />
  </node>
  <node id='-37870463' action='modify' visible='true' lat='45.43810272508' lon='12.33487800346'>
    <tag k='addr:housenumber' v='540' />
    <tag k='addr:place' v='San Polo' />
  </node>
  <node id='-37870464' action='modify' visible='true' lat='45.43661531024' lon='12.33171155593'>
    <tag k='addr:housenumber' v='1381' />
    <tag k='addr:place' v='San Polo' />
  </node>
  <node id='-37870465' action='modify' visible='true' lat='45.44017294668' lon='12.33288437901'>
    <tag k='addr:housenumber' v='1793' />
    <tag k='addr:place' v='San Polo' />
  </node>
  <node id='-37870466' action='modify' visible='true' lat='45.43838608008' lon='12.33366945896'>
    <tag k='addr:housenumber' v='804' />
    <tag k='addr:place' v='San Polo' />
  </node>
  <node id='-37870467' action='modify' visible='true' lat='45.44029700904' lon='12.33312436585'>
    <tag k='addr:housenumber' v='1775' />
    <tag k='addr:place' v='San Polo' />
  </node>
  <node id='-37870468' action='modify' visible='true' lat='45.43710484186' lon='12.33004671714'>
    <tag k='addr:housenumber' v='2017' />
    <tag k='addr:place' v='San Polo' />
  </node>
  <node id='-37870469' action='modify' visible='true' lat='45.43671623068' lon='12.33043842692'>
    <tag k='addr:housenumber' v='2002' />
    <tag k='addr:place' v='San Polo' />
  </node>
  <node id='-37870470' action='modify' visible='true' lat='45.43736719348' lon='12.33045039345'>
    <tag k='addr:housenumber' v='1960a' />
    <tag k='addr:place' v='San Polo' />
  </node>
  <node id='-37870471' action='modify' visible='true' lat='45.43892167459' lon='12.33521074929'>
    <tag k='addr:housenumber' v='119a' />
    <tag k='addr:place' v='San Polo' />
  </node>
  <node id='-37870472' action='modify' visible='true' lat='45.43791598922' lon='12.33344471278'>
    <tag k='addr:housenumber' v='1024a' />
    <tag k='addr:place' v='San Polo' />
  </node>
  <node id='-37870473' action='modify' visible='true' lat='45.43836891948' lon='12.332369005'>
    <tag k='addr:housenumber' v='943' />
    <tag k='addr:place' v='San Polo' />
  </node>
  <node id='-37870474' action='modify' visible='true' lat='45.43710316691' lon='12.33004837903'>
    <tag k='addr:housenumber' v='2018' />
    <tag k='addr:place' v='San Polo' />
  </node>
  <node id='-37870475' action='modify' visible='true' lat='45.43704019651' lon='12.32922928684'>
    <tag k='addr:housenumber' v='2111' />
    <tag k='addr:place' v='San Polo' />
  </node>
  <node id='-37870476' action='modify' visible='true' lat='45.43809760168' lon='12.32769877757'>
    <tag k='addr:housenumber' v='2515' />
    <tag k='addr:place' v='San Polo' />
  </node>
  <node id='-37870477' action='modify' visible='true' lat='45.43867178912' lon='12.33494544943'>
    <tag k='addr:housenumber' v='37' />
    <tag k='addr:place' v='San Polo' />
  </node>
  <node id='-37870478' action='modify' visible='true' lat='45.43748475768' lon='12.32714145753'>
    <tag k='addr:housenumber' v='2559' />
    <tag k='addr:place' v='San Polo' />
  </node>
  <node id='-37870479' action='modify' visible='true' lat='45.43804499844' lon='12.33341550742'>
    <tag k='addr:housenumber' v='1015a' />
    <tag k='addr:place' v='San Polo' />
  </node>
  <node id='-37870480' action='modify' visible='true' lat='45.43855694326' lon='12.33130477938'>
    <tag k='addr:housenumber' v='1515' />
    <tag k='addr:place' v='San Polo' />
  </node>
  <node id='-37870481' action='modify' visible='true' lat='45.43891088228' lon='12.33373956186'>
    <tag k='addr:housenumber' v='817a' />
    <tag k='addr:place' v='San Polo' />
  </node>
  <node id='-37870482' action='modify' visible='true' lat='45.4394457238' lon='12.33424450096'>
    <tag k='addr:housenumber' v='290' />
    <tag k='addr:place' v='San Polo' />
  </node>
  <node id='-37870483' action='modify' visible='true' lat='45.43801174909' lon='12.32324138869'>
    <tag k='addr:housenumber' v='3080n' />
    <tag k='addr:place' v='San Polo' />
  </node>
  <node id='-37870484' action='modify' visible='true' lat='45.43816829767' lon='12.32465258654'>
    <tag k='addr:housenumber' v='3080e' />
    <tag k='addr:place' v='San Polo' />
  </node>
  <node id='-37870485' action='modify' visible='true' lat='45.43882442696' lon='12.33372713295'>
    <tag k='addr:housenumber' v='444' />
    <tag k='addr:place' v='San Polo' />
  </node>
  <node id='-37870486' action='modify' visible='true' lat='45.43723059308' lon='12.32811727356'>
    <tag k='addr:housenumber' v='2614a' />
    <tag k='addr:place' v='San Polo' />
  </node>
  <node id='-37870487' action='modify' visible='true' lat='45.43816883093' lon='12.32696398042'>
    <tag k='addr:housenumber' v='2499' />
    <tag k='addr:place' v='San Polo' />
  </node>
  <node id='-37870488' action='modify' visible='true' lat='45.43725933653' lon='12.33141360414'>
    <tag k='addr:housenumber' v='1409' />
    <tag k='addr:place' v='San Polo' />
  </node>
  <node id='-37870489' action='modify' visible='true' lat='45.43748430358' lon='12.32341291503'>
    <tag k='addr:housenumber' v='3084b' />
    <tag k='addr:place' v='San Polo' />
  </node>
  <node id='-37870490' action='modify' visible='true' lat='45.43827748565' lon='12.33508320245'>
    <tag k='addr:housenumber' v='523' />
    <tag k='addr:place' v='San Polo' />
  </node>
  <node id='-37870491' action='modify' visible='true' lat='45.43757257256' lon='12.33196010105'>
    <tag k='addr:housenumber' v='1232' />
    <tag k='addr:place' v='San Polo' />
  </node>
  <node id='-37870492' action='modify' visible='true' lat='45.43788093948' lon='12.33463822269'>
    <tag k='addr:housenumber' v='628' />
    <tag k='addr:place' v='San Polo' />
  </node>
  <node id='-37870493' action='modify' visible='true' lat='45.43864188575' lon='12.3334052003'>
    <tag k='addr:housenumber' v='811' />
    <tag k='addr:place' v='San Polo' />
  </node>
  <node id='-37870494' action='modify' visible='true' lat='45.43739422687' lon='12.33105094338'>
    <tag k='addr:housenumber' v='1469' />
    <tag k='addr:place' v='San Polo' />
  </node>
  <node id='-37870495' action='modify' visible='true' lat='45.43821854275' lon='12.3347474766'>
    <tag k='addr:housenumber' v='541a' />
    <tag k='addr:place' v='San Polo' />
  </node>
  <node id='-37870496' action='modify' visible='true' lat='45.43867996874' lon='12.33330365661'>
    <tag k='addr:housenumber' v='884c' />
    <tag k='addr:place' v='San Polo' />
  </node>
  <node id='-37870497' action='modify' visible='true' lat='45.43672052361' lon='12.32672826761'>
    <tag k='addr:housenumber' v='3009' />
    <tag k='addr:place' v='San Polo' />
  </node>
  <node id='-37870498' action='modify' visible='true' lat='45.43785434918' lon='12.33271405279'>
    <tag k='addr:housenumber' v='1075' />
    <tag k='addr:place' v='San Polo' />
  </node>
  <node id='-37870499' action='modify' visible='true' lat='45.43901722657' lon='12.33317443359'>
    <tag k='addr:housenumber' v='871' />
    <tag k='addr:place' v='San Polo' />
  </node>
  <node id='-37870500' action='modify' visible='true' lat='45.43904174067' lon='12.3315740853'>
    <tag k='addr:housenumber' v='1871' />
    <tag k='addr:place' v='San Polo' />
  </node>
  <node id='-37870501' action='modify' visible='true' lat='45.4390983519' lon='12.33427238624'>
    <tag k='addr:housenumber' v='380' />
    <tag k='addr:place' v='San Polo' />
  </node>
  <node id='-37870502' action='modify' visible='true' lat='45.43729583693' lon='12.32725268771'>
    <tag k='addr:housenumber' v='2565' />
    <tag k='addr:place' v='San Polo' />
  </node>
  <node id='-37870503' action='modify' visible='true' lat='45.43616630356' lon='12.32626364091'>
    <tag k='addr:housenumber' v='3021' />
    <tag k='addr:place' v='San Polo' />
  </node>
  <node id='-37870504' action='modify' visible='true' lat='45.43949809176' lon='12.33360493132'>
    <tag k='addr:housenumber' v='357' />
    <tag k='addr:place' v='San Polo' />
  </node>
  <node id='-37870505' action='modify' visible='true' lat='45.43595703388' lon='12.32617322937'>
    <tag k='addr:housenumber' v='2933' />
    <tag k='addr:place' v='San Polo' />
  </node>
  <node id='-37870506' action='modify' visible='true' lat='45.43935351607' lon='12.33414483156'>
    <tag k='addr:housenumber' v='294' />
    <tag k='addr:place' v='San Polo' />
  </node>
  <node id='-37870507' action='modify' visible='true' lat='45.43651847892' lon='12.32555763377'>
    <tag k='addr:housenumber' v='3114' />
    <tag k='addr:place' v='San Polo' />
  </node>
  <node id='-37870508' action='modify' visible='true' lat='45.43811785021' lon='12.32840555678'>
    <tag k='addr:housenumber' v='2333' />
    <tag k='addr:place' v='San Polo' />
  </node>
  <node id='-37870509' action='modify' visible='true' lat='45.43707402235' lon='12.33241168719'>
    <tag k='addr:housenumber' v='1177' />
    <tag k='addr:place' v='San Polo' />
  </node>
  <node id='-37870510' action='modify' visible='true' lat='45.43680086523' lon='12.32901458761'>
    <tag k='addr:housenumber' v='2741' />
    <tag k='addr:place' v='San Polo' />
  </node>
  <node id='-37870511' action='modify' visible='true' lat='45.43642468021' lon='12.32713180343'>
    <tag k='addr:housenumber' v='2957' />
    <tag k='addr:place' v='San Polo' />
  </node>
  <node id='-37870512' action='modify' visible='true' lat='45.4370985802' lon='12.33061535219'>
    <tag k='addr:housenumber' v='1975' />
    <tag k='addr:place' v='San Polo' />
  </node>
  <node id='-37870513' action='modify' visible='true' lat='45.43854325386' lon='12.33416006986'>
    <tag k='addr:housenumber' v='561a' />
    <tag k='addr:place' v='San Polo' />
  </node>
  <node id='-37870514' action='modify' visible='true' lat='45.43877209078' lon='12.33376282665'>
    <tag k='addr:housenumber' v='446a' />
    <tag k='addr:place' v='San Polo' />
  </node>
  <node id='-37870515' action='modify' visible='true' lat='45.43655144213' lon='12.32728088338'>
    <tag k='addr:housenumber' v='2977' />
    <tag k='addr:place' v='San Polo' />
  </node>
  <node id='-37870516' action='modify' visible='true' lat='45.43742414822' lon='12.32854467249'>
    <tag k='addr:housenumber' v='2653a' />
    <tag k='addr:place' v='San Polo' />
  </node>
  <node id='-37870517' action='modify' visible='true' lat='45.43840648065' lon='12.33212670444'>
    <tag k='addr:housenumber' v='936' />
    <tag k='addr:place' v='San Polo' />
  </node>
  <node id='-37870518' action='modify' visible='true' lat='45.43797076831' lon='12.32645964242'>
    <tag k='addr:housenumber' v='2485' />
    <tag k='addr:place' v='San Polo' />
  </node>
  <node id='-37870519' action='modify' visible='true' lat='45.43764688047' lon='12.32808219528'>
    <tag k='addr:housenumber' v='2626a' />
    <tag k='addr:place' v='San Polo' />
  </node>
  <node id='-37870520' action='modify' visible='true' lat='45.4368778519' lon='12.3304193346'>
    <tag k='addr:housenumber' v='1999' />
    <tag k='addr:place' v='San Polo' />
  </node>
  <node id='-37870521' action='modify' visible='true' lat='45.43720824992' lon='12.33099204567'>
    <tag k='addr:housenumber' v='1459' />
    <tag k='addr:place' v='San Polo' />
  </node>
  <node id='-37870522' action='modify' visible='true' lat='45.43764342625' lon='12.32443657915'>
    <tag k='addr:housenumber' v='3078p' />
    <tag k='addr:place' v='San Polo' />
  </node>
  <node id='-37870523' action='modify' visible='true' lat='45.43944522636' lon='12.33270334226'>
    <tag k='addr:housenumber' v='1701' />
    <tag k='addr:place' v='San Polo' />
  </node>
  <node id='-37870524' action='modify' visible='true' lat='45.43704443908' lon='12.33061595821'>
    <tag k='addr:housenumber' v='1987' />
    <tag k='addr:place' v='San Polo' />
  </node>
  <node id='-37870525' action='modify' visible='true' lat='45.43703663402' lon='12.3242129194'>
    <tag k='addr:housenumber' v='3088' />
    <tag k='addr:place' v='San Polo' />
  </node>
  <node id='-37870526' action='modify' visible='true' lat='45.43698583776' lon='12.33030330436'>
    <tag k='addr:housenumber' v='2009a' />
    <tag k='addr:place' v='San Polo' />
  </node>
  <node id='-37870527' action='modify' visible='true' lat='45.43711652488' lon='12.33059743886'>
    <tag k='addr:housenumber' v='1988' />
    <tag k='addr:place' v='San Polo' />
  </node>
  <node id='-37870528' action='modify' visible='true' lat='45.43837696375' lon='12.33225123472'>
    <tag k='addr:housenumber' v='933' />
    <tag k='addr:place' v='San Polo' />
  </node>
  <node id='-37870529' action='modify' visible='true' lat='45.4363630513' lon='12.32642383075'>
    <tag k='addr:housenumber' v='3020' />
    <tag k='addr:place' v='San Polo' />
  </node>
  <node id='-37870530' action='modify' visible='true' lat='45.43889746438' lon='12.32905092642'>
    <tag k='addr:housenumber' v='2236' />
    <tag k='addr:place' v='San Polo' />
  </node>
  <node id='-37870531' action='modify' visible='true' lat='45.43833318888' lon='12.32415081445'>
    <tag k='addr:housenumber' v='2464e' />
    <tag k='addr:place' v='San Polo' />
  </node>
  <node id='-37870532' action='modify' visible='true' lat='45.43790196779' lon='12.33347298249'>
    <tag k='addr:housenumber' v='1024' />
    <tag k='addr:place' v='San Polo' />
  </node>
  <node id='-37870533' action='modify' visible='true' lat='45.43876271797' lon='12.32921761148'>
    <tag k='addr:housenumber' v='2202a' />
    <tag k='addr:place' v='San Polo' />
  </node>
  <node id='-37870534' action='modify' visible='true' lat='45.43944670189' lon='12.32847879425'>
    <tag k='addr:housenumber' v='2272' />
    <tag k='addr:place' v='San Polo' />
  </node>
  <node id='-37870535' action='modify' visible='true' lat='45.43882032191' lon='12.33102613219'>
    <tag k='addr:housenumber' v='1930' />
    <tag k='addr:place' v='San Polo' />
  </node>
  <node id='-37870536' action='modify' visible='true' lat='45.43830585982' lon='12.33402979422'>
    <tag k='addr:housenumber' v='651' />
    <tag k='addr:place' v='San Polo' />
  </node>
  <node id='-37870537' action='modify' visible='true' lat='45.43767476138' lon='12.33209853354'>
    <tag k='addr:housenumber' v='1228a' />
    <tag k='addr:place' v='San Polo' />
  </node>
  <node id='-37870538' action='modify' visible='true' lat='45.4382029038' lon='12.33329389956'>
    <tag k='addr:housenumber' v='977a' />
    <tag k='addr:place' v='San Polo' />
  </node>
  <node id='-37870539' action='modify' visible='true' lat='45.43958421879' lon='12.33466714432'>
    <tag k='addr:housenumber' v='170' />
    <tag k='addr:place' v='San Polo' />
  </node>
  <node id='-37870540' action='modify' visible='true' lat='45.43778799311' lon='12.33250486146'>
    <tag k='addr:housenumber' v='1134' />
    <tag k='addr:place' v='San Polo' />
  </node>
  <node id='-37870541' action='modify' visible='true' lat='45.43806570319' lon='12.3334021176'>
    <tag k='addr:housenumber' v='1015b' />
    <tag k='addr:place' v='San Polo' />
  </node>
  <node id='-37870542' action='modify' visible='true' lat='45.43813341523' lon='12.33506204538'>
    <tag k='addr:housenumber' v='528a' />
    <tag k='addr:place' v='San Polo' />
  </node>
  <node id='-37870543' action='modify' visible='true' lat='45.43819771935' lon='12.32471856789'>
    <tag k='addr:housenumber' v='2464p' />
    <tag k='addr:place' v='San Polo' />
  </node>
  <node id='-37870544' action='modify' visible='true' lat='45.43934657218' lon='12.33374466932'>
    <tag k='addr:housenumber' v='371' />
    <tag k='addr:place' v='San Polo' />
  </node>
  <node id='-37870545' action='modify' visible='true' lat='45.43821900047' lon='12.33533395488'>
    <tag k='addr:housenumber' v='493' />
    <tag k='addr:place' v='San Polo' />
  </node>
  <node id='-37870546' action='modify' visible='true' lat='45.43842828241' lon='12.33292457223'>
    <tag k='addr:housenumber' v='950' />
    <tag k='addr:place' v='San Polo' />
  </node>
  <node id='-37870547' action='modify' visible='true' lat='45.43795524811' lon='12.33490519243'>
    <tag k='addr:housenumber' v='579' />
    <tag k='addr:place' v='San Polo' />
  </node>
  <node id='-37870548' action='modify' visible='true' lat='45.43705622953' lon='12.33236222114'>
    <tag k='addr:housenumber' v='1176a' />
    <tag k='addr:place' v='San Polo' />
  </node>
  <node id='-37870549' action='modify' visible='true' lat='45.43768867279' lon='12.33178459994'>
    <tag k='addr:housenumber' v='1323' />
    <tag k='addr:place' v='San Polo' />
  </node>
  <node id='-37870550' action='modify' visible='true' lat='45.43739518695' lon='12.33264542585'>
    <tag k='addr:housenumber' v='1150' />
    <tag k='addr:place' v='San Polo' />
  </node>
  <node id='-37870551' action='modify' visible='true' lat='45.4381593855' lon='12.3343630756'>
    <tag k='addr:housenumber' v='633' />
    <tag k='addr:place' v='San Polo' />
  </node>
  <node id='-37870552' action='modify' visible='true' lat='45.43810067003' lon='12.3357930421'>
    <tag k='addr:housenumber' v='10' />
    <tag k='addr:place' v='San Polo' />
  </node>
  <node id='-37870553' action='modify' visible='true' lat='45.43741859678' lon='12.33262630084'>
    <tag k='addr:housenumber' v='1151a' />
    <tag k='addr:place' v='San Polo' />
  </node>
  <node id='-37870554' action='modify' visible='true' lat='45.43838459495' lon='12.33501294929'>
    <tag k='addr:housenumber' v='503' />
    <tag k='addr:place' v='San Polo' />
  </node>
  <node id='-37870555' action='modify' visible='true' lat='45.43794306404' lon='12.3340926185'>
    <tag k='addr:housenumber' v='685a' />
    <tag k='addr:place' v='San Polo' />
  </node>
  <node id='-37870556' action='modify' visible='true' lat='45.43741875319' lon='12.33165769168'>
    <tag k='addr:housenumber' v='1345a' />
    <tag k='addr:place' v='San Polo' />
  </node>
  <node id='-37870557' action='modify' visible='true' lat='45.43804574326' lon='12.33477312094'>
    <tag k='addr:housenumber' v='587' />
    <tag k='addr:place' v='San Polo' />
  </node>
  <node id='-37870558' action='modify' visible='true' lat='45.43998345431' lon='12.33303233517'>
    <tag k='addr:housenumber' v='1638' />
    <tag k='addr:place' v='San Polo' />
  </node>
  <node id='-37870559' action='modify' visible='true' lat='45.43978443152' lon='12.33255552983'>
    <tag k='addr:housenumber' v='1677' />
    <tag k='addr:place' v='San Polo' />
  </node>
  <node id='-37870560' action='modify' visible='true' lat='45.43848304929' lon='12.3332580755'>
    <tag k='addr:housenumber' v='963' />
    <tag k='addr:place' v='San Polo' />
  </node>
  <node id='-37870561' action='modify' visible='true' lat='45.43695088375' lon='12.33146305201'>
    <tag k='addr:housenumber' v='1386' />
    <tag k='addr:place' v='San Polo' />
  </node>
  <node id='-37870562' action='modify' visible='true' lat='45.43760588613' lon='12.33266733443'>
    <tag k='addr:housenumber' v='1131' />
    <tag k='addr:place' v='San Polo' />
  </node>
  <node id='-37870563' action='modify' visible='true' lat='45.43661228741' lon='12.33133436874'>
    <tag k='addr:housenumber' v='1429b' />
    <tag k='addr:place' v='San Polo' />
  </node>
  <node id='-37870564' action='modify' visible='true' lat='45.43926713958' lon='12.3352649866'>
    <tag k='addr:housenumber' v='152' />
    <tag k='addr:place' v='San Polo' />
  </node>
  <node id='-37870565' action='modify' visible='true' lat='45.43705716932' lon='12.32922266755'>
    <tag k='addr:housenumber' v='2108' />
    <tag k='addr:place' v='San Polo' />
  </node>
  <node id='-37870566' action='modify' visible='true' lat='45.43832540433' lon='12.33442129183'>
    <tag k='addr:housenumber' v='595' />
    <tag k='addr:place' v='San Polo' />
  </node>
  <node id='-37870567' action='modify' visible='true' lat='45.43813756466' lon='12.33276719223'>
    <tag k='addr:housenumber' v='992a' />
    <tag k='addr:place' v='San Polo' />
  </node>
  <node id='-37870568' action='modify' visible='true' lat='45.43726291516' lon='12.33157682422'>
    <tag k='addr:housenumber' v='1348' />
    <tag k='addr:place' v='San Polo' />
  </node>
  <node id='-37870569' action='modify' visible='true' lat='45.43692278083' lon='12.33059437157'>
    <tag k='addr:housenumber' v='1985a' />
    <tag k='addr:place' v='San Polo' />
  </node>
  <node id='-37870570' action='modify' visible='true' lat='45.4378571188' lon='12.33418036863'>
    <tag k='addr:housenumber' v='683' />
    <tag k='addr:place' v='San Polo' />
  </node>
  <node id='-37870571' action='modify' visible='true' lat='45.43724039395' lon='12.3314218933'>
    <tag k='addr:housenumber' v='1408' />
    <tag k='addr:place' v='San Polo' />
  </node>
  <node id='-37870572' action='modify' visible='true' lat='45.43733512858' lon='12.33269454891'>
    <tag k='addr:housenumber' v='1148' />
    <tag k='addr:place' v='San Polo' />
  </node>
  <node id='-37870573' action='modify' visible='true' lat='45.43755239854' lon='12.32737646691'>
    <tag k='addr:housenumber' v='2576' />
    <tag k='addr:place' v='San Polo' />
  </node>
  <node id='-37870574' action='modify' visible='true' lat='45.43839415392' lon='12.33491513168'>
    <tag k='addr:housenumber' v='518' />
    <tag k='addr:place' v='San Polo' />
  </node>
  <node id='-37870575' action='modify' visible='true' lat='45.43848517306' lon='12.32822084165'>
    <tag k='addr:housenumber' v='2305c' />
    <tag k='addr:place' v='San Polo' />
  </node>
  <node id='-37870576' action='modify' visible='true' lat='45.43807716307' lon='12.333513257'>
    <tag k='addr:housenumber' v='1013' />
    <tag k='addr:place' v='San Polo' />
  </node>
  <node id='-37870577' action='modify' visible='true' lat='45.43827672079' lon='12.33523416268'>
    <tag k='addr:housenumber' v='496' />
    <tag k='addr:place' v='San Polo' />
  </node>
  <node id='-37870578' action='modify' visible='true' lat='45.43852153713' lon='12.33473245905'>
    <tag k='addr:housenumber' v='514' />
    <tag k='addr:place' v='San Polo' />
  </node>
  <node id='-37870579' action='modify' visible='true' lat='45.43804875334' lon='12.334470096'>
    <tag k='addr:housenumber' v='631b' />
    <tag k='addr:place' v='San Polo' />
  </node>
  <node id='-37870580' action='modify' visible='true' lat='45.43796833925' lon='12.33347209441'>
    <tag k='addr:housenumber' v='1017b' />
    <tag k='addr:place' v='San Polo' />
  </node>
  <node id='-37870581' action='modify' visible='true' lat='45.43806969159' lon='12.33368090126'>
    <tag k='addr:housenumber' v='770' />
    <tag k='addr:place' v='San Polo' />
  </node>
  <node id='-37870582' action='modify' visible='true' lat='45.43798599571' lon='12.33483108302'>
    <tag k='addr:housenumber' v='585' />
    <tag k='addr:place' v='San Polo' />
  </node>
  <node id='-37870583' action='modify' visible='true' lat='45.43922532722' lon='12.3333566323'>
    <tag k='addr:housenumber' v='851' />
    <tag k='addr:place' v='San Polo' />
  </node>
  <node id='-37870584' action='modify' visible='true' lat='45.43684848512' lon='12.33154212715'>
    <tag k='addr:housenumber' v='1379' />
    <tag k='addr:place' v='San Polo' />
  </node>
  <node id='-37870585' action='modify' visible='true' lat='45.43859859827' lon='12.33550512088'>
    <tag k='addr:housenumber' v='135a' />
    <tag k='addr:place' v='San Polo' />
  </node>
  <node id='-37870586' action='modify' visible='true' lat='45.4365502175' lon='12.33144380235'>
    <tag k='addr:housenumber' v='1427' />
    <tag k='addr:place' v='San Polo' />
  </node>
  <node id='-37870587' action='modify' visible='true' lat='45.43773083136' lon='12.33404196322'>
    <tag k='addr:housenumber' v='713' />
    <tag k='addr:place' v='San Polo' />
  </node>
  <node id='-37870588' action='modify' visible='true' lat='45.43816843158' lon='12.33332096945'>
    <tag k='addr:housenumber' v='975' />
    <tag k='addr:place' v='San Polo' />
  </node>
  <node id='-37870589' action='modify' visible='true' lat='45.43770208662' lon='12.33434134578'>
    <tag k='addr:housenumber' v='678a' />
    <tag k='addr:place' v='San Polo' />
  </node>
  <node id='-37870590' action='modify' visible='true' lat='45.44006794044' lon='12.33280806596'>
    <tag k='addr:housenumber' v='1770' />
    <tag k='addr:place' v='San Polo' />
  </node>
  <node id='-37870591' action='modify' visible='true' lat='45.43731164753' lon='12.33154745635'>
    <tag k='addr:housenumber' v='1347' />
    <tag k='addr:place' v='San Polo' />
  </node>
  <node id='-37870592' action='modify' visible='true' lat='45.43714359171' lon='12.32431008144'>
    <tag k='addr:housenumber' v='3092' />
    <tag k='addr:place' v='San Polo' />
  </node>
  <node id='-37870593' action='modify' visible='true' lat='45.43655400057' lon='12.32583350923'>
    <tag k='addr:housenumber' v='3047' />
    <tag k='addr:place' v='San Polo' />
  </node>
  <node id='-37870594' action='modify' visible='true' lat='45.43678464109' lon='12.33112472437'>
    <tag k='addr:housenumber' v='1438' />
    <tag k='addr:place' v='San Polo' />
  </node>
  <node id='-37870595' action='modify' visible='true' lat='45.43748832154' lon='12.33256620414'>
    <tag k='addr:housenumber' v='1152' />
    <tag k='addr:place' v='San Polo' />
  </node>
  <node id='-37870596' action='modify' visible='true' lat='45.43629095695' lon='12.32753851814'>
    <tag k='addr:housenumber' v='2828' />
    <tag k='addr:place' v='San Polo' />
  </node>
  <node id='-37870597' action='modify' visible='true' lat='45.43634606027' lon='12.32851644713'>
    <tag k='addr:housenumber' v='2768b' />
    <tag k='addr:place' v='San Polo' />
  </node>
  <node id='-37870598' action='modify' visible='true' lat='45.43844148815' lon='12.33527499215'>
    <tag k='addr:housenumber' v='27' />
    <tag k='addr:place' v='San Polo' />
  </node>
  <node id='-37870599' action='modify' visible='true' lat='45.43851520745' lon='12.32745196499'>
    <tag k='addr:housenumber' v='2355' />
    <tag k='addr:place' v='San Polo' />
  </node>
  <node id='-37870600' action='modify' visible='true' lat='45.43776145057' lon='12.32441306293'>
    <tag k='addr:housenumber' v='3078q' />
    <tag k='addr:place' v='San Polo' />
  </node>
  <node id='-37870601' action='modify' visible='true' lat='45.43865792382' lon='12.33416528097'>
    <tag k='addr:housenumber' v='419' />
    <tag k='addr:place' v='San Polo' />
  </node>
  <node id='-37870602' action='modify' visible='true' lat='45.4380880664' lon='12.33443052709'>
    <tag k='addr:housenumber' v='631a' />
    <tag k='addr:place' v='San Polo' />
  </node>
  <node id='-37870603' action='modify' visible='true' lat='45.43669470129' lon='12.32462665999'>
    <tag k='addr:housenumber' v='3105' />
    <tag k='addr:place' v='San Polo' />
  </node>
  <node id='-37870604' action='modify' visible='true' lat='45.43549054026' lon='12.32821536848'>
    <tag k='addr:housenumber' v='2810' />
    <tag k='addr:place' v='San Polo' />
  </node>
  <node id='-37870605' action='modify' visible='true' lat='45.43749446454' lon='12.33136166654'>
    <tag k='addr:housenumber' v='1488' />
    <tag k='addr:place' v='San Polo' />
  </node>
  <node id='-37870606' action='modify' visible='true' lat='45.43725624005' lon='12.32861823812'>
    <tag k='addr:housenumber' v='2663' />
    <tag k='addr:place' v='San Polo' />
  </node>
  <node id='-37870607' action='modify' visible='true' lat='45.4393321982' lon='12.33314387314'>
    <tag k='addr:housenumber' v='1586' />
    <tag k='addr:place' v='San Polo' />
  </node>
  <node id='-37870608' action='modify' visible='true' lat='45.43850599663' lon='12.32839844224'>
    <tag k='addr:housenumber' v='2344' />
    <tag k='addr:place' v='San Polo' />
  </node>
  <node id='-37870609' action='modify' visible='true' lat='45.43818286168' lon='12.33309367267'>
    <tag k='addr:housenumber' v='998' />
    <tag k='addr:place' v='San Polo' />
  </node>
  <node id='-37870610' action='modify' visible='true' lat='45.43896367339' lon='12.32958411776'>
    <tag k='addr:housenumber' v='2210b' />
    <tag k='addr:place' v='San Polo' />
  </node>
  <node id='-37870611' action='modify' visible='true' lat='45.43568246188' lon='12.32684039763'>
    <tag k='addr:housenumber' v='2903' />
    <tag k='addr:place' v='San Polo' />
  </node>
  <node id='-37870612' action='modify' visible='true' lat='45.43780442946' lon='12.3347315065'>
    <tag k='addr:housenumber' v='626' />
    <tag k='addr:place' v='San Polo' />
  </node>
  <node id='-37870613' action='modify' visible='true' lat='45.43750322104' lon='12.33185110247'>
    <tag k='addr:housenumber' v='1236' />
    <tag k='addr:place' v='San Polo' />
  </node>
  <node id='-37870614' action='modify' visible='true' lat='45.43631523089' lon='12.32561509303'>
    <tag k='addr:housenumber' v='3129' />
    <tag k='addr:place' v='San Polo' />
  </node>
  <node id='-37870615' action='modify' visible='true' lat='45.43780399482' lon='12.33248838954'>
    <tag k='addr:housenumber' v='1135' />
    <tag k='addr:place' v='San Polo' />
  </node>
  <node id='-37870616' action='modify' visible='true' lat='45.4365889116' lon='12.32685429246'>
    <tag k='addr:housenumber' v='2968' />
    <tag k='addr:place' v='San Polo' />
  </node>
  <node id='-37870617' action='modify' visible='true' lat='45.4398168464' lon='12.33287416272'>
    <tag k='addr:housenumber' v='1665' />
    <tag k='addr:place' v='San Polo' />
  </node>
  <node id='-37870618' action='modify' visible='true' lat='45.43667474851' lon='12.32696288213'>
    <tag k='addr:housenumber' v='2973' />
    <tag k='addr:place' v='San Polo' />
  </node>
  <node id='-37870619' action='modify' visible='true' lat='45.4397174891' lon='12.33420027688'>
    <tag k='addr:housenumber' v='329' />
    <tag k='addr:place' v='San Polo' />
  </node>
  <node id='-37870620' action='modify' visible='true' lat='45.43903771372' lon='12.33296626774'>
    <tag k='addr:housenumber' v='873' />
    <tag k='addr:place' v='San Polo' />
  </node>
  <node id='-37870621' action='modify' visible='true' lat='45.43762062876' lon='12.33414928791'>
    <tag k='addr:housenumber' v='718' />
    <tag k='addr:place' v='San Polo' />
  </node>
  <node id='-37870622' action='modify' visible='true' lat='45.44006261998' lon='12.33275508292'>
    <tag k='addr:housenumber' v='1798' />
    <tag k='addr:place' v='San Polo' />
  </node>
  <node id='-37870623' action='modify' visible='true' lat='45.43864758392' lon='12.3338078471'>
    <tag k='addr:housenumber' v='455' />
    <tag k='addr:place' v='San Polo' />
  </node>
  <node id='-37870624' action='modify' visible='true' lat='45.43945094558' lon='12.33401678077'>
    <tag k='addr:housenumber' v='312d' />
    <tag k='addr:place' v='San Polo' />
  </node>
  <node id='-37870625' action='modify' visible='true' lat='45.43736011782' lon='12.32837853469'>
    <tag k='addr:housenumber' v='2630a' />
    <tag k='addr:place' v='San Polo' />
  </node>
  <node id='-37870626' action='modify' visible='true' lat='45.4391673924' lon='12.33328241234'>
    <tag k='addr:housenumber' v='854' />
    <tag k='addr:place' v='San Polo' />
  </node>
  <node id='-37870627' action='modify' visible='true' lat='45.43867288451' lon='12.33305574601'>
    <tag k='addr:housenumber' v='892' />
    <tag k='addr:place' v='San Polo' />
  </node>
  <node id='-37870628' action='modify' visible='true' lat='45.43955949119' lon='12.33315362446'>
    <tag k='addr:housenumber' v='1615' />
    <tag k='addr:place' v='San Polo' />
  </node>
  <node id='-37870629' action='modify' visible='true' lat='45.43777790225' lon='12.33261464195'>
    <tag k='addr:housenumber' v='1066' />
    <tag k='addr:place' v='San Polo' />
  </node>
  <node id='-37870630' action='modify' visible='true' lat='45.43814333214' lon='12.32644436031'>
    <tag k='addr:housenumber' v='2405' />
    <tag k='addr:place' v='San Polo' />
  </node>
  <node id='-37870631' action='modify' visible='true' lat='45.43672437578' lon='12.33133940899'>
    <tag k='addr:housenumber' v='1424' />
    <tag k='addr:place' v='San Polo' />
  </node>
  <node id='-37870632' action='modify' visible='true' lat='45.43792313938' lon='12.33316977059'>
    <tag k='addr:housenumber' v='1036' />
    <tag k='addr:place' v='San Polo' />
  </node>
  <node id='-37870633' action='modify' visible='true' lat='45.43762225866' lon='12.33245001079'>
    <tag k='addr:housenumber' v='1158' />
    <tag k='addr:place' v='San Polo' />
  </node>
  <node id='-37870634' action='modify' visible='true' lat='45.4392651112' lon='12.33451304796'>
    <tag k='addr:housenumber' v='244' />
    <tag k='addr:place' v='San Polo' />
  </node>
  <node id='-37870635' action='modify' visible='true' lat='45.43787107748' lon='12.32755927879'>
    <tag k='addr:housenumber' v='2523' />
    <tag k='addr:place' v='San Polo' />
  </node>
  <node id='-37870636' action='modify' visible='true' lat='45.43844593479' lon='12.33290537396'>
    <tag k='addr:housenumber' v='951' />
    <tag k='addr:place' v='San Polo' />
  </node>
  <node id='-37870637' action='modify' visible='true' lat='45.43970470451' lon='12.33267645021'>
    <tag k='addr:housenumber' v='1681' />
    <tag k='addr:place' v='San Polo' />
  </node>
  <node id='-37870638' action='modify' visible='true' lat='45.43787423691' lon='12.33492965536'>
    <tag k='addr:housenumber' v='581' />
    <tag k='addr:place' v='San Polo' />
  </node>
  <node id='-37870639' action='modify' visible='true' lat='45.43858322845' lon='12.33446865616'>
    <tag k='addr:housenumber' v='486' />
    <tag k='addr:place' v='San Polo' />
  </node>
  <node id='-37870640' action='modify' visible='true' lat='45.43969335726' lon='12.33294323018'>
    <tag k='addr:housenumber' v='1658' />
    <tag k='addr:place' v='San Polo' />
  </node>
  <node id='-37870641' action='modify' visible='true' lat='45.4364075235' lon='12.32723968188'>
    <tag k='addr:housenumber' v='2836a' />
    <tag k='addr:place' v='San Polo' />
  </node>
  <node id='-37870642' action='modify' visible='true' lat='45.43809081364' lon='12.33098124917'>
    <tag k='addr:housenumber' v='1943a' />
    <tag k='addr:place' v='San Polo' />
  </node>
  <node id='-37870643' action='modify' visible='true' lat='45.43934969174' lon='12.33421039241'>
    <tag k='addr:housenumber' v='277' />
    <tag k='addr:place' v='San Polo' />
  </node>
  <node id='-37870644' action='modify' visible='true' lat='45.43830999768' lon='12.33360051041'>
    <tag k='addr:housenumber' v='791' />
    <tag k='addr:place' v='San Polo' />
  </node>
  <node id='-37870645' action='modify' visible='true' lat='45.43870125754' lon='12.32932732397'>
    <tag k='addr:housenumber' v='2207' />
    <tag k='addr:place' v='San Polo' />
  </node>
  <node id='-37870646' action='modify' visible='true' lat='45.43810751076' lon='12.33347246685'>
    <tag k='addr:housenumber' v='1014' />
    <tag k='addr:place' v='San Polo' />
  </node>
  <node id='-37870647' action='modify' visible='true' lat='45.43855990153' lon='12.33171818622'>
    <tag k='addr:housenumber' v='1518' />
    <tag k='addr:place' v='San Polo' />
  </node>
  <node id='-37870648' action='modify' visible='true' lat='45.43764284287' lon='12.33265395497'>
    <tag k='addr:housenumber' v='1081a' />
    <tag k='addr:place' v='San Polo' />
  </node>
  <node id='-37870649' action='modify' visible='true' lat='45.43911167258' lon='12.33464925943'>
    <tag k='addr:housenumber' v='229a' />
    <tag k='addr:place' v='San Polo' />
  </node>
  <node id='-37870650' action='modify' visible='true' lat='45.4356224102' lon='12.3277302698'>
    <tag k='addr:housenumber' v='2874' />
    <tag k='addr:place' v='San Polo' />
  </node>
  <node id='-37870651' action='modify' visible='true' lat='45.43640909898' lon='12.32658937196'>
    <tag k='addr:housenumber' v='2945' />
    <tag k='addr:place' v='San Polo' />
  </node>
  <node id='-37870652' action='modify' visible='true' lat='45.43921143716' lon='12.33400195515'>
    <tag k='addr:housenumber' v='823' />
    <tag k='addr:place' v='San Polo' />
  </node>
  <node id='-37870653' action='modify' visible='true' lat='45.43953405874' lon='12.33455939'>
    <tag k='addr:housenumber' v='284' />
    <tag k='addr:place' v='San Polo' />
  </node>
  <node id='-37870654' action='modify' visible='true' lat='45.43708944057' lon='12.33356365223'>
    <tag k='addr:housenumber' v='1099' />
    <tag k='addr:place' v='San Polo' />
  </node>
  <node id='-37870655' action='modify' visible='true' lat='45.43918287274' lon='12.33473700001'>
    <tag k='addr:housenumber' v='228b' />
    <tag k='addr:place' v='San Polo' />
  </node>
  <node id='-37870656' action='modify' visible='true' lat='45.43781709078' lon='12.32876852191'>
    <tag k='addr:housenumber' v='2135' />
    <tag k='addr:place' v='San Polo' />
  </node>
  <node id='-37870657' action='modify' visible='true' lat='45.43777696767' lon='12.32332094774'>
    <tag k='addr:housenumber' v='3079a' />
    <tag k='addr:place' v='San Polo' />
  </node>
  <node id='-37870658' action='modify' visible='true' lat='45.43814416331' lon='12.3315475819'>
    <tag k='addr:housenumber' v='1500b' />
    <tag k='addr:place' v='San Polo' />
  </node>
  <node id='-37870659' action='modify' visible='true' lat='45.43815567352' lon='12.32942660102'>
    <tag k='addr:housenumber' v='2166b' />
    <tag k='addr:place' v='San Polo' />
  </node>
  <node id='-37870660' action='modify' visible='true' lat='45.43866340374' lon='12.33338832704'>
    <tag k='addr:housenumber' v='884' />
    <tag k='addr:place' v='San Polo' />
  </node>
  <node id='-37870661' action='modify' visible='true' lat='45.43627696403' lon='12.32635523486'>
    <tag k='addr:housenumber' v='3020b' />
    <tag k='addr:place' v='San Polo' />
  </node>
  <node id='-37870662' action='modify' visible='true' lat='45.438179071' lon='12.33543341533'>
    <tag k='addr:housenumber' v='76a' />
    <tag k='addr:place' v='San Polo' />
  </node>
  <node id='-37870663' action='modify' visible='true' lat='45.43855146514' lon='12.32813341017'>
    <tag k='addr:housenumber' v='2306' />
    <tag k='addr:place' v='San Polo' />
  </node>
  <node id='-37870664' action='modify' visible='true' lat='45.43698095994' lon='12.32838979913'>
    <tag k='addr:housenumber' v='2671b' />
    <tag k='addr:place' v='San Polo' />
  </node>
  <node id='-37870665' action='modify' visible='true' lat='45.43605170871' lon='12.32680129104'>
    <tag k='addr:housenumber' v='2913' />
    <tag k='addr:place' v='San Polo' />
  </node>
  <node id='-37870666' action='modify' visible='true' lat='45.43819408479' lon='12.3308558547'>
    <tag k='addr:housenumber' v='1945' />
    <tag k='addr:place' v='San Polo' />
  </node>
  <node id='-37870667' action='modify' visible='true' lat='45.43914942984' lon='12.3293330842'>
    <tag k='addr:housenumber' v='2215' />
    <tag k='addr:place' v='San Polo' />
  </node>
  <node id='-37870668' action='modify' visible='true' lat='45.43885910474' lon='12.328627528'>
    <tag k='addr:housenumber' v='2286b' />
    <tag k='addr:place' v='San Polo' />
  </node>
  <node id='-37870669' action='modify' visible='true' lat='45.43850823129' lon='12.33178132227'>
    <tag k='addr:housenumber' v='1524' />
    <tag k='addr:place' v='San Polo' />
  </node>
  <node id='-37870670' action='modify' visible='true' lat='45.43689883167' lon='12.32551146917'>
    <tag k='addr:housenumber' v='3054' />
    <tag k='addr:place' v='San Polo' />
  </node>
  <node id='-37870671' action='modify' visible='true' lat='45.43682772469' lon='12.32900333477'>
    <tag k='addr:housenumber' v='2741a' />
    <tag k='addr:place' v='San Polo' />
  </node>
  <node id='-37870672' action='modify' visible='true' lat='45.43852987226' lon='12.32601321599'>
    <tag k='addr:housenumber' v='2443' />
    <tag k='addr:place' v='San Polo' />
  </node>
  <node id='-37870673' action='modify' visible='true' lat='45.43698462531' lon='12.32825405717'>
    <tag k='addr:housenumber' v='2677a' />
    <tag k='addr:place' v='San Polo' />
  </node>
  <node id='-37870674' action='modify' visible='true' lat='45.43734633047' lon='12.33335410862'>
    <tag k='addr:housenumber' v='1104' />
    <tag k='addr:place' v='San Polo' />
  </node>
  <node id='-37870675' action='modify' visible='true' lat='45.43708889117' lon='12.33035543764'>
    <tag k='addr:housenumber' v='2006a' />
    <tag k='addr:place' v='San Polo' />
  </node>
  <node id='-37870676' action='modify' visible='true' lat='45.43842416121' lon='12.33167439132'>
    <tag k='addr:housenumber' v='1519' />
    <tag k='addr:place' v='San Polo' />
  </node>
  <node id='-37870677' action='modify' visible='true' lat='45.43709085653' lon='12.3279267356'>
    <tag k='addr:housenumber' v='2604' />
    <tag k='addr:place' v='San Polo' />
  </node>
  <node id='-37870678' action='modify' visible='true' lat='45.43694388753' lon='12.33299056693'>
    <tag k='addr:housenumber' v='1114' />
    <tag k='addr:place' v='San Polo' />
  </node>
  <node id='-37870679' action='modify' visible='true' lat='45.43887505962' lon='12.32920665639'>
    <tag k='addr:housenumber' v='2234a' />
    <tag k='addr:place' v='San Polo' />
  </node>
  <node id='-37870680' action='modify' visible='true' lat='45.43825866719' lon='12.32691712628'>
    <tag k='addr:housenumber' v='2384' />
    <tag k='addr:place' v='San Polo' />
  </node>
  <node id='-37870681' action='modify' visible='true' lat='45.43728272623' lon='12.33140197362'>
    <tag k='addr:housenumber' v='1409a' />
    <tag k='addr:place' v='San Polo' />
  </node>
  <node id='-37870682' action='modify' visible='true' lat='45.43609535929' lon='12.32578593849'>
    <tag k='addr:housenumber' v='3040b' />
    <tag k='addr:place' v='San Polo' />
  </node>
  <node id='-37870683' action='modify' visible='true' lat='45.43619819327' lon='12.32719635147'>
    <tag k='addr:housenumber' v='2852' />
    <tag k='addr:place' v='San Polo' />
  </node>
  <node id='-37870684' action='modify' visible='true' lat='45.43653089212' lon='12.32592616422'>
    <tag k='addr:housenumber' v='3046' />
    <tag k='addr:place' v='San Polo' />
  </node>
  <node id='-37870685' action='modify' visible='true' lat='45.43723394031' lon='12.33306650971'>
    <tag k='addr:housenumber' v='1108a' />
    <tag k='addr:place' v='San Polo' />
  </node>
  <node id='-37870686' action='modify' visible='true' lat='45.43862892675' lon='12.33540038154'>
    <tag k='addr:housenumber' v='82' />
    <tag k='addr:place' v='San Polo' />
  </node>
  <node id='-37870687' action='modify' visible='true' lat='45.43851200704' lon='12.32448502058'>
    <tag k='addr:housenumber' v='2464' />
    <tag k='addr:place' v='San Polo' />
  </node>
  <node id='-37870688' action='modify' visible='true' lat='45.43874807742' lon='12.33103194694'>
    <tag k='addr:housenumber' v='1917' />
    <tag k='addr:place' v='San Polo' />
  </node>
  <node id='-37870689' action='modify' visible='true' lat='45.43768551023' lon='12.33261130996'>
    <tag k='addr:housenumber' v='1079' />
    <tag k='addr:place' v='San Polo' />
  </node>
  <node id='-37870690' action='modify' visible='true' lat='45.43848447087' lon='12.3286406329'>
    <tag k='addr:housenumber' v='2323' />
    <tag k='addr:place' v='San Polo' />
  </node>
  <node id='-37870691' action='modify' visible='true' lat='45.43771919321' lon='12.3272926233'>
    <tag k='addr:housenumber' v='2538' />
    <tag k='addr:place' v='San Polo' />
  </node>
  <node id='-37870692' action='modify' visible='true' lat='45.4360472596' lon='12.32662693406'>
    <tag k='addr:housenumber' v='2928' />
    <tag k='addr:place' v='San Polo' />
  </node>
  <node id='-37870693' action='modify' visible='true' lat='45.43862842254' lon='12.33351742531'>
    <tag k='addr:housenumber' v='809' />
    <tag k='addr:place' v='San Polo' />
  </node>
  <node id='-37870694' action='modify' visible='true' lat='45.43827548993' lon='12.33236965833'>
    <tag k='addr:housenumber' v='1263a' />
    <tag k='addr:place' v='San Polo' />
  </node>
  <node id='-37870695' action='modify' visible='true' lat='45.44001841272' lon='12.33270303136'>
    <tag k='addr:housenumber' v='1828' />
    <tag k='addr:place' v='San Polo' />
  </node>
  <node id='-37870696' action='modify' visible='true' lat='45.43989567572' lon='12.33296718172'>
    <tag k='addr:housenumber' v='1664' />
    <tag k='addr:place' v='San Polo' />
  </node>
  <node id='-37870697' action='modify' visible='true' lat='45.43814137415' lon='12.33572316143'>
    <tag k='addr:housenumber' v='12' />
    <tag k='addr:place' v='San Polo' />
  </node>
  <node id='-37870698' action='modify' visible='true' lat='45.43686051003' lon='12.32831545315'>
    <tag k='addr:housenumber' v='2690' />
    <tag k='addr:place' v='San Polo' />
  </node>
  <node id='-37870699' action='modify' visible='true' lat='45.43648813465' lon='12.32651210526'>
    <tag k='addr:housenumber' v='3017' />
    <tag k='addr:place' v='San Polo' />
  </node>
  <node id='-37870700' action='modify' visible='true' lat='45.43899314042' lon='12.33469420083'>
    <tag k='addr:housenumber' v='92a' />
    <tag k='addr:place' v='San Polo' />
  </node>
  <node id='-37870701' action='modify' visible='true' lat='45.43808867513' lon='12.33245240944'>
    <tag k='addr:housenumber' v='1260' />
    <tag k='addr:place' v='San Polo' />
  </node>
  <node id='-37870702' action='modify' visible='true' lat='45.43839313625' lon='12.33134391169'>
    <tag k='addr:housenumber' v='1514' />
    <tag k='addr:place' v='San Polo' />
  </node>
  <node id='-37870703' action='modify' visible='true' lat='45.43862808948' lon='12.32614903138'>
    <tag k='addr:housenumber' v='2436' />
    <tag k='addr:place' v='San Polo' />
  </node>
  <node id='-37870704' action='modify' visible='true' lat='45.438764805' lon='12.33132935983'>
    <tag k='addr:housenumber' v='1906' />
    <tag k='addr:place' v='San Polo' />
  </node>
  <node id='-37870705' action='modify' visible='true' lat='45.43894519376' lon='12.33465159478'>
    <tag k='addr:housenumber' v='91' />
    <tag k='addr:place' v='San Polo' />
  </node>
  <node id='-37870706' action='modify' visible='true' lat='45.43570265297' lon='12.32680555049'>
    <tag k='addr:housenumber' v='2905' />
    <tag k='addr:place' v='San Polo' />
  </node>
  <node id='-37870707' action='modify' visible='true' lat='45.43816504381' lon='12.32678946061'>
    <tag k='addr:housenumber' v='2397' />
    <tag k='addr:place' v='San Polo' />
  </node>
  <node id='-37870708' action='modify' visible='true' lat='45.43814977149' lon='12.3325614112'>
    <tag k='addr:housenumber' v='1258' />
    <tag k='addr:place' v='San Polo' />
  </node>
  <node id='-37870709' action='modify' visible='true' lat='45.43976459985' lon='12.33263466614'>
    <tag k='addr:housenumber' v='1669' />
    <tag k='addr:place' v='San Polo' />
  </node>
  <node id='-37870710' action='modify' visible='true' lat='45.43758144128' lon='12.33271186996'>
    <tag k='addr:housenumber' v='1082' />
    <tag k='addr:place' v='San Polo' />
  </node>
  <node id='-37870711' action='modify' visible='true' lat='45.4369795539' lon='12.32471306009'>
    <tag k='addr:housenumber' v='3099' />
    <tag k='addr:place' v='San Polo' />
  </node>
  <node id='-37870712' action='modify' visible='true' lat='45.43701550345' lon='12.33306085895'>
    <tag k='addr:housenumber' v='1115' />
    <tag k='addr:place' v='San Polo' />
  </node>
  <node id='-37870713' action='modify' visible='true' lat='45.43683141272' lon='12.32848607505'>
    <tag k='addr:housenumber' v='2693' />
    <tag k='addr:place' v='San Polo' />
  </node>
  <node id='-37870714' action='modify' visible='true' lat='45.43853966768' lon='12.33464033193'>
    <tag k='addr:housenumber' v='488a' />
    <tag k='addr:place' v='San Polo' />
  </node>
  <node id='-37870715' action='modify' visible='true' lat='45.43638020364' lon='12.32735587893'>
    <tag k='addr:housenumber' v='2831' />
    <tag k='addr:place' v='San Polo' />
  </node>
  <node id='-37870716' action='modify' visible='true' lat='45.43880161311' lon='12.33133678386'>
    <tag k='addr:housenumber' v='1904' />
    <tag k='addr:place' v='San Polo' />
  </node>
  <node id='-37870717' action='modify' visible='true' lat='45.43933022644' lon='12.33310757246'>
    <tag k='addr:housenumber' v='1586b' />
    <tag k='addr:place' v='San Polo' />
  </node>
  <node id='-37870718' action='modify' visible='true' lat='45.43864115431' lon='12.33425813385'>
    <tag k='addr:housenumber' v='482' />
    <tag k='addr:place' v='San Polo' />
  </node>
  <node id='-37870719' action='modify' visible='true' lat='45.43664747225' lon='12.33077073335'>
    <tag k='addr:housenumber' v='1977' />
    <tag k='addr:place' v='San Polo' />
  </node>
  <node id='-37870720' action='modify' visible='true' lat='45.43793848745' lon='12.33360717347'>
    <tag k='addr:housenumber' v='1008' />
    <tag k='addr:place' v='San Polo' />
  </node>
  <node id='-37870721' action='modify' visible='true' lat='45.43802888619' lon='12.33323800547'>
    <tag k='addr:housenumber' v='1032' />
    <tag k='addr:place' v='San Polo' />
  </node>
  <node id='-37870722' action='modify' visible='true' lat='45.4373593247' lon='12.33150691237'>
    <tag k='addr:housenumber' v='1394' />
    <tag k='addr:place' v='San Polo' />
  </node>
  <node id='-37870723' action='modify' visible='true' lat='45.4398819687' lon='12.33320439904'>
    <tag k='addr:housenumber' v='1623' />
    <tag k='addr:place' v='San Polo' />
  </node>
  <node id='-37870724' action='modify' visible='true' lat='45.43888124626' lon='12.3349622935'>
    <tag k='addr:housenumber' v='102' />
    <tag k='addr:place' v='San Polo' />
  </node>
  <node id='-37870725' action='modify' visible='true' lat='45.43734056078' lon='12.32722094471'>
    <tag k='addr:housenumber' v='2564' />
    <tag k='addr:place' v='San Polo' />
  </node>
  <node id='-37870726' action='modify' visible='true' lat='45.43813015301' lon='12.33352419711'>
    <tag k='addr:housenumber' v='773a' />
    <tag k='addr:place' v='San Polo' />
  </node>
  <node id='-37870727' action='modify' visible='true' lat='45.4394532436' lon='12.33254611266'>
    <tag k='addr:housenumber' v='1716' />
    <tag k='addr:place' v='San Polo' />
  </node>
  <node id='-37870728' action='modify' visible='true' lat='45.44018697993' lon='12.33294992475'>
    <tag k='addr:housenumber' v='1773' />
    <tag k='addr:place' v='San Polo' />
  </node>
  <node id='-37870729' action='modify' visible='true' lat='45.43794519156' lon='12.32643106161'>
    <tag k='addr:housenumber' v='2478' />
    <tag k='addr:place' v='San Polo' />
  </node>
  <node id='-37870730' action='modify' visible='true' lat='45.43984630632' lon='12.33274315414'>
    <tag k='addr:housenumber' v='1671' />
    <tag k='addr:place' v='San Polo' />
  </node>
  <node id='-37870731' action='modify' visible='true' lat='45.43733857742' lon='12.32799418766'>
    <tag k='addr:housenumber' v='2610a' />
    <tag k='addr:place' v='San Polo' />
  </node>
  <node id='-37870732' action='modify' visible='true' lat='45.4380600012' lon='12.33586286213'>
    <tag k='addr:housenumber' v='8' />
    <tag k='addr:place' v='San Polo' />
  </node>
  <node id='-37870733' action='modify' visible='true' lat='45.4364831915' lon='12.32741790719'>
    <tag k='addr:housenumber' v='2979a' />
    <tag k='addr:place' v='San Polo' />
  </node>
  <node id='-37870734' action='modify' visible='true' lat='45.43872415317' lon='12.33550623211'>
    <tag k='addr:housenumber' v='127' />
    <tag k='addr:place' v='San Polo' />
  </node>
  <node id='-37870735' action='modify' visible='true' lat='45.43865669813' lon='12.33095420109'>
    <tag k='addr:housenumber' v='1933' />
    <tag k='addr:place' v='San Polo' />
  </node>
  <node id='-37870736' action='modify' visible='true' lat='45.43907244469' lon='12.3346029378'>
    <tag k='addr:housenumber' v='231' />
    <tag k='addr:place' v='San Polo' />
  </node>
  <node id='-37870737' action='modify' visible='true' lat='45.4394958188' lon='12.33288185806'>
    <tag k='addr:housenumber' v='1597' />
    <tag k='addr:place' v='San Polo' />
  </node>
  <node id='-37870738' action='modify' visible='true' lat='45.43844093368' lon='12.32755311963'>
    <tag k='addr:housenumber' v='2352' />
    <tag k='addr:place' v='San Polo' />
  </node>
  <node id='-37870739' action='modify' visible='true' lat='45.43730962552' lon='12.33338420062'>
    <tag k='addr:housenumber' v='1103' />
    <tag k='addr:place' v='San Polo' />
  </node>
  <node id='-37870740' action='modify' visible='true' lat='45.43832177651' lon='12.33270926063'>
    <tag k='addr:housenumber' v='928' />
    <tag k='addr:place' v='San Polo' />
  </node>
  <node id='-37870741' action='modify' visible='true' lat='45.43749861687' lon='12.33452100869'>
    <tag k='addr:housenumber' v='740' />
    <tag k='addr:place' v='San Polo' />
  </node>
  <node id='-37870742' action='modify' visible='true' lat='45.43974774939' lon='12.33245386446'>
    <tag k='addr:housenumber' v='1761' />
    <tag k='addr:place' v='San Polo' />
  </node>
  <node id='-37870743' action='modify' visible='true' lat='45.43868885531' lon='12.33471292495'>
    <tag k='addr:housenumber' v='490b' />
    <tag k='addr:place' v='San Polo' />
  </node>
  <node id='-37870744' action='modify' visible='true' lat='45.43847622055' lon='12.33148179975'>
    <tag k='addr:housenumber' v='1513b' />
    <tag k='addr:place' v='San Polo' />
  </node>
  <node id='-37870745' action='modify' visible='true' lat='45.43944092309' lon='12.33259747332'>
    <tag k='addr:housenumber' v='1703' />
    <tag k='addr:place' v='San Polo' />
  </node>
  <node id='-37870746' action='modify' visible='true' lat='45.43927270426' lon='12.33415831142'>
    <tag k='addr:housenumber' v='275' />
    <tag k='addr:place' v='San Polo' />
  </node>
  <node id='-37870747' action='modify' visible='true' lat='45.43610759565' lon='12.32762467861'>
    <tag k='addr:housenumber' v='2823' />
    <tag k='addr:place' v='San Polo' />
  </node>
  <node id='-37870748' action='modify' visible='true' lat='45.438980586' lon='12.33318366255'>
    <tag k='addr:housenumber' v='867' />
    <tag k='addr:place' v='San Polo' />
  </node>
  <node id='-37870749' action='modify' visible='true' lat='45.43931327966' lon='12.33196314415'>
    <tag k='addr:housenumber' v='1749' />
    <tag k='addr:place' v='San Polo' />
  </node>
  <node id='-37870750' action='modify' visible='true' lat='45.43733966684' lon='12.32831819283'>
    <tag k='addr:housenumber' v='2630' />
    <tag k='addr:place' v='San Polo' />
  </node>
  <node id='-37870751' action='modify' visible='true' lat='45.43636755559' lon='12.32667905618'>
    <tag k='addr:housenumber' v='2947' />
    <tag k='addr:place' v='San Polo' />
  </node>
  <node id='-37870752' action='modify' visible='true' lat='45.43636577872' lon='12.32738564822'>
    <tag k='addr:housenumber' v='2830' />
    <tag k='addr:place' v='San Polo' />
  </node>
  <node id='-37870753' action='modify' visible='true' lat='45.43775199733' lon='12.32329620002'>
    <tag k='addr:housenumber' v='3079' />
    <tag k='addr:place' v='San Polo' />
  </node>
  <node id='-37870754' action='modify' visible='true' lat='45.4387251912' lon='12.33119079832'>
    <tag k='addr:housenumber' v='1925' />
    <tag k='addr:place' v='San Polo' />
  </node>
  <node id='-37870755' action='modify' visible='true' lat='45.439768725' lon='12.33240910393'>
    <tag k='addr:housenumber' v='1851' />
    <tag k='addr:place' v='San Polo' />
  </node>
  <node id='-37870756' action='modify' visible='true' lat='45.436740284' lon='12.32875724526'>
    <tag k='addr:housenumber' v='2745' />
    <tag k='addr:place' v='San Polo' />
  </node>
  <node id='-37870757' action='modify' visible='true' lat='45.43643236923' lon='12.32649269071'>
    <tag k='addr:housenumber' v='2943a' />
    <tag k='addr:place' v='San Polo' />
  </node>
  <node id='-37870758' action='modify' visible='true' lat='45.43826200028' lon='12.32663504899'>
    <tag k='addr:housenumber' v='2382' />
    <tag k='addr:place' v='San Polo' />
  </node>
  <node id='-37870759' action='modify' visible='true' lat='45.43683281011' lon='12.32822306183'>
    <tag k='addr:housenumber' v='2680b' />
    <tag k='addr:place' v='San Polo' />
  </node>
  <node id='-37870760' action='modify' visible='true' lat='45.4387097583' lon='12.33433788881'>
    <tag k='addr:housenumber' v='480' />
    <tag k='addr:place' v='San Polo' />
  </node>
  <node id='-37870761' action='modify' visible='true' lat='45.4378997018' lon='12.3329816338'>
    <tag k='addr:housenumber' v='1042a' />
    <tag k='addr:place' v='San Polo' />
  </node>
  <node id='-37870762' action='modify' visible='true' lat='45.43627547797' lon='12.32757165301'>
    <tag k='addr:housenumber' v='2827' />
    <tag k='addr:place' v='San Polo' />
  </node>
  <node id='-37870763' action='modify' visible='true' lat='45.43878519547' lon='12.33136686863'>
    <tag k='addr:housenumber' v='1903' />
    <tag k='addr:place' v='San Polo' />
  </node>
  <node id='-37870764' action='modify' visible='true' lat='45.43688698817' lon='12.32883492246'>
    <tag k='addr:housenumber' v='2734a' />
    <tag k='addr:place' v='San Polo' />
  </node>
  <node id='-37870765' action='modify' visible='true' lat='45.43887684438' lon='12.33104369846'>
    <tag k='addr:housenumber' v='1931a' />
    <tag k='addr:place' v='San Polo' />
  </node>
  <node id='-37870766' action='modify' visible='true' lat='45.43791241451' lon='12.33112066348'>
    <tag k='addr:housenumber' v='1946' />
    <tag k='addr:place' v='San Polo' />
  </node>
  <node id='-37870767' action='modify' visible='true' lat='45.43860543427' lon='12.33182604633'>
    <tag k='addr:housenumber' v='1525' />
    <tag k='addr:place' v='San Polo' />
  </node>
  <node id='-37870768' action='modify' visible='true' lat='45.44007201793' lon='12.33299845109'>
    <tag k='addr:housenumber' v='1633a' />
    <tag k='addr:place' v='San Polo' />
  </node>
  <node id='-37870769' action='modify' visible='true' lat='45.43849872483' lon='12.33332604659'>
    <tag k='addr:housenumber' v='888' />
    <tag k='addr:place' v='San Polo' />
  </node>
  <node id='-37870770' action='modify' visible='true' lat='45.43854269459' lon='12.33339296256'>
    <tag k='addr:housenumber' v='887' />
    <tag k='addr:place' v='San Polo' />
  </node>
  <node id='-37870771' action='modify' visible='true' lat='45.44010918739' lon='12.3328570736'>
    <tag k='addr:housenumber' v='1771' />
    <tag k='addr:place' v='San Polo' />
  </node>
  <node id='-37870772' action='modify' visible='true' lat='45.43857549659' lon='12.33344140745'>
    <tag k='addr:housenumber' v='886' />
    <tag k='addr:place' v='San Polo' />
  </node>
  <node id='-37870773' action='modify' visible='true' lat='45.43736624966' lon='12.32955351199'>
    <tag k='addr:housenumber' v='2121' />
    <tag k='addr:place' v='San Polo' />
  </node>
  <node id='-37870774' action='modify' visible='true' lat='45.43622472634' lon='12.32560739252'>
    <tag k='addr:housenumber' v='3143' />
    <tag k='addr:place' v='San Polo' />
  </node>
  <node id='-37870775' action='modify' visible='true' lat='45.43852401936' lon='12.33339619122'>
    <tag k='addr:housenumber' v='808a' />
    <tag k='addr:place' v='San Polo' />
  </node>
  <node id='-37870776' action='modify' visible='true' lat='45.43937239663' lon='12.3333544402'>
    <tag k='addr:housenumber' v='365' />
    <tag k='addr:place' v='San Polo' />
  </node>
  <node id='-37870777' action='modify' visible='true' lat='45.43829845774' lon='12.33321304249'>
    <tag k='addr:housenumber' v='986a' />
    <tag k='addr:place' v='San Polo' />
  </node>
  <node id='-37870778' action='modify' visible='true' lat='45.43615390607' lon='12.32686479642'>
    <tag k='addr:housenumber' v='2918' />
    <tag k='addr:place' v='San Polo' />
  </node>
  <node id='-37870779' action='modify' visible='true' lat='45.43740708023' lon='12.33248043322'>
    <tag k='addr:housenumber' v='1167' />
    <tag k='addr:place' v='San Polo' />
  </node>
  <node id='-37870780' action='modify' visible='true' lat='45.43847575669' lon='12.32831182309'>
    <tag k='addr:housenumber' v='2305a' />
    <tag k='addr:place' v='San Polo' />
  </node>
  <node id='-37870781' action='modify' visible='true' lat='45.43924976616' lon='12.33433905116'>
    <tag k='addr:housenumber' v='265' />
    <tag k='addr:place' v='San Polo' />
  </node>
  <node id='-37870782' action='modify' visible='true' lat='45.43684494644' lon='12.32849602458'>
    <tag k='addr:housenumber' v='2672c' />
    <tag k='addr:place' v='San Polo' />
  </node>
  <node id='-37870783' action='modify' visible='true' lat='45.43865141938' lon='12.33358000357'>
    <tag k='addr:housenumber' v='809a' />
    <tag k='addr:place' v='San Polo' />
  </node>
  <node id='-37870784' action='modify' visible='true' lat='45.43853858573' lon='12.33341852098'>
    <tag k='addr:housenumber' v='808' />
    <tag k='addr:place' v='San Polo' />
  </node>
  <node id='-37870785' action='modify' visible='true' lat='45.43827233379' lon='12.32920668542'>
    <tag k='addr:housenumber' v='2164' />
    <tag k='addr:place' v='San Polo' />
  </node>
  <node id='-37870786' action='modify' visible='true' lat='45.44016569356' lon='12.33254464882'>
    <tag k='addr:housenumber' v='1801' />
    <tag k='addr:place' v='San Polo' />
  </node>
  <node id='-37870787' action='modify' visible='true' lat='45.43842262546' lon='12.32678781328'>
    <tag k='addr:housenumber' v='2378' />
    <tag k='addr:place' v='San Polo' />
  </node>
  <node id='-37870788' action='modify' visible='true' lat='45.43910443302' lon='12.33322073447'>
    <tag k='addr:housenumber' v='855' />
    <tag k='addr:place' v='San Polo' />
  </node>
  <node id='-37870789' action='modify' visible='true' lat='45.43767517874' lon='12.33185743436'>
    <tag k='addr:housenumber' v='1311' />
    <tag k='addr:place' v='San Polo' />
  </node>
  <node id='-37870790' action='modify' visible='true' lat='45.43780722223' lon='12.33218294814'>
    <tag k='addr:housenumber' v='1251a' />
    <tag k='addr:place' v='San Polo' />
  </node>
  <node id='-37870791' action='modify' visible='true' lat='45.43635917287' lon='12.32665032572'>
    <tag k='addr:housenumber' v='2941a' />
    <tag k='addr:place' v='San Polo' />
  </node>
  <node id='-37870792' action='modify' visible='true' lat='45.43797027407' lon='12.33489171165'>
    <tag k='addr:housenumber' v='578' />
    <tag k='addr:place' v='San Polo' />
  </node>
  <node id='-37870793' action='modify' visible='true' lat='45.43844063501' lon='12.32714026306'>
    <tag k='addr:housenumber' v='2362a' />
    <tag k='addr:place' v='San Polo' />
  </node>
  <node id='-37870794' action='modify' visible='true' lat='45.43863108082' lon='12.33493924771'>
    <tag k='addr:housenumber' v='60' />
    <tag k='addr:place' v='San Polo' />
  </node>
  <node id='-37870795' action='modify' visible='true' lat='45.43903034516' lon='12.32896331137'>
    <tag k='addr:housenumber' v='2245' />
    <tag k='addr:place' v='San Polo' />
  </node>
  <node id='-37870796' action='modify' visible='true' lat='45.43783108812' lon='12.32592584832'>
    <tag k='addr:housenumber' v='2554' />
    <tag k='addr:place' v='San Polo' />
  </node>
  <node id='-37870797' action='modify' visible='true' lat='45.43720641996' lon='12.32872219232'>
    <tag k='addr:housenumber' v='2668' />
    <tag k='addr:place' v='San Polo' />
  </node>
  <node id='-37870798' action='modify' visible='true' lat='45.43790434006' lon='12.33223082057'>
    <tag k='addr:housenumber' v='1272' />
    <tag k='addr:place' v='San Polo' />
  </node>
  <node id='-37870799' action='modify' visible='true' lat='45.43788332692' lon='12.32418000701'>
    <tag k='addr:housenumber' v='3078r' />
    <tag k='addr:place' v='San Polo' />
  </node>
  <node id='-37870800' action='modify' visible='true' lat='45.43892495085' lon='12.33430688495'>
    <tag k='addr:housenumber' v='407' />
    <tag k='addr:place' v='San Polo' />
  </node>
  <node id='-37870801' action='modify' visible='true' lat='45.43947005225' lon='12.33229721094'>
    <tag k='addr:housenumber' v='1726a' />
    <tag k='addr:place' v='San Polo' />
  </node>
  <node id='-37870802' action='modify' visible='true' lat='45.43726250651' lon='12.32874031394'>
    <tag k='addr:housenumber' v='2670' />
    <tag k='addr:place' v='San Polo' />
  </node>
  <node id='-37870803' action='modify' visible='true' lat='45.4371702285' lon='12.32859145432'>
    <tag k='addr:housenumber' v='2661' />
    <tag k='addr:place' v='San Polo' />
  </node>
  <node id='-37870804' action='modify' visible='true' lat='45.43890017191' lon='12.33471359241'>
    <tag k='addr:housenumber' v='89' />
    <tag k='addr:place' v='San Polo' />
  </node>
  <node id='-37870805' action='modify' visible='true' lat='45.43733082936' lon='12.33294361943'>
    <tag k='addr:housenumber' v='1125' />
    <tag k='addr:place' v='San Polo' />
  </node>
  <node id='-37870806' action='modify' visible='true' lat='45.43647273294' lon='12.32985786992'>
    <tag k='addr:housenumber' v='2052' />
    <tag k='addr:place' v='San Polo' />
  </node>
  <node id='-37870807' action='modify' visible='true' lat='45.43875132707' lon='12.33367254917'>
    <tag k='addr:housenumber' v='451' />
    <tag k='addr:place' v='San Polo' />
  </node>
  <node id='-37870808' action='modify' visible='true' lat='45.43760302223' lon='12.33197468027'>
    <tag k='addr:housenumber' v='1246' />
    <tag k='addr:place' v='San Polo' />
  </node>
  <node id='-37870809' action='modify' visible='true' lat='45.43793926983' lon='12.32776023295'>
    <tag k='addr:housenumber' v='2519a' />
    <tag k='addr:place' v='San Polo' />
  </node>
  <node id='-37870810' action='modify' visible='true' lat='45.4383797994' lon='12.33222081246'>
    <tag k='addr:housenumber' v='934' />
    <tag k='addr:place' v='San Polo' />
  </node>
  <node id='-37870811' action='modify' visible='true' lat='45.43746572747' lon='12.33122513914'>
    <tag k='addr:housenumber' v='1484' />
    <tag k='addr:place' v='San Polo' />
  </node>
  <node id='-37870812' action='modify' visible='true' lat='45.43705613294' lon='12.33105510676'>
    <tag k='addr:housenumber' v='1449d' />
    <tag k='addr:place' v='San Polo' />
  </node>
  <node id='-37870813' action='modify' visible='true' lat='45.43600199392' lon='12.32727673425'>
    <tag k='addr:housenumber' v='2866' />
    <tag k='addr:place' v='San Polo' />
  </node>
  <node id='-37870814' action='modify' visible='true' lat='45.43901431654' lon='12.33371873451'>
    <tag k='addr:housenumber' v='841' />
    <tag k='addr:place' v='San Polo' />
  </node>
  <node id='-37870815' action='modify' visible='true' lat='45.43878158909' lon='12.33130206304'>
    <tag k='addr:housenumber' v='1905' />
    <tag k='addr:place' v='San Polo' />
  </node>
  <node id='-37870816' action='modify' visible='true' lat='45.43707177247' lon='12.32927995453'>
    <tag k='addr:housenumber' v='2110' />
    <tag k='addr:place' v='San Polo' />
  </node>
  <node id='-37870817' action='modify' visible='true' lat='45.4368110488' lon='12.32710730222'>
    <tag k='addr:housenumber' v='2995' />
    <tag k='addr:place' v='San Polo' />
  </node>
  <node id='-37870818' action='modify' visible='true' lat='45.43637774152' lon='12.32661034248'>
    <tag k='addr:housenumber' v='2942' />
    <tag k='addr:place' v='San Polo' />
  </node>
  <node id='-37870819' action='modify' visible='true' lat='45.43906277078' lon='12.33541684695'>
    <tag k='addr:housenumber' v='195' />
    <tag k='addr:place' v='San Polo' />
  </node>
  <node id='-37870820' action='modify' visible='true' lat='45.43611192887' lon='12.32682476654'>
    <tag k='addr:housenumber' v='2919' />
    <tag k='addr:place' v='San Polo' />
  </node>
  <node id='-37870821' action='modify' visible='true' lat='45.43845805747' lon='12.33518648849'>
    <tag k='addr:housenumber' v='67' />
    <tag k='addr:place' v='San Polo' />
  </node>
  <node id='-37870822' action='modify' visible='true' lat='45.43892006646' lon='12.33411613476'>
    <tag k='addr:housenumber' v='424' />
    <tag k='addr:place' v='San Polo' />
  </node>
  <node id='-37870823' action='modify' visible='true' lat='45.43635270843' lon='12.3259786907'>
    <tag k='addr:housenumber' v='3040' />
    <tag k='addr:place' v='San Polo' />
  </node>
  <node id='-37870824' action='modify' visible='true' lat='45.43738073464' lon='12.32462329689'>
    <tag k='addr:housenumber' v='3073c' />
    <tag k='addr:place' v='San Polo' />
  </node>
  <node id='-37870825' action='modify' visible='true' lat='45.4386432801' lon='12.32630595857'>
    <tag k='addr:housenumber' v='2433' />
    <tag k='addr:place' v='San Polo' />
  </node>
  <node id='-37870826' action='modify' visible='true' lat='45.43738542127' lon='12.33044483936'>
    <tag k='addr:housenumber' v='1960' />
    <tag k='addr:place' v='San Polo' />
  </node>
  <node id='-37870827' action='modify' visible='true' lat='45.43786109556' lon='12.33372123973'>
    <tag k='addr:housenumber' v='765' />
    <tag k='addr:place' v='San Polo' />
  </node>
  <node id='-37870828' action='modify' visible='true' lat='45.43779865317' lon='12.33476557419'>
    <tag k='addr:housenumber' v='622' />
    <tag k='addr:place' v='San Polo' />
  </node>
  <node id='-37870829' action='modify' visible='true' lat='45.43914272264' lon='12.33352293606'>
    <tag k='addr:housenumber' v='840a' />
    <tag k='addr:place' v='San Polo' />
  </node>
  <node id='-37870830' action='modify' visible='true' lat='45.43790609586' lon='12.32930559073'>
    <tag k='addr:housenumber' v='2155' />
    <tag k='addr:place' v='San Polo' />
  </node>
  <node id='-37870831' action='modify' visible='true' lat='45.43777100349' lon='12.33426870319'>
    <tag k='addr:housenumber' v='680' />
    <tag k='addr:place' v='San Polo' />
  </node>
  <node id='-37870832' action='modify' visible='true' lat='45.43908613886' lon='12.33439179631'>
    <tag k='addr:housenumber' v='234' />
    <tag k='addr:place' v='San Polo' />
  </node>
  <node id='-37870833' action='modify' visible='true' lat='45.43579083827' lon='12.32738292696'>
    <tag k='addr:housenumber' v='2897' />
    <tag k='addr:place' v='San Polo' />
  </node>
  <node id='-37870834' action='modify' visible='true' lat='45.43937091867' lon='12.33398446939'>
    <tag k='addr:housenumber' v='300' />
    <tag k='addr:place' v='San Polo' />
  </node>
  <node id='-37870835' action='modify' visible='true' lat='45.43912974051' lon='12.33166365756'>
    <tag k='addr:housenumber' v='1873' />
    <tag k='addr:place' v='San Polo' />
  </node>
  <node id='-37870836' action='modify' visible='true' lat='45.43913606528' lon='12.32930679465'>
    <tag k='addr:housenumber' v='2218' />
    <tag k='addr:place' v='San Polo' />
  </node>
  <node id='-37870837' action='modify' visible='true' lat='45.439274112' lon='12.33439871352'>
    <tag k='addr:housenumber' v='251' />
    <tag k='addr:place' v='San Polo' />
  </node>
  <node id='-37870838' action='modify' visible='true' lat='45.43804356556' lon='12.33370313562'>
    <tag k='addr:housenumber' v='769' />
    <tag k='addr:place' v='San Polo' />
  </node>
  <node id='-37870839' action='modify' visible='true' lat='45.43673651693' lon='12.32674240678'>
    <tag k='addr:housenumber' v='3008' />
    <tag k='addr:place' v='San Polo' />
  </node>
  <node id='-37870840' action='modify' visible='true' lat='45.43849087834' lon='12.32649745092'>
    <tag k='addr:housenumber' v='2369' />
    <tag k='addr:place' v='San Polo' />
  </node>
  <node id='-37870841' action='modify' visible='true' lat='45.43687320079' lon='12.32555213457'>
    <tag k='addr:housenumber' v='3052' />
    <tag k='addr:place' v='San Polo' />
  </node>
  <node id='-37870842' action='modify' visible='true' lat='45.43937322008' lon='12.33245195854'>
    <tag k='addr:housenumber' v='1733' />
    <tag k='addr:place' v='San Polo' />
  </node>
  <node id='-37870843' action='modify' visible='true' lat='45.43656220003' lon='12.3313591532'>
    <tag k='addr:housenumber' v='1429a' />
    <tag k='addr:place' v='San Polo' />
  </node>
  <node id='-37870844' action='modify' visible='true' lat='45.43834291455' lon='12.32815886723'>
    <tag k='addr:housenumber' v='2348' />
    <tag k='addr:place' v='San Polo' />
  </node>
  <node id='-37870845' action='modify' visible='true' lat='45.43842482097' lon='12.3242050193'>
    <tag k='addr:housenumber' v='2464g' />
    <tag k='addr:place' v='San Polo' />
  </node>
  <node id='-37870846' action='modify' visible='true' lat='45.4377378793' lon='12.33200510698'>
    <tag k='addr:housenumber' v='1303' />
    <tag k='addr:place' v='San Polo' />
  </node>
  <node id='-37870847' action='modify' visible='true' lat='45.43801655667' lon='12.33119785'>
    <tag k='addr:housenumber' v='1509' />
    <tag k='addr:place' v='San Polo' />
  </node>
  <node id='-37870848' action='modify' visible='true' lat='45.4371672153' lon='12.33042905248'>
    <tag k='addr:housenumber' v='1991' />
    <tag k='addr:place' v='San Polo' />
  </node>
  <node id='-37870849' action='modify' visible='true' lat='45.4394383462' lon='12.33377627436'>
    <tag k='addr:housenumber' v='318' />
    <tag k='addr:place' v='San Polo' />
  </node>
  <node id='-37870850' action='modify' visible='true' lat='45.43753486335' lon='12.33185662916'>
    <tag k='addr:housenumber' v='1242a' />
    <tag k='addr:place' v='San Polo' />
  </node>
  <node id='-37870851' action='modify' visible='true' lat='45.43731232927' lon='12.33109845649'>
    <tag k='addr:housenumber' v='1466' />
    <tag k='addr:place' v='San Polo' />
  </node>
  <node id='-37870852' action='modify' visible='true' lat='45.43826476604' lon='12.33316681853'>
    <tag k='addr:housenumber' v='987a' />
    <tag k='addr:place' v='San Polo' />
  </node>
  <node id='-37870853' action='modify' visible='true' lat='45.4379056544' lon='12.32871645525'>
    <tag k='addr:housenumber' v='2144' />
    <tag k='addr:place' v='San Polo' />
  </node>
  <node id='-37870854' action='modify' visible='true' lat='45.43815647538' lon='12.33187019461'>
    <tag k='addr:housenumber' v='1281' />
    <tag k='addr:place' v='San Polo' />
  </node>
  <node id='-37870855' action='modify' visible='true' lat='45.43708223166' lon='12.32932318166'>
    <tag k='addr:housenumber' v='2114' />
    <tag k='addr:place' v='San Polo' />
  </node>
  <node id='-37870856' action='modify' visible='true' lat='45.43843731633' lon='12.32679991882'>
    <tag k='addr:housenumber' v='2366' />
    <tag k='addr:place' v='San Polo' />
  </node>
  <node id='-37870857' action='modify' visible='true' lat='45.43868375555' lon='12.33374547675'>
    <tag k='addr:housenumber' v='454' />
    <tag k='addr:place' v='San Polo' />
  </node>
  <node id='-37870858' action='modify' visible='true' lat='45.43945246557' lon='12.32868025878'>
    <tag k='addr:housenumber' v='2267' />
    <tag k='addr:place' v='San Polo' />
  </node>
  <node id='-37870859' action='modify' visible='true' lat='45.43825941939' lon='12.33222984588'>
    <tag k='addr:housenumber' v='1265a' />
    <tag k='addr:place' v='San Polo' />
  </node>
  <node id='-37870860' action='modify' visible='true' lat='45.43910362893' lon='12.33329937256'>
    <tag k='addr:housenumber' v='857' />
    <tag k='addr:place' v='San Polo' />
  </node>
  <node id='-37870861' action='modify' visible='true' lat='45.43835340925' lon='12.33438744476'>
    <tag k='addr:housenumber' v='596' />
    <tag k='addr:place' v='San Polo' />
  </node>
  <node id='-37870862' action='modify' visible='true' lat='45.43808139801' lon='12.32655146772'>
    <tag k='addr:housenumber' v='2403' />
    <tag k='addr:place' v='San Polo' />
  </node>
  <node id='-37870863' action='modify' visible='true' lat='45.43885429405' lon='12.33451617932'>
    <tag k='addr:housenumber' v='475' />
    <tag k='addr:place' v='San Polo' />
  </node>
  <node id='-37870864' action='modify' visible='true' lat='45.43702931172' lon='12.32732293181'>
    <tag k='addr:housenumber' v='3001' />
    <tag k='addr:place' v='San Polo' />
  </node>
  <node id='-37870865' action='modify' visible='true' lat='45.43788469834' lon='12.32760814489'>
    <tag k='addr:housenumber' v='2522' />
    <tag k='addr:place' v='San Polo' />
  </node>
  <node id='-37870866' action='modify' visible='true' lat='45.43932155441' lon='12.33218732757'>
    <tag k='addr:housenumber' v='1741' />
    <tag k='addr:place' v='San Polo' />
  </node>
  <node id='-37870867' action='modify' visible='true' lat='45.43788734919' lon='12.33277815527'>
    <tag k='addr:housenumber' v='1072' />
    <tag k='addr:place' v='San Polo' />
  </node>
  <node id='-37870868' action='modify' visible='true' lat='45.43946570085' lon='12.33426522342'>
    <tag k='addr:housenumber' v='289' />
    <tag k='addr:place' v='San Polo' />
  </node>
  <node id='-37870869' action='modify' visible='true' lat='45.43687328009' lon='12.33288477565'>
    <tag k='addr:housenumber' v='1112' />
    <tag k='addr:place' v='San Polo' />
  </node>
  <node id='-37870870' action='modify' visible='true' lat='45.43874460903' lon='12.33387021791'>
    <tag k='addr:housenumber' v='440' />
    <tag k='addr:place' v='San Polo' />
  </node>
  <node id='-37870871' action='modify' visible='true' lat='45.43840008983' lon='12.33309320371'>
    <tag k='addr:housenumber' v='961' />
    <tag k='addr:place' v='San Polo' />
  </node>
  <node id='-37870872' action='modify' visible='true' lat='45.43681747694' lon='12.32895234756'>
    <tag k='addr:housenumber' v='2742' />
    <tag k='addr:place' v='San Polo' />
  </node>
  <node id='-37870873' action='modify' visible='true' lat='45.43745703934' lon='12.33175732132'>
    <tag k='addr:housenumber' v='1240' />
    <tag k='addr:place' v='San Polo' />
  </node>
  <node id='-37870874' action='modify' visible='true' lat='45.43611945441' lon='12.32753451937'>
    <tag k='addr:housenumber' v='2844' />
    <tag k='addr:place' v='San Polo' />
  </node>
  <node id='-37870875' action='modify' visible='true' lat='45.43731762573' lon='12.32406199995'>
    <tag k='addr:housenumber' v='3078a' />
    <tag k='addr:place' v='San Polo' />
  </node>
  <node id='-37870876' action='modify' visible='true' lat='45.4379755311' lon='12.3312354112'>
    <tag k='addr:housenumber' v='1509a' />
    <tag k='addr:place' v='San Polo' />
  </node>
  <node id='-37870877' action='modify' visible='true' lat='45.43892013825' lon='12.33250515089'>
    <tag k='addr:housenumber' v='1557a' />
    <tag k='addr:place' v='San Polo' />
  </node>
  <node id='-37870878' action='modify' visible='true' lat='45.43984908427' lon='12.33250188829'>
    <tag k='addr:housenumber' v='1849a' />
    <tag k='addr:place' v='San Polo' />
  </node>
  <node id='-37870879' action='modify' visible='true' lat='45.43743921841' lon='12.33163462316'>
    <tag k='addr:housenumber' v='1345b' />
    <tag k='addr:place' v='San Polo' />
  </node>
  <node id='-37870880' action='modify' visible='true' lat='45.43894554333' lon='12.33410010655'>
    <tag k='addr:housenumber' v='426' />
    <tag k='addr:place' v='San Polo' />
  </node>
  <node id='-37870881' action='modify' visible='true' lat='45.43647439524' lon='12.32742233578'>
    <tag k='addr:housenumber' v='2981' />
    <tag k='addr:place' v='San Polo' />
  </node>
  <node id='-37870882' action='modify' visible='true' lat='45.43906751366' lon='12.32909305154'>
    <tag k='addr:housenumber' v='2240' />
    <tag k='addr:place' v='San Polo' />
  </node>
  <node id='-37870883' action='modify' visible='true' lat='45.43683661821' lon='12.33224818516'>
    <tag k='addr:housenumber' v='1206' />
    <tag k='addr:place' v='San Polo' />
  </node>
  <node id='-37870884' action='modify' visible='true' lat='45.43974305274' lon='12.3341081685'>
    <tag k='addr:housenumber' v='326a' />
    <tag k='addr:place' v='San Polo' />
  </node>
  <node id='-37870885' action='modify' visible='true' lat='45.43833242476' lon='12.33330640383'>
    <tag k='addr:housenumber' v='982' />
    <tag k='addr:place' v='San Polo' />
  </node>
  <node id='-37870886' action='modify' visible='true' lat='45.43948075995' lon='12.32901159753'>
    <tag k='addr:housenumber' v='2264' />
    <tag k='addr:place' v='San Polo' />
  </node>
  <node id='-37870887' action='modify' visible='true' lat='45.43633099182' lon='12.32640044657'>
    <tag k='addr:housenumber' v='3020a' />
    <tag k='addr:place' v='San Polo' />
  </node>
  <node id='-37870888' action='modify' visible='true' lat='45.43618108978' lon='12.32758153397'>
    <tag k='addr:housenumber' v='2842' />
    <tag k='addr:place' v='San Polo' />
  </node>
  <node id='-37870889' action='modify' visible='true' lat='45.43722830171' lon='12.33048130687'>
    <tag k='addr:housenumber' v='1965' />
    <tag k='addr:place' v='San Polo' />
  </node>
  <node id='-37870890' action='modify' visible='true' lat='45.43549355753' lon='12.3278008966'>
    <tag k='addr:housenumber' v='2879' />
    <tag k='addr:place' v='San Polo' />
  </node>
  <node id='-37870891' action='modify' visible='true' lat='45.4368998417' lon='12.32568561275'>
    <tag k='addr:housenumber' v='3051' />
    <tag k='addr:place' v='San Polo' />
  </node>
  <node id='-37870892' action='modify' visible='true' lat='45.43876581858' lon='12.33140517318'>
    <tag k='addr:housenumber' v='1902' />
    <tag k='addr:place' v='San Polo' />
  </node>
  <node id='-37870893' action='modify' visible='true' lat='45.43648729108' lon='12.32800329758'>
    <tag k='addr:housenumber' v='2714' />
    <tag k='addr:place' v='San Polo' />
  </node>
  <node id='-37870894' action='modify' visible='true' lat='45.43650945626' lon='12.32827555777'>
    <tag k='addr:housenumber' v='2709' />
    <tag k='addr:place' v='San Polo' />
  </node>
  <node id='-37870895' action='modify' visible='true' lat='45.43769751622' lon='12.33037045297'>
    <tag k='addr:housenumber' v='2169' />
    <tag k='addr:place' v='San Polo' />
  </node>
  <node id='-37870896' action='modify' visible='true' lat='45.43615058113' lon='12.3276493961'>
    <tag k='addr:housenumber' v='2822a' />
    <tag k='addr:place' v='San Polo' />
  </node>
  <node id='-37870897' action='modify' visible='true' lat='45.43883978399' lon='12.33403367014'>
    <tag k='addr:housenumber' v='437' />
    <tag k='addr:place' v='San Polo' />
  </node>
  <node id='-37870898' action='modify' visible='true' lat='45.43942122243' lon='12.33237604508'>
    <tag k='addr:housenumber' v='1730' />
    <tag k='addr:place' v='San Polo' />
  </node>
  <node id='-37870899' action='modify' visible='true' lat='45.43868901422' lon='12.32406913016'>
    <tag k='addr:housenumber' v='2465m' />
    <tag k='addr:place' v='San Polo' />
  </node>
  <node id='-37870900' action='modify' visible='true' lat='45.43713002417' lon='12.3243530477'>
    <tag k='addr:housenumber' v='3093' />
    <tag k='addr:place' v='San Polo' />
  </node>
  <node id='-37870901' action='modify' visible='true' lat='45.4380401427' lon='12.33327705148'>
    <tag k='addr:housenumber' v='1031' />
    <tag k='addr:place' v='San Polo' />
  </node>
  <node id='-37870902' action='modify' visible='true' lat='45.43765430971' lon='12.32647606464'>
    <tag k='addr:housenumber' v='2548b' />
    <tag k='addr:place' v='San Polo' />
  </node>
  <node id='-37870903' action='modify' visible='true' lat='45.43929488875' lon='12.33393016902'>
    <tag k='addr:housenumber' v='299' />
    <tag k='addr:place' v='San Polo' />
  </node>
  <node id='-37870904' action='modify' visible='true' lat='45.43686705374' lon='12.32986892457'>
    <tag k='addr:housenumber' v='2028' />
    <tag k='addr:place' v='San Polo' />
  </node>
  <node id='-37870905' action='modify' visible='true' lat='45.43646919974' lon='12.32552108365'>
    <tag k='addr:housenumber' v='3113' />
    <tag k='addr:place' v='San Polo' />
  </node>
  <node id='-37870906' action='modify' visible='true' lat='45.43895566859' lon='12.33447034603'>
    <tag k='addr:housenumber' v='388a' />
    <tag k='addr:place' v='San Polo' />
  </node>
  <node id='-37870907' action='modify' visible='true' lat='45.43672879803' lon='12.33099732644'>
    <tag k='addr:housenumber' v='1436' />
    <tag k='addr:place' v='San Polo' />
  </node>
  <node id='-37870908' action='modify' visible='true' lat='45.43755723008' lon='12.33250750038'>
    <tag k='addr:housenumber' v='1155' />
    <tag k='addr:place' v='San Polo' />
  </node>
  <node id='-37870909' action='modify' visible='true' lat='45.43785828796' lon='12.33293274695'>
    <tag k='addr:housenumber' v='1058' />
    <tag k='addr:place' v='San Polo' />
  </node>
  <node id='-37870910' action='modify' visible='true' lat='45.43696597524' lon='12.32930765721'>
    <tag k='addr:housenumber' v='2105' />
    <tag k='addr:place' v='San Polo' />
  </node>
  <node id='-37870911' action='modify' visible='true' lat='45.44000600049' lon='12.33325398961'>
    <tag k='addr:housenumber' v='1645' />
    <tag k='addr:place' v='San Polo' />
  </node>
  <node id='-37870912' action='modify' visible='true' lat='45.43855992682' lon='12.33348876664'>
    <tag k='addr:housenumber' v='463a' />
    <tag k='addr:place' v='San Polo' />
  </node>
  <node id='-37870913' action='modify' visible='true' lat='45.43862706752' lon='12.33390586494'>
    <tag k='addr:housenumber' v='469' />
    <tag k='addr:place' v='San Polo' />
  </node>
  <node id='-37870914' action='modify' visible='true' lat='45.43918220307' lon='12.33397473074'>
    <tag k='addr:housenumber' v='825' />
    <tag k='addr:place' v='San Polo' />
  </node>
  <node id='-37870915' action='modify' visible='true' lat='45.43667705813' lon='12.3283200676'>
    <tag k='addr:housenumber' v='2702a' />
    <tag k='addr:place' v='San Polo' />
  </node>
  <node id='-37870916' action='modify' visible='true' lat='45.43836474095' lon='12.32850520655'>
    <tag k='addr:housenumber' v='2341' />
    <tag k='addr:place' v='San Polo' />
  </node>
  <node id='-37870917' action='modify' visible='true' lat='45.43934734737' lon='12.33269105085'>
    <tag k='addr:housenumber' v='1570' />
    <tag k='addr:place' v='San Polo' />
  </node>
  <node id='-37870918' action='modify' visible='true' lat='45.43987093857' lon='12.33252842657'>
    <tag k='addr:housenumber' v='1849' />
    <tag k='addr:place' v='San Polo' />
  </node>
  <node id='-37870919' action='modify' visible='true' lat='45.4371704892' lon='12.32800426228'>
    <tag k='addr:housenumber' v='2603' />
    <tag k='addr:place' v='San Polo' />
  </node>
  <node id='-37870920' action='modify' visible='true' lat='45.43966673816' lon='12.33426599839'>
    <tag k='addr:housenumber' v='310a' />
    <tag k='addr:place' v='San Polo' />
  </node>
  <node id='-37870921' action='modify' visible='true' lat='45.43885315981' lon='12.32842868207'>
    <tag k='addr:housenumber' v='2292' />
    <tag k='addr:place' v='San Polo' />
  </node>
  <node id='-37870922' action='modify' visible='true' lat='45.4391164859' lon='12.33241377281'>
    <tag k='addr:housenumber' v='1561' />
    <tag k='addr:place' v='San Polo' />
  </node>
  <node id='-37870923' action='modify' visible='true' lat='45.43979661682' lon='12.33250683858'>
    <tag k='addr:housenumber' v='1763' />
    <tag k='addr:place' v='San Polo' />
  </node>
  <node id='-37870924' action='modify' visible='true' lat='45.43874770514' lon='12.33424605087'>
    <tag k='addr:housenumber' v='416' />
    <tag k='addr:place' v='San Polo' />
  </node>
  <node id='-37870925' action='modify' visible='true' lat='45.43748498091' lon='12.33127965935'>
    <tag k='addr:housenumber' v='1483' />
    <tag k='addr:place' v='San Polo' />
  </node>
  <node id='-37870926' action='modify' visible='true' lat='45.43708107548' lon='12.33041989557'>
    <tag k='addr:housenumber' v='1994' />
    <tag k='addr:place' v='San Polo' />
  </node>
  <node id='-37870927' action='modify' visible='true' lat='45.43920853641' lon='12.33490672088'>
    <tag k='addr:housenumber' v='221' />
    <tag k='addr:place' v='San Polo' />
  </node>
  <node id='-37870928' action='modify' visible='true' lat='45.44015590286' lon='12.33219290059'>
    <tag k='addr:housenumber' v='1839' />
    <tag k='addr:place' v='San Polo' />
  </node>
  <node id='-37870929' action='modify' visible='true' lat='45.4381525719' lon='12.3329680525'>
    <tag k='addr:housenumber' v='991a' />
    <tag k='addr:place' v='San Polo' />
  </node>
  <node id='-37870930' action='modify' visible='true' lat='45.43969154031' lon='12.33270301269'>
    <tag k='addr:housenumber' v='1682' />
    <tag k='addr:place' v='San Polo' />
  </node>
  <node id='-37870931' action='modify' visible='true' lat='45.43645605463' lon='12.32619472404'>
    <tag k='addr:housenumber' v='3032' />
    <tag k='addr:place' v='San Polo' />
  </node>
  <node id='-37870932' action='modify' visible='true' lat='45.43824517651' lon='12.33490013838'>
    <tag k='addr:housenumber' v='545' />
    <tag k='addr:place' v='San Polo' />
  </node>
  <node id='-37870933' action='modify' visible='true' lat='45.43689178154' lon='12.32552759068'>
    <tag k='addr:housenumber' v='3053' />
    <tag k='addr:place' v='San Polo' />
  </node>
  <node id='-37870934' action='modify' visible='true' lat='45.43617299383' lon='12.32822567381'>
    <tag k='addr:housenumber' v='2801' />
    <tag k='addr:place' v='San Polo' />
  </node>
  <node id='-37870935' action='modify' visible='true' lat='45.43772490786' lon='12.33431697121'>
    <tag k='addr:housenumber' v='678b' />
    <tag k='addr:place' v='San Polo' />
  </node>
  <node id='-37870936' action='modify' visible='true' lat='45.43923009456' lon='12.3288061002'>
    <tag k='addr:housenumber' v='2272a' />
    <tag k='addr:place' v='San Polo' />
  </node>
  <node id='-37870937' action='modify' visible='true' lat='45.44026630106' lon='12.33261998008'>
    <tag k='addr:housenumber' v='1813' />
    <tag k='addr:place' v='San Polo' />
  </node>
  <node id='-37870938' action='modify' visible='true' lat='45.43801479309' lon='12.33355549498'>
    <tag k='addr:housenumber' v='1011' />
    <tag k='addr:place' v='San Polo' />
  </node>
  <node id='-37870939' action='modify' visible='true' lat='45.43649965976' lon='12.33025671538'>
    <tag k='addr:housenumber' v='2033' />
    <tag k='addr:place' v='San Polo' />
  </node>
  <node id='-37870940' action='modify' visible='true' lat='45.43806266638' lon='12.32747967608'>
    <tag k='addr:housenumber' v='2510' />
    <tag k='addr:place' v='San Polo' />
  </node>
  <node id='-37870941' action='modify' visible='true' lat='45.4373560094' lon='12.32436066839'>
    <tag k='addr:housenumber' v='3076b' />
    <tag k='addr:place' v='San Polo' />
  </node>
  <node id='-37870942' action='modify' visible='true' lat='45.43825453697' lon='12.33425492399'>
    <tag k='addr:housenumber' v='636' />
    <tag k='addr:place' v='San Polo' />
  </node>
  <node id='-37870943' action='modify' visible='true' lat='45.43818704806' lon='12.33390666639'>
    <tag k='addr:housenumber' v='658' />
    <tag k='addr:place' v='San Polo' />
  </node>
  <node id='-37870944' action='modify' visible='true' lat='45.43997271105' lon='12.33367899735'>
    <tag k='addr:housenumber' v='1784' />
    <tag k='addr:place' v='San Polo' />
  </node>
  <node id='-37870945' action='modify' visible='true' lat='45.43737369765' lon='12.32509873355'>
    <tag k='addr:housenumber' v='3071' />
    <tag k='addr:place' v='San Polo' />
  </node>
  <node id='-37870946' action='modify' visible='true' lat='45.43808520221' lon='12.33477336758'>
    <tag k='addr:housenumber' v='575' />
    <tag k='addr:place' v='San Polo' />
  </node>
  <node id='-37870947' action='modify' visible='true' lat='45.43981007056' lon='12.3319331599'>
    <tag k='addr:housenumber' v='1853' />
    <tag k='addr:place' v='San Polo' />
  </node>
  <node id='-37870948' action='modify' visible='true' lat='45.43792082352' lon='12.33321580039'>
    <tag k='addr:housenumber' v='1038' />
    <tag k='addr:place' v='San Polo' />
  </node>
  <node id='-37870949' action='modify' visible='true' lat='45.43632854593' lon='12.32745817499'>
    <tag k='addr:housenumber' v='2829' />
    <tag k='addr:place' v='San Polo' />
  </node>
  <node id='-37870950' action='modify' visible='true' lat='45.43727260192' lon='12.33341373947'>
    <tag k='addr:housenumber' v='1103a' />
    <tag k='addr:place' v='San Polo' />
  </node>
  <node id='-37870951' action='modify' visible='true' lat='45.43697335228' lon='12.33110548648'>
    <tag k='addr:housenumber' v='1450a' />
    <tag k='addr:place' v='San Polo' />
  </node>
  <node id='-37870952' action='modify' visible='true' lat='45.43942739691' lon='12.33262107921'>
    <tag k='addr:housenumber' v='1702' />
    <tag k='addr:place' v='San Polo' />
  </node>
  <node id='-37870953' action='modify' visible='true' lat='45.43658748673' lon='12.32660858277'>
    <tag k='addr:housenumber' v='3013' />
    <tag k='addr:place' v='San Polo' />
  </node>
  <node id='-37870954' action='modify' visible='true' lat='45.43678785645' lon='12.32882534164'>
    <tag k='addr:housenumber' v='2735' />
    <tag k='addr:place' v='San Polo' />
  </node>
  <node id='-37870955' action='modify' visible='true' lat='45.43769465038' lon='12.32708558892'>
    <tag k='addr:housenumber' v='2543c' />
    <tag k='addr:place' v='San Polo' />
  </node>
  <node id='-37870956' action='modify' visible='true' lat='45.4376174171' lon='12.32399768578'>
    <tag k='addr:housenumber' v='3078i' />
    <tag k='addr:place' v='San Polo' />
  </node>
  <node id='-37870957' action='modify' visible='true' lat='45.43745419283' lon='12.33259725625'>
    <tag k='addr:housenumber' v='1151' />
    <tag k='addr:place' v='San Polo' />
  </node>
  <node id='-37870958' action='modify' visible='true' lat='45.43885576054' lon='12.3294251981'>
    <tag k='addr:housenumber' v='2209a' />
    <tag k='addr:place' v='San Polo' />
  </node>
  <node id='-37870959' action='modify' visible='true' lat='45.43668882142' lon='12.33129952204'>
    <tag k='addr:housenumber' v='1432' />
    <tag k='addr:place' v='San Polo' />
  </node>
  <node id='-37870960' action='modify' visible='true' lat='45.43817663415' lon='12.33563262694'>
    <tag k='addr:housenumber' v='14' />
    <tag k='addr:place' v='San Polo' />
  </node>
  <node id='-37870961' action='modify' visible='true' lat='45.43870574243' lon='12.33370756346'>
    <tag k='addr:housenumber' v='453a' />
    <tag k='addr:place' v='San Polo' />
  </node>
  <node id='-37870962' action='modify' visible='true' lat='45.4390392586' lon='12.33440885907'>
    <tag k='addr:housenumber' v='384' />
    <tag k='addr:place' v='San Polo' />
  </node>
  <node id='-37870963' action='modify' visible='true' lat='45.43966780328' lon='12.33236646269'>
    <tag k='addr:housenumber' v='1759' />
    <tag k='addr:place' v='San Polo' />
  </node>
  <node id='-37870964' action='modify' visible='true' lat='45.43619262525' lon='12.32720889461'>
    <tag k='addr:housenumber' v='2851' />
    <tag k='addr:place' v='San Polo' />
  </node>
  <node id='-37870965' action='modify' visible='true' lat='45.43900627118' lon='12.32946508428'>
    <tag k='addr:housenumber' v='2221' />
    <tag k='addr:place' v='San Polo' />
  </node>
  <node id='-37870966' action='modify' visible='true' lat='45.43879824032' lon='12.3342016646'>
    <tag k='addr:housenumber' v='414a' />
    <tag k='addr:place' v='San Polo' />
  </node>
  <node id='-37870967' action='modify' visible='true' lat='45.43928004089' lon='12.33436536965'>
    <tag k='addr:housenumber' v='264' />
    <tag k='addr:place' v='San Polo' />
  </node>
  <node id='-37870968' action='modify' visible='true' lat='45.43797770879' lon='12.32792107984'>
    <tag k='addr:housenumber' v='2520' />
    <tag k='addr:place' v='San Polo' />
  </node>
  <node id='-37870969' action='modify' visible='true' lat='45.43728689082' lon='12.32798555854'>
    <tag k='addr:housenumber' v='2606' />
    <tag k='addr:place' v='San Polo' />
  </node>
  <node id='-37870970' action='modify' visible='true' lat='45.43815122397' lon='12.3234783344'>
    <tag k='addr:housenumber' v='3080l' />
    <tag k='addr:place' v='San Polo' />
  </node>
  <node id='-37870971' action='modify' visible='true' lat='45.43876781038' lon='12.33543438138'>
    <tag k='addr:housenumber' v='125' />
    <tag k='addr:place' v='San Polo' />
  </node>
  <node id='-37870972' action='modify' visible='true' lat='45.43832032268' lon='12.3351753754'>
    <tag k='addr:housenumber' v='499' />
    <tag k='addr:place' v='San Polo' />
  </node>
  <node id='-37870973' action='modify' visible='true' lat='45.43788607302' lon='12.33277566086'>
    <tag k='addr:housenumber' v='1073' />
    <tag k='addr:place' v='San Polo' />
  </node>
  <node id='-37870974' action='modify' visible='true' lat='45.43893988488' lon='12.33376794819'>
    <tag k='addr:housenumber' v='819' />
    <tag k='addr:place' v='San Polo' />
  </node>
  <node id='-37870975' action='modify' visible='true' lat='45.43867273922' lon='12.33102383742'>
    <tag k='addr:housenumber' v='1912' />
    <tag k='addr:place' v='San Polo' />
  </node>
  <node id='-37870976' action='modify' visible='true' lat='45.43695720443' lon='12.32959900211'>
    <tag k='addr:housenumber' v='2090' />
    <tag k='addr:place' v='San Polo' />
  </node>
  <node id='-37870977' action='modify' visible='true' lat='45.43908457514' lon='12.33486837507'>
    <tag k='addr:housenumber' v='218' />
    <tag k='addr:place' v='San Polo' />
  </node>
  <node id='-37870978' action='modify' visible='true' lat='45.43556934277' lon='12.32779149757'>
    <tag k='addr:housenumber' v='2876' />
    <tag k='addr:place' v='San Polo' />
  </node>
  <node id='-37870979' action='modify' visible='true' lat='45.43695128481' lon='12.32936869253'>
    <tag k='addr:housenumber' v='2094' />
    <tag k='addr:place' v='San Polo' />
  </node>
  <node id='-37870980' action='modify' visible='true' lat='45.44000104906' lon='12.333629279'>
    <tag k='addr:housenumber' v='1783' />
    <tag k='addr:place' v='San Polo' />
  </node>
  <node id='-37870981' action='modify' visible='true' lat='45.43841787375' lon='12.3341001697'>
    <tag k='addr:housenumber' v='605' />
    <tag k='addr:place' v='San Polo' />
  </node>
  <node id='-37870982' action='modify' visible='true' lat='45.43758380466' lon='12.33094700286'>
    <tag k='addr:housenumber' v='1952a' />
    <tag k='addr:place' v='San Polo' />
  </node>
  <node id='-37870983' action='modify' visible='true' lat='45.43912544354' lon='12.33528430058'>
    <tag k='addr:housenumber' v='194' />
    <tag k='addr:place' v='San Polo' />
  </node>
  <node id='-37870984' action='modify' visible='true' lat='45.43641829921' lon='12.32652300098'>
    <tag k='addr:housenumber' v='2943' />
    <tag k='addr:place' v='San Polo' />
  </node>
  <node id='-37870985' action='modify' visible='true' lat='45.43856254764' lon='12.33197810325'>
    <tag k='addr:housenumber' v='1529' />
    <tag k='addr:place' v='San Polo' />
  </node>
  <node id='-37870986' action='modify' visible='true' lat='45.43880965487' lon='12.32622131799'>
    <tag k='addr:housenumber' v='2428' />
    <tag k='addr:place' v='San Polo' />
  </node>
  <node id='-37870987' action='modify' visible='true' lat='45.43642491649' lon='12.32569032844'>
    <tag k='addr:housenumber' v='3124' />
    <tag k='addr:place' v='San Polo' />
  </node>
  <node id='-37870988' action='modify' visible='true' lat='45.43696370254' lon='12.32985443343'>
    <tag k='addr:housenumber' v='2025' />
    <tag k='addr:place' v='San Polo' />
  </node>
  <node id='-37870989' action='modify' visible='true' lat='45.4384344775' lon='12.32653890651'>
    <tag k='addr:housenumber' v='2373' />
    <tag k='addr:place' v='San Polo' />
  </node>
  <node id='-37870990' action='modify' visible='true' lat='45.43678806769' lon='12.33112023916'>
    <tag k='addr:housenumber' v='1439' />
    <tag k='addr:place' v='San Polo' />
  </node>
  <node id='-37870991' action='modify' visible='true' lat='45.4386163462' lon='12.33115625145'>
    <tag k='addr:housenumber' v='1910' />
    <tag k='addr:place' v='San Polo' />
  </node>
  <node id='-37870992' action='modify' visible='true' lat='45.43802562685' lon='12.33378135159'>
    <tag k='addr:housenumber' v='702a' />
    <tag k='addr:place' v='San Polo' />
  </node>
  <node id='-37870993' action='modify' visible='true' lat='45.43882666446' lon='12.3320572076'>
    <tag k='addr:housenumber' v='1540a' />
    <tag k='addr:place' v='San Polo' />
  </node>
  <node id='-37870994' action='modify' visible='true' lat='45.43929765134' lon='12.33349718655'>
    <tag k='addr:housenumber' v='367a' />
    <tag k='addr:place' v='San Polo' />
  </node>
  <node id='-37870995' action='modify' visible='true' lat='45.43902057009' lon='12.3347291167'>
    <tag k='addr:housenumber' v='92b' />
    <tag k='addr:place' v='San Polo' />
  </node>
  <node id='-37870996' action='modify' visible='true' lat='45.43868477952' lon='12.33123185677'>
    <tag k='addr:housenumber' v='1922' />
    <tag k='addr:place' v='San Polo' />
  </node>
  <node id='-37870997' action='modify' visible='true' lat='45.43942406735' lon='12.33292563921'>
    <tag k='addr:housenumber' v='1576' />
    <tag k='addr:place' v='San Polo' />
  </node>
  <node id='-37870998' action='modify' visible='true' lat='45.43827276813' lon='12.33226929684'>
    <tag k='addr:housenumber' v='1264a' />
    <tag k='addr:place' v='San Polo' />
  </node>
  <node id='-37870999' action='modify' visible='true' lat='45.43696014781' lon='12.32820816294'>
    <tag k='addr:housenumber' v='2677' />
    <tag k='addr:place' v='San Polo' />
  </node>
  <node id='-37871000' action='modify' visible='true' lat='45.43848904329' lon='12.32454309102'>
    <tag k='addr:housenumber' v='2464b' />
    <tag k='addr:place' v='San Polo' />
  </node>
  <node id='-37871001' action='modify' visible='true' lat='45.43592317916' lon='12.32625786019'>
    <tag k='addr:housenumber' v='2934' />
    <tag k='addr:place' v='San Polo' />
  </node>
  <node id='-37871002' action='modify' visible='true' lat='45.43951164115' lon='12.33475753272'>
    <tag k='addr:housenumber' v='178' />
    <tag k='addr:place' v='San Polo' />
  </node>
  <node id='-37871003' action='modify' visible='true' lat='45.43852446053' lon='12.3332187193'>
    <tag k='addr:housenumber' v='956' />
    <tag k='addr:place' v='San Polo' />
  </node>
  <node id='-37871004' action='modify' visible='true' lat='45.43982186965' lon='12.33389618149'>
    <tag k='addr:housenumber' v='341c' />
    <tag k='addr:place' v='San Polo' />
  </node>
  <node id='-37871005' action='modify' visible='true' lat='45.43755299935' lon='12.33234247108'>
    <tag k='addr:housenumber' v='1187' />
    <tag k='addr:place' v='San Polo' />
  </node>
  <node id='-37871006' action='modify' visible='true' lat='45.43780296998' lon='12.33429323696'>
    <tag k='addr:housenumber' v='669' />
    <tag k='addr:place' v='San Polo' />
  </node>
  <node id='-37871007' action='modify' visible='true' lat='45.4389728121' lon='12.33502878104'>
    <tag k='addr:housenumber' v='212' />
    <tag k='addr:place' v='San Polo' />
  </node>
  <node id='-37871008' action='modify' visible='true' lat='45.43998519039' lon='12.3336571'>
    <tag k='addr:housenumber' v='1783a' />
    <tag k='addr:place' v='San Polo' />
  </node>
  <node id='-37871009' action='modify' visible='true' lat='45.43917167114' lon='12.33417951065'>
    <tag k='addr:housenumber' v='268' />
    <tag k='addr:place' v='San Polo' />
  </node>
  <node id='-37871010' action='modify' visible='true' lat='45.43820104953' lon='12.3336495972'>
    <tag k='addr:housenumber' v='698' />
    <tag k='addr:place' v='San Polo' />
  </node>
  <node id='-37871011' action='modify' visible='true' lat='45.43861666227' lon='12.33157629521'>
    <tag k='addr:housenumber' v='1897' />
    <tag k='addr:place' v='San Polo' />
  </node>
  <node id='-37871012' action='modify' visible='true' lat='45.43839983172' lon='12.33171958449'>
    <tag k='addr:housenumber' v='1519a' />
    <tag k='addr:place' v='San Polo' />
  </node>
  <node id='-37871013' action='modify' visible='true' lat='45.43885896039' lon='12.3336824899'>
    <tag k='addr:housenumber' v='816' />
    <tag k='addr:place' v='San Polo' />
  </node>
  <node id='-37871014' action='modify' visible='true' lat='45.43925505007' lon='12.33419745634'>
    <tag k='addr:housenumber' v='274' />
    <tag k='addr:place' v='San Polo' />
  </node>
  <node id='-37871015' action='modify' visible='true' lat='45.43882799154' lon='12.33534096257'>
    <tag k='addr:housenumber' v='123' />
    <tag k='addr:place' v='San Polo' />
  </node>
  <node id='-37871016' action='modify' visible='true' lat='45.43906451957' lon='12.32863478123'>
    <tag k='addr:housenumber' v='2275' />
    <tag k='addr:place' v='San Polo' />
  </node>
  <node id='-37871017' action='modify' visible='true' lat='45.43827325518' lon='12.33451508483'>
    <tag k='addr:housenumber' v='567' />
    <tag k='addr:place' v='San Polo' />
  </node>
  <node id='-37871018' action='modify' visible='true' lat='45.43881995413' lon='12.33550782543'>
    <tag k='addr:housenumber' v='139' />
    <tag k='addr:place' v='San Polo' />
  </node>
  <node id='-37871019' action='modify' visible='true' lat='45.43888815908' lon='12.33540180299'>
    <tag k='addr:housenumber' v='142' />
    <tag k='addr:place' v='San Polo' />
  </node>
  <node id='-37871020' action='modify' visible='true' lat='45.43886904601' lon='12.33543151366'>
    <tag k='addr:housenumber' v='141' />
    <tag k='addr:place' v='San Polo' />
  </node>
  <node id='-37871021' action='modify' visible='true' lat='45.44009291969' lon='12.33256830872'>
    <tag k='addr:housenumber' v='1826' />
    <tag k='addr:place' v='San Polo' />
  </node>
  <node id='-37871022' action='modify' visible='true' lat='45.43891353515' lon='12.33536235619'>
    <tag k='addr:housenumber' v='143' />
    <tag k='addr:place' v='San Polo' />
  </node>
  <node id='-37871023' action='modify' visible='true' lat='45.43917423453' lon='12.33536569969'>
    <tag k='addr:housenumber' v='149' />
    <tag k='addr:place' v='San Polo' />
  </node>
  <node id='-37871024' action='modify' visible='true' lat='45.43746779406' lon='12.3317761101'>
    <tag k='addr:housenumber' v='1239' />
    <tag k='addr:place' v='San Polo' />
  </node>
  <node id='-37871025' action='modify' visible='true' lat='45.43860951804' lon='12.32855304593'>
    <tag k='addr:housenumber' v='2321' />
    <tag k='addr:place' v='San Polo' />
  </node>
  <node id='-37871026' action='modify' visible='true' lat='45.43794933809' lon='12.33342314653'>
    <tag k='addr:housenumber' v='1025a' />
    <tag k='addr:place' v='San Polo' />
  </node>
  <node id='-37871027' action='modify' visible='true' lat='45.43884872646' lon='12.33546309994'>
    <tag k='addr:housenumber' v='140' />
    <tag k='addr:place' v='San Polo' />
  </node>
  <node id='-37871028' action='modify' visible='true' lat='45.4389343384' lon='12.33533061725'>
    <tag k='addr:housenumber' v='144' />
    <tag k='addr:place' v='San Polo' />
  </node>
  <node id='-37871029' action='modify' visible='true' lat='45.43919219448' lon='12.33413519916'>
    <tag k='addr:housenumber' v='269' />
    <tag k='addr:place' v='San Polo' />
  </node>
  <node id='-37871030' action='modify' visible='true' lat='45.43882860606' lon='12.32940896807'>
    <tag k='addr:housenumber' v='2209' />
    <tag k='addr:place' v='San Polo' />
  </node>
  <node id='-37871031' action='modify' visible='true' lat='45.43825818669' lon='12.32592994891'>
    <tag k='addr:housenumber' v='2468c' />
    <tag k='addr:place' v='San Polo' />
  </node>
  <node id='-37871032' action='modify' visible='true' lat='45.43924264447' lon='12.33453163391'>
    <tag k='addr:housenumber' v='239' />
    <tag k='addr:place' v='San Polo' />
  </node>
  <node id='-37871033' action='modify' visible='true' lat='45.43733314127' lon='12.33108562061'>
    <tag k='addr:housenumber' v='1466a' />
    <tag k='addr:place' v='San Polo' />
  </node>
  <node id='-37871034' action='modify' visible='true' lat='45.43918805119' lon='12.33539874603'>
    <tag k='addr:housenumber' v='198;199;200;201;202' />
    <tag k='addr:place' v='San Polo' />
  </node>
  <node id='-37871035' action='modify' visible='true' lat='45.43846569878' lon='12.33368027566'>
    <tag k='addr:housenumber' v='467' />
    <tag k='addr:place' v='San Polo' />
  </node>
  <node id='-37871036' action='modify' visible='true' lat='45.43805613651' lon='12.32703695592'>
    <tag k='addr:housenumber' v='2503' />
    <tag k='addr:place' v='San Polo' />
  </node>
  <node id='-37871037' action='modify' visible='true' lat='45.4391360043' lon='12.33546553927'>
    <tag k='addr:housenumber' v='197' />
    <tag k='addr:place' v='San Polo' />
  </node>
  <node id='-37871038' action='modify' visible='true' lat='45.43945444929' lon='12.33461033566'>
    <tag k='addr:housenumber' v='255a' />
    <tag k='addr:place' v='San Polo' />
  </node>
  <node id='-37871039' action='modify' visible='true' lat='45.43783994974' lon='12.32874421593'>
    <tag k='addr:housenumber' v='2137' />
    <tag k='addr:place' v='San Polo' />
  </node>
  <node id='-37871040' action='modify' visible='true' lat='45.4373575261' lon='12.33422888181'>
    <tag k='addr:housenumber' v='745' />
    <tag k='addr:place' v='San Polo' />
  </node>
  <node id='-37871041' action='modify' visible='true' lat='45.43908223846' lon='12.33480844019'>
    <tag k='addr:housenumber' v='110a' />
    <tag k='addr:place' v='San Polo' />
  </node>
  <node id='-37871042' action='modify' visible='true' lat='45.437866701' lon='12.33279174226'>
    <tag k='addr:housenumber' v='1062' />
    <tag k='addr:place' v='San Polo' />
  </node>
  <node id='-37871043' action='modify' visible='true' lat='45.4360915192' lon='12.32744786272'>
    <tag k='addr:housenumber' v='2845' />
    <tag k='addr:place' v='San Polo' />
  </node>
  <node id='-37871044' action='modify' visible='true' lat='45.43833826476' lon='12.33463302568'>
    <tag k='addr:housenumber' v='541c' />
    <tag k='addr:place' v='San Polo' />
  </node>
  <node id='-37871045' action='modify' visible='true' lat='45.43804623428' lon='12.33376197236'>
    <tag k='addr:housenumber' v='701a' />
    <tag k='addr:place' v='San Polo' />
  </node>
  <node id='-37871046' action='modify' visible='true' lat='45.43877650485' lon='12.33199596517'>
    <tag k='addr:housenumber' v='1536' />
    <tag k='addr:place' v='San Polo' />
  </node>
  <node id='-37871047' action='modify' visible='true' lat='45.43721924885' lon='12.32761859693'>
    <tag k='addr:housenumber' v='2589' />
    <tag k='addr:place' v='San Polo' />
  </node>
  <node id='-37871048' action='modify' visible='true' lat='45.43731705507' lon='12.33045113309'>
    <tag k='addr:housenumber' v='1962' />
    <tag k='addr:place' v='San Polo' />
  </node>
  <node id='-37871049' action='modify' visible='true' lat='45.43897498386' lon='12.33469883377'>
    <tag k='addr:housenumber' v='92' />
    <tag k='addr:place' v='San Polo' />
  </node>
  <node id='-37871050' action='modify' visible='true' lat='45.43895974563' lon='12.33472085751'>
    <tag k='addr:housenumber' v='93' />
    <tag k='addr:place' v='San Polo' />
  </node>
  <node id='-37871051' action='modify' visible='true' lat='45.438963034' lon='12.33485096599'>
    <tag k='addr:housenumber' v='106' />
    <tag k='addr:place' v='San Polo' />
  </node>
  <node id='-37871052' action='modify' visible='true' lat='45.43894435034' lon='12.33474292123'>
    <tag k='addr:housenumber' v='94' />
    <tag k='addr:place' v='San Polo' />
  </node>
  <node id='-37871053' action='modify' visible='true' lat='45.43810700656' lon='12.33392026122'>
    <tag k='addr:housenumber' v='690' />
    <tag k='addr:place' v='San Polo' />
  </node>
  <node id='-37871054' action='modify' visible='true' lat='45.43892887889' lon='12.33370182315'>
    <tag k='addr:housenumber' v='842' />
    <tag k='addr:place' v='San Polo' />
  </node>
  <node id='-37871055' action='modify' visible='true' lat='45.43706273128' lon='12.32838803497'>
    <tag k='addr:housenumber' v='2659' />
    <tag k='addr:place' v='San Polo' />
  </node>
  <node id='-37871056' action='modify' visible='true' lat='45.43926710295' lon='12.33300330971'>
    <tag k='addr:housenumber' v='1583' />
    <tag k='addr:place' v='San Polo' />
  </node>
  <node id='-37871057' action='modify' visible='true' lat='45.43881250421' lon='12.32613706336'>
    <tag k='addr:housenumber' v='2427a' />
    <tag k='addr:place' v='San Polo' />
  </node>
  <node id='-37871058' action='modify' visible='true' lat='45.4396197952' lon='12.33322640072'>
    <tag k='addr:housenumber' v='1612' />
    <tag k='addr:place' v='San Polo' />
  </node>
  <node id='-37871059' action='modify' visible='true' lat='45.4388117481' lon='12.33427115851'>
    <tag k='addr:housenumber' v='409b' />
    <tag k='addr:place' v='San Polo' />
  </node>
  <node id='-37871060' action='modify' visible='true' lat='45.43886056542' lon='12.33461071065'>
    <tag k='addr:housenumber' v='49' />
    <tag k='addr:place' v='San Polo' />
  </node>
  <node id='-37871061' action='modify' visible='true' lat='45.43888187346' lon='12.33457958444'>
    <tag k='addr:housenumber' v='48' />
    <tag k='addr:place' v='San Polo' />
  </node>
  <node id='-37871062' action='modify' visible='true' lat='45.43884382233' lon='12.33463445791'>
    <tag k='addr:housenumber' v='50' />
    <tag k='addr:place' v='San Polo' />
  </node>
  <node id='-37871063' action='modify' visible='true' lat='45.43761315065' lon='12.33251572777'>
    <tag k='addr:housenumber' v='1139' />
    <tag k='addr:place' v='San Polo' />
  </node>
  <node id='-37871064' action='modify' visible='true' lat='45.43864485162' lon='12.33491965469'>
    <tag k='addr:housenumber' v='59' />
    <tag k='addr:place' v='San Polo' />
  </node>
  <node id='-37871065' action='modify' visible='true' lat='45.4386120336' lon='12.33496634466'>
    <tag k='addr:housenumber' v='61' />
    <tag k='addr:place' v='San Polo' />
  </node>
  <node id='-37871066' action='modify' visible='true' lat='45.43718901641' lon='12.33145359569'>
    <tag k='addr:housenumber' v='1406' />
    <tag k='addr:place' v='San Polo' />
  </node>
  <node id='-37871067' action='modify' visible='true' lat='45.43867346865' lon='12.33487894334'>
    <tag k='addr:housenumber' v='57' />
    <tag k='addr:place' v='San Polo' />
  </node>
  <node id='-37871068' action='modify' visible='true' lat='45.43878134886' lon='12.33424406444'>
    <tag k='addr:housenumber' v='413a' />
    <tag k='addr:place' v='San Polo' />
  </node>
  <node id='-37871069' action='modify' visible='true' lat='45.43866109979' lon='12.33489653995'>
    <tag k='addr:housenumber' v='58' />
    <tag k='addr:place' v='San Polo' />
  </node>
  <node id='-37871070' action='modify' visible='true' lat='45.43816992116' lon='12.333528992'>
    <tag k='addr:housenumber' v='973' />
    <tag k='addr:place' v='San Polo' />
  </node>
  <node id='-37871071' action='modify' visible='true' lat='45.43870231968' lon='12.33483800826'>
    <tag k='addr:housenumber' v='56a' />
    <tag k='addr:place' v='San Polo' />
  </node>
  <node id='-37871072' action='modify' visible='true' lat='45.43698571913' lon='12.32972326765'>
    <tag k='addr:housenumber' v='2087' />
    <tag k='addr:place' v='San Polo' />
  </node>
  <node id='-37871073' action='modify' visible='true' lat='45.43862127259' lon='12.32401891532'>
    <tag k='addr:housenumber' v='2464m' />
    <tag k='addr:place' v='San Polo' />
  </node>
  <node id='-37871074' action='modify' visible='true' lat='45.43906346683' lon='12.334032482'>
    <tag k='addr:housenumber' v='398a' />
    <tag k='addr:place' v='San Polo' />
  </node>
  <node id='-37871075' action='modify' visible='true' lat='45.43858038141' lon='12.3311533795'>
    <tag k='addr:housenumber' v='1934' />
    <tag k='addr:place' v='San Polo' />
  </node>
  <node id='-37871076' action='modify' visible='true' lat='45.4388230979' lon='12.33466434442'>
    <tag k='addr:housenumber' v='51' />
    <tag k='addr:place' v='San Polo' />
  </node>
  <node id='-37871077' action='modify' visible='true' lat='45.43872944566' lon='12.33479884264'>
    <tag k='addr:housenumber' v='55a' />
    <tag k='addr:place' v='San Polo' />
  </node>
  <node id='-37871078' action='modify' visible='true' lat='45.43902419636' lon='12.33538867352'>
    <tag k='addr:housenumber' v='146' />
    <tag k='addr:place' v='San Polo' />
  </node>
  <node id='-37871079' action='modify' visible='true' lat='45.43874648922' lon='12.33477440802'>
    <tag k='addr:housenumber' v='55' />
    <tag k='addr:place' v='San Polo' />
  </node>
  <node id='-37871080' action='modify' visible='true' lat='45.4362253221' lon='12.32679447484'>
    <tag k='addr:housenumber' v='2932' />
    <tag k='addr:place' v='San Polo' />
  </node>
  <node id='-37871081' action='modify' visible='true' lat='45.43790130229' lon='12.33322635794'>
    <tag k='addr:housenumber' v='1039' />
    <tag k='addr:place' v='San Polo' />
  </node>
  <node id='-37871082' action='modify' visible='true' lat='45.43663679836' lon='12.33139318076'>
    <tag k='addr:housenumber' v='1426' />
    <tag k='addr:place' v='San Polo' />
  </node>
  <node id='-37871083' action='modify' visible='true' lat='45.43744569401' lon='12.33043982031'>
    <tag k='addr:housenumber' v='1957a' />
    <tag k='addr:place' v='San Polo' />
  </node>
  <node id='-37871084' action='modify' visible='true' lat='45.43936964895' lon='12.32892633831'>
    <tag k='addr:housenumber' v='2262' />
    <tag k='addr:place' v='San Polo' />
  </node>
  <node id='-37871085' action='modify' visible='true' lat='45.43799697356' lon='12.33356756074'>
    <tag k='addr:housenumber' v='1010' />
    <tag k='addr:place' v='San Polo' />
  </node>
  <node id='-37871086' action='modify' visible='true' lat='45.43781174567' lon='12.33299280919'>
    <tag k='addr:housenumber' v='1056' />
    <tag k='addr:place' v='San Polo' />
  </node>
  <node id='-37871087' action='modify' visible='true' lat='45.43772028761' lon='12.32381641693'>
    <tag k='addr:housenumber' v='3078g' />
    <tag k='addr:place' v='San Polo' />
  </node>
  <node id='-37871088' action='modify' visible='true' lat='45.44019658514' lon='12.33235949729'>
    <tag k='addr:housenumber' v='1817' />
    <tag k='addr:place' v='San Polo' />
  </node>
  <node id='-37871089' action='modify' visible='true' lat='45.43730144996' lon='12.32819515894'>
    <tag k='addr:housenumber' v='2616' />
    <tag k='addr:place' v='San Polo' />
  </node>
  <node id='-37871090' action='modify' visible='true' lat='45.43598787161' lon='12.3265085977'>
    <tag k='addr:housenumber' v='2938' />
    <tag k='addr:place' v='San Polo' />
  </node>
  <node id='-37871091' action='modify' visible='true' lat='45.43823532371' lon='12.33215706832'>
    <tag k='addr:housenumber' v='1266a' />
    <tag k='addr:place' v='San Polo' />
  </node>
  <node id='-37871092' action='modify' visible='true' lat='45.43727622078' lon='12.33219326551'>
    <tag k='addr:housenumber' v='1212' />
    <tag k='addr:place' v='San Polo' />
  </node>
  <node id='-37871093' action='modify' visible='true' lat='45.43886427994' lon='12.33485785669'>
    <tag k='addr:housenumber' v='98' />
    <tag k='addr:place' v='San Polo' />
  </node>
  <node id='-37871094' action='modify' visible='true' lat='45.43858103094' lon='12.33424386949'>
    <tag k='addr:housenumber' v='483' />
    <tag k='addr:place' v='San Polo' />
  </node>
  <node id='-37871095' action='modify' visible='true' lat='45.43835868097' lon='12.33539465818'>
    <tag k='addr:housenumber' v='24' />
    <tag k='addr:place' v='San Polo' />
  </node>
  <node id='-37871096' action='modify' visible='true' lat='45.43649026358' lon='12.32869848274'>
    <tag k='addr:housenumber' v='2757' />
    <tag k='addr:place' v='San Polo' />
  </node>
  <node id='-37871097' action='modify' visible='true' lat='45.4380558289' lon='12.33333072406'>
    <tag k='addr:housenumber' v='1030' />
    <tag k='addr:place' v='San Polo' />
  </node>
  <node id='-37871098' action='modify' visible='true' lat='45.4384707399' lon='12.33480527894'>
    <tag k='addr:housenumber' v='516' />
    <tag k='addr:place' v='San Polo' />
  </node>
  <node id='-37871099' action='modify' visible='true' lat='45.43735020053' lon='12.33199508199'>
    <tag k='addr:housenumber' v='1215' />
    <tag k='addr:place' v='San Polo' />
  </node>
  <node id='-37871100' action='modify' visible='true' lat='45.43858904868' lon='12.33499904445'>
    <tag k='addr:housenumber' v='62' />
    <tag k='addr:place' v='San Polo' />
  </node>
  <node id='-37871101' action='modify' visible='true' lat='45.43892268652' lon='12.33477398109'>
    <tag k='addr:housenumber' v='95' />
    <tag k='addr:place' v='San Polo' />
  </node>
  <node id='-37871102' action='modify' visible='true' lat='45.43847340473' lon='12.3351645226'>
    <tag k='addr:housenumber' v='66' />
    <tag k='addr:place' v='San Polo' />
  </node>
  <node id='-37871103' action='modify' visible='true' lat='45.43855977574' lon='12.33504068977'>
    <tag k='addr:housenumber' v='63' />
    <tag k='addr:place' v='San Polo' />
  </node>
  <node id='-37871104' action='modify' visible='true' lat='45.43788141867' lon='12.33377389725'>
    <tag k='addr:housenumber' v='766' />
    <tag k='addr:place' v='San Polo' />
  </node>
  <node id='-37871105' action='modify' visible='true' lat='45.43638797088' lon='12.3254635153'>
    <tag k='addr:housenumber' v='3111' />
    <tag k='addr:place' v='San Polo' />
  </node>
  <node id='-37871106' action='modify' visible='true' lat='45.43890283381' lon='12.33480259724'>
    <tag k='addr:housenumber' v='96' />
    <tag k='addr:place' v='San Polo' />
  </node>
  <node id='-37871107' action='modify' visible='true' lat='45.4394538752' lon='12.33502463181'>
    <tag k='addr:housenumber' v='158' />
    <tag k='addr:place' v='San Polo' />
  </node>
  <node id='-37871108' action='modify' visible='true' lat='45.43888173191' lon='12.33483289928'>
    <tag k='addr:housenumber' v='97' />
    <tag k='addr:place' v='San Polo' />
  </node>
  <node id='-37871109' action='modify' visible='true' lat='45.43884628561' lon='12.33531241633'>
    <tag k='addr:housenumber' v='122' />
    <tag k='addr:place' v='San Polo' />
  </node>
  <node id='-37871110' action='modify' visible='true' lat='45.43886485029' lon='12.33528356572'>
    <tag k='addr:housenumber' v='121' />
    <tag k='addr:place' v='San Polo' />
  </node>
  <node id='-37871111' action='modify' visible='true' lat='45.4374879016' lon='12.32860916713'>
    <tag k='addr:housenumber' v='2652' />
    <tag k='addr:place' v='San Polo' />
  </node>
  <node id='-37871112' action='modify' visible='true' lat='45.43900518508' lon='12.32893610458'>
    <tag k='addr:housenumber' v='2245a' />
    <tag k='addr:place' v='San Polo' />
  </node>
  <node id='-37871113' action='modify' visible='true' lat='45.43864185866' lon='12.33563263179'>
    <tag k='addr:housenumber' v='131' />
    <tag k='addr:place' v='San Polo' />
  </node>
  <node id='-37871114' action='modify' visible='true' lat='45.43881835299' lon='12.33492399897'>
    <tag k='addr:housenumber' v='100' />
    <tag k='addr:place' v='San Polo' />
  </node>
  <node id='-37871115' action='modify' visible='true' lat='45.43866345556' lon='12.3288679114'>
    <tag k='addr:housenumber' v='2315' />
    <tag k='addr:place' v='San Polo' />
  </node>
  <node id='-37871116' action='modify' visible='true' lat='45.43888163663' lon='12.33525760088'>
    <tag k='addr:housenumber' v='120' />
    <tag k='addr:place' v='San Polo' />
  </node>
  <node id='-37871117' action='modify' visible='true' lat='45.43923276631' lon='12.33482697801'>
    <tag k='addr:housenumber' v='226c' />
    <tag k='addr:place' v='San Polo' />
  </node>
  <node id='-37871118' action='modify' visible='true' lat='45.4381747835' lon='12.33461681045'>
    <tag k='addr:housenumber' v='592' />
    <tag k='addr:place' v='San Polo' />
  </node>
  <node id='-37871119' action='modify' visible='true' lat='45.4379755203' lon='12.32899021561'>
    <tag k='addr:housenumber' v='2131' />
    <tag k='addr:place' v='San Polo' />
  </node>
  <node id='-37871120' action='modify' visible='true' lat='45.43643363132' lon='12.32605268398'>
    <tag k='addr:housenumber' v='3035' />
    <tag k='addr:place' v='San Polo' />
  </node>
  <node id='-37871121' action='modify' visible='true' lat='45.439431773' lon='12.33201601226'>
    <tag k='addr:housenumber' v='1862' />
    <tag k='addr:place' v='San Polo' />
  </node>
  <node id='-37871122' action='modify' visible='true' lat='45.43927766962' lon='12.33390748635'>
    <tag k='addr:housenumber' v='374' />
    <tag k='addr:place' v='San Polo' />
  </node>
  <node id='-37871123' action='modify' visible='true' lat='45.43909955987' lon='12.32943454459'>
    <tag k='addr:housenumber' v='2214' />
    <tag k='addr:place' v='San Polo' />
  </node>
  <node id='-37871124' action='modify' visible='true' lat='45.43893546822' lon='12.33428255682'>
    <tag k='addr:housenumber' v='406a' />
    <tag k='addr:place' v='San Polo' />
  </node>
  <node id='-37871125' action='modify' visible='true' lat='45.43986448212' lon='12.33270797965'>
    <tag k='addr:housenumber' v='1675a' />
    <tag k='addr:place' v='San Polo' />
  </node>
  <node id='-37871126' action='modify' visible='true' lat='45.44033339101' lon='12.33263151923'>
    <tag k='addr:housenumber' v='1812' />
    <tag k='addr:place' v='San Polo' />
  </node>
  <node id='-37871127' action='modify' visible='true' lat='45.43916232043' lon='12.33471044372'>
    <tag k='addr:housenumber' v='228a' />
    <tag k='addr:place' v='San Polo' />
  </node>
  <node id='-37871128' action='modify' visible='true' lat='45.43752240896' lon='12.3329590804'>
    <tag k='addr:housenumber' v='1087' />
    <tag k='addr:place' v='San Polo' />
  </node>
  <node id='-37871129' action='modify' visible='true' lat='45.43951164124' lon='12.33221138036'>
    <tag k='addr:housenumber' v='1756' />
    <tag k='addr:place' v='San Polo' />
  </node>
  <node id='-37871130' action='modify' visible='true' lat='45.43753507818' lon='12.33237525735'>
    <tag k='addr:housenumber' v='1163' />
    <tag k='addr:place' v='San Polo' />
  </node>
  <node id='-37871131' action='modify' visible='true' lat='45.43836455975' lon='12.33214049619'>
    <tag k='addr:housenumber' v='938' />
    <tag k='addr:place' v='San Polo' />
  </node>
  <node id='-37871132' action='modify' visible='true' lat='45.43703046215' lon='12.32483996477'>
    <tag k='addr:housenumber' v='3064' />
    <tag k='addr:place' v='San Polo' />
  </node>
  <node id='-37871133' action='modify' visible='true' lat='45.43834691916' lon='12.32691490385'>
    <tag k='addr:housenumber' v='2385' />
    <tag k='addr:place' v='San Polo' />
  </node>
  <node id='-37871134' action='modify' visible='true' lat='45.43579013555' lon='12.32823257967'>
    <tag k='addr:housenumber' v='2812' />
    <tag k='addr:place' v='San Polo' />
  </node>
  <node id='-37871135' action='modify' visible='true' lat='45.43818307831' lon='12.33501062866'>
    <tag k='addr:housenumber' v='527' />
    <tag k='addr:place' v='San Polo' />
  </node>
  <node id='-37871136' action='modify' visible='true' lat='45.44003028742' lon='12.33358023769'>
    <tag k='addr:housenumber' v='1782' />
    <tag k='addr:place' v='San Polo' />
  </node>
  <node id='-37871137' action='modify' visible='true' lat='45.4391209946' lon='12.33351244079'>
    <tag k='addr:housenumber' v='850' />
    <tag k='addr:place' v='San Polo' />
  </node>
  <node id='-37871138' action='modify' visible='true' lat='45.43755096122' lon='12.32826917129'>
    <tag k='addr:housenumber' v='2632' />
    <tag k='addr:place' v='San Polo' />
  </node>
  <node id='-37871139' action='modify' visible='true' lat='45.43654957986' lon='12.32832432979'>
    <tag k='addr:housenumber' v='2718' />
    <tag k='addr:place' v='San Polo' />
  </node>
  <node id='-37871140' action='modify' visible='true' lat='45.4376612015' lon='12.33348083716'>
    <tag k='addr:housenumber' v='1092' />
    <tag k='addr:place' v='San Polo' />
  </node>
  <node id='-37871141' action='modify' visible='true' lat='45.43875210446' lon='12.32931571155'>
    <tag k='addr:housenumber' v='2207b' />
    <tag k='addr:place' v='San Polo' />
  </node>
  <node id='-37871142' action='modify' visible='true' lat='45.4381560876' lon='12.33358365'>
    <tag k='addr:housenumber' v='773' />
    <tag k='addr:place' v='San Polo' />
  </node>
  <node id='-37871143' action='modify' visible='true' lat='45.43841300519' lon='12.3270501491'>
    <tag k='addr:housenumber' v='2363' />
    <tag k='addr:place' v='San Polo' />
  </node>
  <node id='-37871144' action='modify' visible='true' lat='45.43660034638' lon='12.32671287784'>
    <tag k='addr:housenumber' v='2964' />
    <tag k='addr:place' v='San Polo' />
  </node>
  <node id='-37871145' action='modify' visible='true' lat='45.43694390646' lon='12.32955330825'>
    <tag k='addr:housenumber' v='2091' />
    <tag k='addr:place' v='San Polo' />
  </node>
  <node id='-37871146' action='modify' visible='true' lat='45.43944058238' lon='12.33238543647'>
    <tag k='addr:housenumber' v='1721' />
    <tag k='addr:place' v='San Polo' />
  </node>
  <node id='-37871147' action='modify' visible='true' lat='45.43835479963' lon='12.33397616681'>
    <tag k='addr:housenumber' v='653' />
    <tag k='addr:place' v='San Polo' />
  </node>
  <node id='-37871148' action='modify' visible='true' lat='45.43694200569' lon='12.32922177954'>
    <tag k='addr:housenumber' v='2102a' />
    <tag k='addr:place' v='San Polo' />
  </node>
  <node id='-37871149' action='modify' visible='true' lat='45.43657960348' lon='12.32560245698'>
    <tag k='addr:housenumber' v='3116' />
    <tag k='addr:place' v='San Polo' />
  </node>
  <node id='-37871150' action='modify' visible='true' lat='45.43859426283' lon='12.33110962069'>
    <tag k='addr:housenumber' v='1934b' />
    <tag k='addr:place' v='San Polo' />
  </node>
  <node id='-37871151' action='modify' visible='true' lat='45.43631418834' lon='12.32576212056'>
    <tag k='addr:housenumber' v='3139' />
    <tag k='addr:place' v='San Polo' />
  </node>
  <node id='-37871152' action='modify' visible='true' lat='45.43875058957' lon='12.33279904548'>
    <tag k='addr:housenumber' v='900' />
    <tag k='addr:place' v='San Polo' />
  </node>
  <node id='-37871153' action='modify' visible='true' lat='45.43992823005' lon='12.33238228283'>
    <tag k='addr:housenumber' v='1847' />
    <tag k='addr:place' v='San Polo' />
  </node>
  <node id='-37871154' action='modify' visible='true' lat='45.44011678689' lon='12.33226678444'>
    <tag k='addr:housenumber' v='1837' />
    <tag k='addr:place' v='San Polo' />
  </node>
  <node id='-37871155' action='modify' visible='true' lat='45.43948013125' lon='12.33454085677'>
    <tag k='addr:housenumber' v='257a' />
    <tag k='addr:place' v='San Polo' />
  </node>
  <node id='-37871156' action='modify' visible='true' lat='45.43771760881' lon='12.32803623338'>
    <tag k='addr:housenumber' v='2625' />
    <tag k='addr:place' v='San Polo' />
  </node>
  <node id='-37871157' action='modify' visible='true' lat='45.43760527169' lon='12.33246396924'>
    <tag k='addr:housenumber' v='1157' />
    <tag k='addr:place' v='San Polo' />
  </node>
  <node id='-37871158' action='modify' visible='true' lat='45.44009169878' lon='12.33323624477'>
    <tag k='addr:housenumber' v='1628' />
    <tag k='addr:place' v='San Polo' />
  </node>
  <node id='-37871159' action='modify' visible='true' lat='45.43832785534' lon='12.33363307678'>
    <tag k='addr:housenumber' v='791a' />
    <tag k='addr:place' v='San Polo' />
  </node>
  <node id='-37871160' action='modify' visible='true' lat='45.43807857596' lon='12.33329238932'>
    <tag k='addr:housenumber' v='1047' />
    <tag k='addr:place' v='San Polo' />
  </node>
  <node id='-37871161' action='modify' visible='true' lat='45.4386765967' lon='12.32650456637'>
    <tag k='addr:housenumber' v='2417' />
    <tag k='addr:place' v='San Polo' />
  </node>
  <node id='-37871162' action='modify' visible='true' lat='45.43980807072' lon='12.33263392609'>
    <tag k='addr:housenumber' v='1676' />
    <tag k='addr:place' v='San Polo' />
  </node>
  <node id='-37871163' action='modify' visible='true' lat='45.44023463159' lon='12.33322882063'>
    <tag k='addr:housenumber' v='1777' />
    <tag k='addr:place' v='San Polo' />
  </node>
  <node id='-37871164' action='modify' visible='true' lat='45.43824061801' lon='12.33326323888'>
    <tag k='addr:housenumber' v='979' />
    <tag k='addr:place' v='San Polo' />
  </node>
  <node id='-37871165' action='modify' visible='true' lat='45.43770616084' lon='12.33256782929'>
    <tag k='addr:housenumber' v='1133a' />
    <tag k='addr:place' v='San Polo' />
  </node>
  <node id='-37871166' action='modify' visible='true' lat='45.4385387777' lon='12.33100999704'>
    <tag k='addr:housenumber' v='1936' />
    <tag k='addr:place' v='San Polo' />
  </node>
  <node id='-37871167' action='modify' visible='true' lat='45.43960884658' lon='12.33469245087'>
    <tag k='addr:housenumber' v='167' />
    <tag k='addr:place' v='San Polo' />
  </node>
  <node id='-37871168' action='modify' visible='true' lat='45.43554055608' lon='12.32713030342'>
    <tag k='addr:housenumber' v='2900a' />
    <tag k='addr:place' v='San Polo' />
  </node>
  <node id='-37871169' action='modify' visible='true' lat='45.43954165887' lon='12.33413691221'>
    <tag k='addr:housenumber' v='303a' />
    <tag k='addr:place' v='San Polo' />
  </node>
  <node id='-37871170' action='modify' visible='true' lat='45.43866339792' lon='12.33428381544'>
    <tag k='addr:housenumber' v='481' />
    <tag k='addr:place' v='San Polo' />
  </node>
  <node id='-37871171' action='modify' visible='true' lat='45.43616887504' lon='12.32816697468'>
    <tag k='addr:housenumber' v='2802' />
    <tag k='addr:place' v='San Polo' />
  </node>
  <node id='-37871172' action='modify' visible='true' lat='45.4385095874' lon='12.33456361476'>
    <tag k='addr:housenumber' v='554' />
    <tag k='addr:place' v='San Polo' />
  </node>
  <node id='-37871173' action='modify' visible='true' lat='45.43779171733' lon='12.33302124117'>
    <tag k='addr:housenumber' v='1055' />
    <tag k='addr:place' v='San Polo' />
  </node>
  <node id='-37871174' action='modify' visible='true' lat='45.43682211328' lon='12.32891841639'>
    <tag k='addr:housenumber' v='2738' />
    <tag k='addr:place' v='San Polo' />
  </node>
  <node id='-37871175' action='modify' visible='true' lat='45.43792229095' lon='12.33387824798'>
    <tag k='addr:housenumber' v='706' />
    <tag k='addr:place' v='San Polo' />
  </node>
  <node id='-37871176' action='modify' visible='true' lat='45.43633918502' lon='12.32984549228'>
    <tag k='addr:housenumber' v='2045' />
    <tag k='addr:place' v='San Polo' />
  </node>
  <node id='-37871177' action='modify' visible='true' lat='45.43722838266' lon='12.33115076878'>
    <tag k='addr:housenumber' v='1456' />
    <tag k='addr:place' v='San Polo' />
  </node>
  <node id='-37871178' action='modify' visible='true' lat='45.43604476854' lon='12.32718002537'>
    <tag k='addr:housenumber' v='2864a' />
    <tag k='addr:place' v='San Polo' />
  </node>
  <node id='-37871179' action='modify' visible='true' lat='45.43638493821' lon='12.32728613735'>
    <tag k='addr:housenumber' v='2836' />
    <tag k='addr:place' v='San Polo' />
  </node>
  <node id='-37871180' action='modify' visible='true' lat='45.43950026698' lon='12.33246800976'>
    <tag k='addr:housenumber' v='1714' />
    <tag k='addr:place' v='San Polo' />
  </node>
  <node id='-37871181' action='modify' visible='true' lat='45.43749760387' lon='12.32863511593'>
    <tag k='addr:housenumber' v='2651' />
    <tag k='addr:place' v='San Polo' />
  </node>
  <node id='-37871182' action='modify' visible='true' lat='45.43857424775' lon='12.33305811989'>
    <tag k='addr:housenumber' v='953' />
    <tag k='addr:place' v='San Polo' />
  </node>
  <node id='-37871183' action='modify' visible='true' lat='45.43758784416' lon='12.3335978312'>
    <tag k='addr:housenumber' v='1093' />
    <tag k='addr:place' v='San Polo' />
  </node>
  <node id='-37871184' action='modify' visible='true' lat='45.43662424253' lon='12.32678306825'>
    <tag k='addr:housenumber' v='2967' />
    <tag k='addr:place' v='San Polo' />
  </node>
  <node id='-37871185' action='modify' visible='true' lat='45.43804280463' lon='12.33317637052'>
    <tag k='addr:housenumber' v='1049' />
    <tag k='addr:place' v='San Polo' />
  </node>
  <node id='-37871186' action='modify' visible='true' lat='45.43822042807' lon='12.33455632505'>
    <tag k='addr:housenumber' v='594' />
    <tag k='addr:place' v='San Polo' />
  </node>
  <node id='-37871187' action='modify' visible='true' lat='45.43826750153' lon='12.33073814749'>
    <tag k='addr:housenumber' v='1943' />
    <tag k='addr:place' v='San Polo' />
  </node>
  <node id='-37871188' action='modify' visible='true' lat='45.4366705568' lon='12.32692346504'>
    <tag k='addr:housenumber' v='2972' />
    <tag k='addr:place' v='San Polo' />
  </node>
  <node id='-37871189' action='modify' visible='true' lat='45.43801326594' lon='12.32912375067'>
    <tag k='addr:housenumber' v='2152' />
    <tag k='addr:place' v='San Polo' />
  </node>
  <node id='-37871190' action='modify' visible='true' lat='45.43618754826' lon='12.32675630306'>
    <tag k='addr:housenumber' v='2931' />
    <tag k='addr:place' v='San Polo' />
  </node>
  <node id='-37871191' action='modify' visible='true' lat='45.43693600895' lon='12.32930956939'>
    <tag k='addr:housenumber' v='2096' />
    <tag k='addr:place' v='San Polo' />
  </node>
  <node id='-37871192' action='modify' visible='true' lat='45.43642777317' lon='12.3262931779'>
    <tag k='addr:housenumber' v='3030' />
    <tag k='addr:place' v='San Polo' />
  </node>
  <node id='-37871193' action='modify' visible='true' lat='45.43699952082' lon='12.32990667732'>
    <tag k='addr:housenumber' v='2024' />
    <tag k='addr:place' v='San Polo' />
  </node>
  <node id='-37871194' action='modify' visible='true' lat='45.43803725756' lon='12.33190264009'>
    <tag k='addr:housenumber' v='1290' />
    <tag k='addr:place' v='San Polo' />
  </node>
  <node id='-37871195' action='modify' visible='true' lat='45.43745887461' lon='12.33190334808'>
    <tag k='addr:housenumber' v='1021a' />
    <tag k='addr:place' v='San Polo' />
  </node>
  <node id='-37871196' action='modify' visible='true' lat='45.43842980702' lon='12.33140121229'>
    <tag k='addr:housenumber' v='1513' />
    <tag k='addr:place' v='San Polo' />
  </node>
  <node id='-37871197' action='modify' visible='true' lat='45.4390768358' lon='12.33158437227'>
    <tag k='addr:housenumber' v='1868a' />
    <tag k='addr:place' v='San Polo' />
  </node>
  <node id='-37871198' action='modify' visible='true' lat='45.43646286158' lon='12.32805350698'>
    <tag k='addr:housenumber' v='2711' />
    <tag k='addr:place' v='San Polo' />
  </node>
  <node id='-37871199' action='modify' visible='true' lat='45.43954320418' lon='12.32878587478'>
    <tag k='addr:housenumber' v='2268' />
    <tag k='addr:place' v='San Polo' />
  </node>
  <node id='-37871200' action='modify' visible='true' lat='45.43706167032' lon='12.32786139067'>
    <tag k='addr:housenumber' v='2604a' />
    <tag k='addr:place' v='San Polo' />
  </node>
  <node id='-37871201' action='modify' visible='true' lat='45.43639068203' lon='12.32662917844'>
    <tag k='addr:housenumber' v='2946' />
    <tag k='addr:place' v='San Polo' />
  </node>
  <node id='-37871202' action='modify' visible='true' lat='45.43825464414' lon='12.32354641595'>
    <tag k='addr:housenumber' v='3080h' />
    <tag k='addr:place' v='San Polo' />
  </node>
  <node id='-37871203' action='modify' visible='true' lat='45.43744299516' lon='12.33172806717'>
    <tag k='addr:housenumber' v='1340' />
    <tag k='addr:place' v='San Polo' />
  </node>
  <node id='-37871204' action='modify' visible='true' lat='45.43870899909' lon='12.32400573132'>
    <tag k='addr:housenumber' v='2465d' />
    <tag k='addr:place' v='San Polo' />
  </node>
  <node id='-37871205' action='modify' visible='true' lat='45.43863864755' lon='12.33391538155'>
    <tag k='addr:housenumber' v='470' />
    <tag k='addr:place' v='San Polo' />
  </node>
  <node id='-37871206' action='modify' visible='true' lat='45.43616083502' lon='12.32667060941'>
    <tag k='addr:housenumber' v='2940' />
    <tag k='addr:place' v='San Polo' />
  </node>
  <node id='-37871207' action='modify' visible='true' lat='45.43990626533' lon='12.33235945495'>
    <tag k='addr:housenumber' v='1846a' />
    <tag k='addr:place' v='San Polo' />
  </node>
  <node id='-37871208' action='modify' visible='true' lat='45.43742851887' lon='12.33206609227'>
    <tag k='addr:housenumber' v='1214' />
    <tag k='addr:place' v='San Polo' />
  </node>
  <node id='-37871209' action='modify' visible='true' lat='45.44013404107' lon='12.33223427322'>
    <tag k='addr:housenumber' v='1838' />
    <tag k='addr:place' v='San Polo' />
  </node>
  <node id='-37871210' action='modify' visible='true' lat='45.43709963108' lon='12.33005189314'>
    <tag k='addr:housenumber' v='2019a' />
    <tag k='addr:place' v='San Polo' />
  </node>
  <node id='-37871211' action='modify' visible='true' lat='45.44035570073' lon='12.33266479595'>
    <tag k='addr:housenumber' v='1804' />
    <tag k='addr:place' v='San Polo' />
  </node>
  <node id='-37871212' action='modify' visible='true' lat='45.43887632309' lon='12.33211747584'>
    <tag k='addr:housenumber' v='1542' />
    <tag k='addr:place' v='San Polo' />
  </node>
  <node id='-37871213' action='modify' visible='true' lat='45.43574487074' lon='12.32738323476'>
    <tag k='addr:housenumber' v='2888' />
    <tag k='addr:place' v='San Polo' />
  </node>
  <node id='-37871214' action='modify' visible='true' lat='45.43897426919' lon='12.33388264506'>
    <tag k='addr:housenumber' v='432' />
    <tag k='addr:place' v='San Polo' />
  </node>
  <node id='-37871215' action='modify' visible='true' lat='45.43814287498' lon='12.32389336733'>
    <tag k='addr:housenumber' v='3073p' />
    <tag k='addr:place' v='San Polo' />
  </node>
  <node id='-37871216' action='modify' visible='true' lat='45.43733898737' lon='12.3249854305'>
    <tag k='addr:housenumber' v='3073a' />
    <tag k='addr:place' v='San Polo' />
  </node>
  <node id='-37871217' action='modify' visible='true' lat='45.43744865893' lon='12.33266479177'>
    <tag k='addr:housenumber' v='1144' />
    <tag k='addr:place' v='San Polo' />
  </node>
  <node id='-37871218' action='modify' visible='true' lat='45.4391978114' lon='12.3317506383'>
    <tag k='addr:housenumber' v='1874' />
    <tag k='addr:place' v='San Polo' />
  </node>
  <node id='-37871219' action='modify' visible='true' lat='45.43878482623' lon='12.33488441401'>
    <tag k='addr:housenumber' v='84' />
    <tag k='addr:place' v='San Polo' />
  </node>
  <node id='-37871220' action='modify' visible='true' lat='45.43645190027' lon='12.32972649'>
    <tag k='addr:housenumber' v='2065' />
    <tag k='addr:place' v='San Polo' />
  </node>
  <node id='-37871221' action='modify' visible='true' lat='45.43773587269' lon='12.32641342969'>
    <tag k='addr:housenumber' v='2481' />
    <tag k='addr:place' v='San Polo' />
  </node>
  <node id='-37871222' action='modify' visible='true' lat='45.43830445773' lon='12.33388976545'>
    <tag k='addr:housenumber' v='655a' />
    <tag k='addr:place' v='San Polo' />
  </node>
  <node id='-37871223' action='modify' visible='true' lat='45.43816536852' lon='12.33316728263'>
    <tag k='addr:housenumber' v='999' />
    <tag k='addr:place' v='San Polo' />
  </node>
  <node id='-37871224' action='modify' visible='true' lat='45.43756920266' lon='12.32842379144'>
    <tag k='addr:housenumber' v='2646' />
    <tag k='addr:place' v='San Polo' />
  </node>
  <node id='-37871225' action='modify' visible='true' lat='45.43713820697' lon='12.33268863862'>
    <tag k='addr:housenumber' v='1119' />
    <tag k='addr:place' v='San Polo' />
  </node>
  <node id='-37871226' action='modify' visible='true' lat='45.43772921193' lon='12.33194761955'>
    <tag k='addr:housenumber' v='1306a' />
    <tag k='addr:place' v='San Polo' />
  </node>
  <node id='-37871227' action='modify' visible='true' lat='45.43799016827' lon='12.32722636177'>
    <tag k='addr:housenumber' v='2505b' />
    <tag k='addr:place' v='San Polo' />
  </node>
  <node id='-37871228' action='modify' visible='true' lat='45.4395516308' lon='12.33316898679'>
    <tag k='addr:housenumber' v='1605' />
    <tag k='addr:place' v='San Polo' />
  </node>
  <node id='-37871229' action='modify' visible='true' lat='45.43782125401' lon='12.33392237881'>
    <tag k='addr:housenumber' v='759' />
    <tag k='addr:place' v='San Polo' />
  </node>
  <node id='-37871230' action='modify' visible='true' lat='45.43759042571' lon='12.33252984144'>
    <tag k='addr:housenumber' v='1140' />
    <tag k='addr:place' v='San Polo' />
  </node>
  <node id='-37871231' action='modify' visible='true' lat='45.43868765628' lon='12.32934661681'>
    <tag k='addr:housenumber' v='2206' />
    <tag k='addr:place' v='San Polo' />
  </node>
  <node id='-37871232' action='modify' visible='true' lat='45.43787520344' lon='12.33104469602'>
    <tag k='addr:housenumber' v='1948' />
    <tag k='addr:place' v='San Polo' />
  </node>
  <node id='-37871233' action='modify' visible='true' lat='45.43792536638' lon='12.32891915903'>
    <tag k='addr:housenumber' v='2132' />
    <tag k='addr:place' v='San Polo' />
  </node>
  <node id='-37871234' action='modify' visible='true' lat='45.43680393779' lon='12.3246153317'>
    <tag k='addr:housenumber' v='3102' />
    <tag k='addr:place' v='San Polo' />
  </node>
  <node id='-37871235' action='modify' visible='true' lat='45.43898343903' lon='12.33386227928'>
    <tag k='addr:housenumber' v='431a' />
    <tag k='addr:place' v='San Polo' />
  </node>
  <node id='-37871236' action='modify' visible='true' lat='45.43817116503' lon='12.33319577778'>
    <tag k='addr:housenumber' v='1000' />
    <tag k='addr:place' v='San Polo' />
  </node>
  <node id='-37871237' action='modify' visible='true' lat='45.43837567754' lon='12.33394085007'>
    <tag k='addr:housenumber' v='654' />
    <tag k='addr:place' v='San Polo' />
  </node>
  <node id='-37871238' action='modify' visible='true' lat='45.43919642524' lon='12.33361077993'>
    <tag k='addr:housenumber' v='832' />
    <tag k='addr:place' v='San Polo' />
  </node>
  <node id='-37871239' action='modify' visible='true' lat='45.43782198006' lon='12.32457653229'>
    <tag k='addr:housenumber' v='3080d' />
    <tag k='addr:place' v='San Polo' />
  </node>
  <node id='-37871240' action='modify' visible='true' lat='45.43610135397' lon='12.32815235182'>
    <tag k='addr:housenumber' v='2803' />
    <tag k='addr:place' v='San Polo' />
  </node>
  <node id='-37871241' action='modify' visible='true' lat='45.43801276009' lon='12.32731065841'>
    <tag k='addr:housenumber' v='2506a' />
    <tag k='addr:place' v='San Polo' />
  </node>
  <node id='-37871242' action='modify' visible='true' lat='45.44018771751' lon='12.3323630925'>
    <tag k='addr:housenumber' v='1820' />
    <tag k='addr:place' v='San Polo' />
  </node>
  <node id='-37871243' action='modify' visible='true' lat='45.43682097001' lon='12.33118962369'>
    <tag k='addr:housenumber' v='1444' />
    <tag k='addr:place' v='San Polo' />
  </node>
  <node id='-37871244' action='modify' visible='true' lat='45.43973133251' lon='12.33417368736'>
    <tag k='addr:housenumber' v='328' />
    <tag k='addr:place' v='San Polo' />
  </node>
  <node id='-37871245' action='modify' visible='true' lat='45.43814922445' lon='12.32640612046'>
    <tag k='addr:housenumber' v='2472' />
    <tag k='addr:place' v='San Polo' />
  </node>
  <node id='-37871246' action='modify' visible='true' lat='45.43736595026' lon='12.33190689753'>
    <tag k='addr:housenumber' v='1218' />
    <tag k='addr:place' v='San Polo' />
  </node>
  <node id='-37871247' action='modify' visible='true' lat='45.43794293403' lon='12.33299069527'>
    <tag k='addr:housenumber' v='1044' />
    <tag k='addr:place' v='San Polo' />
  </node>
  <node id='-37871248' action='modify' visible='true' lat='45.4363513003' lon='12.32985373012'>
    <tag k='addr:housenumber' v='2041' />
    <tag k='addr:place' v='San Polo' />
  </node>
  <node id='-37871249' action='modify' visible='true' lat='45.4363532231' lon='12.32985508281'>
    <tag k='addr:housenumber' v='2037' />
    <tag k='addr:place' v='San Polo' />
  </node>
  <node id='-37871250' action='modify' visible='true' lat='45.43726618781' lon='12.32865271484'>
    <tag k='addr:housenumber' v='2665' />
    <tag k='addr:place' v='San Polo' />
  </node>
  <node id='-37871251' action='modify' visible='true' lat='45.43810325481' lon='12.33447595739'>
    <tag k='addr:housenumber' v='615' />
    <tag k='addr:place' v='San Polo' />
  </node>
  <node id='-37871252' action='modify' visible='true' lat='45.43761822659' lon='12.33046667589'>
    <tag k='addr:housenumber' v='1956a' />
    <tag k='addr:place' v='San Polo' />
  </node>
  <node id='-37871253' action='modify' visible='true' lat='45.43765224025' lon='12.33224981342'>
    <tag k='addr:housenumber' v='1225' />
    <tag k='addr:place' v='San Polo' />
  </node>
  <node id='-37871254' action='modify' visible='true' lat='45.43893236477' lon='12.33397562181'>
    <tag k='addr:housenumber' v='434a' />
    <tag k='addr:place' v='San Polo' />
  </node>
  <node id='-37871255' action='modify' visible='true' lat='45.43982709424' lon='12.33381443614'>
    <tag k='addr:housenumber' v='342' />
    <tag k='addr:place' v='San Polo' />
  </node>
  <node id='-37871256' action='modify' visible='true' lat='45.43817679206' lon='12.33385200787'>
    <tag k='addr:housenumber' v='692' />
    <tag k='addr:place' v='San Polo' />
  </node>
  <node id='-37871257' action='modify' visible='true' lat='45.43927477217' lon='12.33491454495'>
    <tag k='addr:housenumber' v='220a' />
    <tag k='addr:place' v='San Polo' />
  </node>
  <node id='-37871258' action='modify' visible='true' lat='45.43863137714' lon='12.33296133888'>
    <tag k='addr:housenumber' v='904' />
    <tag k='addr:place' v='San Polo' />
  </node>
  <node id='-37871259' action='modify' visible='true' lat='45.43736787561' lon='12.32472506058'>
    <tag k='addr:housenumber' v='3073b' />
    <tag k='addr:place' v='San Polo' />
  </node>
  <node id='-37871260' action='modify' visible='true' lat='45.43808180992' lon='12.32659057201'>
    <tag k='addr:housenumber' v='2402' />
    <tag k='addr:place' v='San Polo' />
  </node>
  <node id='-37871261' action='modify' visible='true' lat='45.43912807758' lon='12.33419877357'>
    <tag k='addr:housenumber' v='379' />
    <tag k='addr:place' v='San Polo' />
  </node>
  <node id='-37871262' action='modify' visible='true' lat='45.43799992547' lon='12.3331368742'>
    <tag k='addr:housenumber' v='1034' />
    <tag k='addr:place' v='San Polo' />
  </node>
  <node id='-37871263' action='modify' visible='true' lat='45.43868742376' lon='12.33289953965'>
    <tag k='addr:housenumber' v='902a' />
    <tag k='addr:place' v='San Polo' />
  </node>
  <node id='-37871264' action='modify' visible='true' lat='45.43639777659' lon='12.32850430689'>
    <tag k='addr:housenumber' v='2717c' />
    <tag k='addr:place' v='San Polo' />
  </node>
  <node id='-37871265' action='modify' visible='true' lat='45.43783912723' lon='12.32699412803'>
    <tag k='addr:housenumber' v='2498d' />
    <tag k='addr:place' v='San Polo' />
  </node>
  <node id='-37871266' action='modify' visible='true' lat='45.43846933994' lon='12.33286587293'>
    <tag k='addr:housenumber' v='911a' />
    <tag k='addr:place' v='San Polo' />
  </node>
  <node id='-37871267' action='modify' visible='true' lat='45.43825823291' lon='12.33371133937'>
    <tag k='addr:housenumber' v='787' />
    <tag k='addr:place' v='San Polo' />
  </node>
  <node id='-37871268' action='modify' visible='true' lat='45.43946863888' lon='12.33402123636'>
    <tag k='addr:housenumber' v='302' />
    <tag k='addr:place' v='San Polo' />
  </node>
  <node id='-37871269' action='modify' visible='true' lat='45.43860965095' lon='12.3237118197'>
    <tag k='addr:housenumber' v='2464o' />
    <tag k='addr:place' v='San Polo' />
  </node>
  <node id='-37871270' action='modify' visible='true' lat='45.43869781934' lon='12.33253329415'>
    <tag k='addr:housenumber' v='918' />
    <tag k='addr:place' v='San Polo' />
  </node>
  <node id='-37871271' action='modify' visible='true' lat='45.43974161208' lon='12.33298973425'>
    <tag k='addr:housenumber' v='1656' />
    <tag k='addr:place' v='San Polo' />
  </node>
  <node id='-37871272' action='modify' visible='true' lat='45.43802389367' lon='12.33000970979'>
    <tag k='addr:housenumber' v='2176' />
    <tag k='addr:place' v='San Polo' />
  </node>
  <node id='-37871273' action='modify' visible='true' lat='45.4372889556' lon='12.3274383236'>
    <tag k='addr:housenumber' v='2569' />
    <tag k='addr:place' v='San Polo' />
  </node>
  <node id='-37871274' action='modify' visible='true' lat='45.43906153682' lon='12.33367108748'>
    <tag k='addr:housenumber' v='839' />
    <tag k='addr:place' v='San Polo' />
  </node>
  <node id='-37871275' action='modify' visible='true' lat='45.43899808639' lon='12.3348399895'>
    <tag k='addr:housenumber' v='112' />
    <tag k='addr:place' v='San Polo' />
  </node>
  <node id='-37871276' action='modify' visible='true' lat='45.43773849639' lon='12.3273937394'>
    <tag k='addr:housenumber' v='2538a' />
    <tag k='addr:place' v='San Polo' />
  </node>
  <node id='-37871277' action='modify' visible='true' lat='45.43902217317' lon='12.32875658257'>
    <tag k='addr:housenumber' v='2277' />
    <tag k='addr:place' v='San Polo' />
  </node>
  <node id='-37871278' action='modify' visible='true' lat='45.43789762446' lon='12.3341390289'>
    <tag k='addr:housenumber' v='684' />
    <tag k='addr:place' v='San Polo' />
  </node>
  <node id='-37871279' action='modify' visible='true' lat='45.43836496115' lon='12.32511889698'>
    <tag k='addr:housenumber' v='2458a' />
    <tag k='addr:place' v='San Polo' />
  </node>
  <node id='-37871280' action='modify' visible='true' lat='45.43933403177' lon='12.32885251475'>
    <tag k='addr:housenumber' v='2266a' />
    <tag k='addr:place' v='San Polo' />
  </node>
  <node id='-37871281' action='modify' visible='true' lat='45.43728941996' lon='12.33045003479'>
    <tag k='addr:housenumber' v='1963' />
    <tag k='addr:place' v='San Polo' />
  </node>
  <node id='-37871282' action='modify' visible='true' lat='45.43856793064' lon='12.33471819434'>
    <tag k='addr:housenumber' v='511' />
    <tag k='addr:place' v='San Polo' />
  </node>
  <node id='-37871283' action='modify' visible='true' lat='45.43673690843' lon='12.33047398237'>
    <tag k='addr:housenumber' v='2001' />
    <tag k='addr:place' v='San Polo' />
  </node>
  <node id='-37871284' action='modify' visible='true' lat='45.4371168616' lon='12.32798637475'>
    <tag k='addr:housenumber' v='2605' />
    <tag k='addr:place' v='San Polo' />
  </node>
  <node id='-37871285' action='modify' visible='true' lat='45.4360209273' lon='12.32723444444'>
    <tag k='addr:housenumber' v='2865' />
    <tag k='addr:place' v='San Polo' />
  </node>
  <node id='-37871286' action='modify' visible='true' lat='45.43850481071' lon='12.32616364444'>
    <tag k='addr:housenumber' v='2447' />
    <tag k='addr:place' v='San Polo' />
  </node>
  <node id='-37871287' action='modify' visible='true' lat='45.43837754498' lon='12.32701496701'>
    <tag k='addr:housenumber' v='2386' />
    <tag k='addr:place' v='San Polo' />
  </node>
  <node id='-37871288' action='modify' visible='true' lat='45.43913968869' lon='12.33188863063'>
    <tag k='addr:housenumber' v='1876' />
    <tag k='addr:place' v='San Polo' />
  </node>
  <node id='-37871289' action='modify' visible='true' lat='45.43896654099' lon='12.33426143175'>
    <tag k='addr:housenumber' v='392' />
    <tag k='addr:place' v='San Polo' />
  </node>
  <node id='-37871290' action='modify' visible='true' lat='45.43624322889' lon='12.32627604969'>
    <tag k='addr:housenumber' v='3025' />
    <tag k='addr:place' v='San Polo' />
  </node>
  <node id='-37871291' action='modify' visible='true' lat='45.43783756788' lon='12.32361062223'>
    <tag k='addr:housenumber' v='3078d' />
    <tag k='addr:place' v='San Polo' />
  </node>
  <node id='-37871292' action='modify' visible='true' lat='45.43650365167' lon='12.32796854083'>
    <tag k='addr:housenumber' v='2712' />
    <tag k='addr:place' v='San Polo' />
  </node>
  <node id='-37871293' action='modify' visible='true' lat='45.43818881315' lon='12.33358017305'>
    <tag k='addr:housenumber' v='972' />
    <tag k='addr:place' v='San Polo' />
  </node>
  <node id='-37871294' action='modify' visible='true' lat='45.43609012597' lon='12.32683632829'>
    <tag k='addr:housenumber' v='2914' />
    <tag k='addr:place' v='San Polo' />
  </node>
  <node id='-37871295' action='modify' visible='true' lat='45.43852853617' lon='12.33266741364'>
    <tag k='addr:housenumber' v='922' />
    <tag k='addr:place' v='San Polo' />
  </node>
  <node id='-37871296' action='modify' visible='true' lat='45.43995926936' lon='12.33370246111'>
    <tag k='addr:housenumber' v='1785' />
    <tag k='addr:place' v='San Polo' />
  </node>
  <node id='-37871297' action='modify' visible='true' lat='45.43653941889' lon='12.32589584853'>
    <tag k='addr:housenumber' v='3046a' />
    <tag k='addr:place' v='San Polo' />
  </node>
  <node id='-37871298' action='modify' visible='true' lat='45.43834178156' lon='12.33535466962'>
    <tag k='addr:housenumber' v='72' />
    <tag k='addr:place' v='San Polo' />
  </node>
  <node id='-37871299' action='modify' visible='true' lat='45.43823008077' lon='12.32639028116'>
    <tag k='addr:housenumber' v='2470' />
    <tag k='addr:place' v='San Polo' />
  </node>
  <node id='-37871300' action='modify' visible='true' lat='45.43672167698' lon='12.32847061337'>
    <tag k='addr:housenumber' v='2696' />
    <tag k='addr:place' v='San Polo' />
  </node>
  <node id='-37871301' action='modify' visible='true' lat='45.43851241716' lon='12.33171666045'>
    <tag k='addr:housenumber' v='1520' />
    <tag k='addr:place' v='San Polo' />
  </node>
  <node id='-37871302' action='modify' visible='true' lat='45.43628591053' lon='12.32540754007'>
    <tag k='addr:housenumber' v='3109' />
    <tag k='addr:place' v='San Polo' />
  </node>
  <node id='-37871303' action='modify' visible='true' lat='45.43733286544' lon='12.33045160363'>
    <tag k='addr:housenumber' v='1961' />
    <tag k='addr:place' v='San Polo' />
  </node>
  <node id='-37871304' action='modify' visible='true' lat='45.43860317569' lon='12.32363861036'>
    <tag k='addr:housenumber' v='3073g' />
    <tag k='addr:place' v='San Polo' />
  </node>
  <node id='-37871305' action='modify' visible='true' lat='45.43800969452' lon='12.33344243462'>
    <tag k='addr:housenumber' v='1016' />
    <tag k='addr:place' v='San Polo' />
  </node>
  <node id='-37871306' action='modify' visible='true' lat='45.43907700079' lon='12.33327287173'>
    <tag k='addr:housenumber' v='856a' />
    <tag k='addr:place' v='San Polo' />
  </node>
  <node id='-37871307' action='modify' visible='true' lat='45.43747445211' lon='12.33185397232'>
    <tag k='addr:housenumber' v='1237' />
    <tag k='addr:place' v='San Polo' />
  </node>
  <node id='-37871308' action='modify' visible='true' lat='45.43771657881' lon='12.33197013664'>
    <tag k='addr:housenumber' v='1304' />
    <tag k='addr:place' v='San Polo' />
  </node>
  <node id='-37871309' action='modify' visible='true' lat='45.43952093098' lon='12.33246184626'>
    <tag k='addr:housenumber' v='1708' />
    <tag k='addr:place' v='San Polo' />
  </node>
  <node id='-37871310' action='modify' visible='true' lat='45.43860726875' lon='12.33385126663'>
    <tag k='addr:housenumber' v='456' />
    <tag k='addr:place' v='San Polo' />
  </node>
  <node id='-37871311' action='modify' visible='true' lat='45.43767375965' lon='12.32611072917'>
    <tag k='addr:housenumber' v='2556c' />
    <tag k='addr:place' v='San Polo' />
  </node>
  <node id='-37871312' action='modify' visible='true' lat='45.43574971043' lon='12.32734860447'>
    <tag k='addr:housenumber' v='2898' />
    <tag k='addr:place' v='San Polo' />
  </node>
  <node id='-37871313' action='modify' visible='true' lat='45.43863084168' lon='12.32846577553'>
    <tag k='addr:housenumber' v='2304b' />
    <tag k='addr:place' v='San Polo' />
  </node>
  <node id='-37871314' action='modify' visible='true' lat='45.43655263888' lon='12.32838682886'>
    <tag k='addr:housenumber' v='2752' />
    <tag k='addr:place' v='San Polo' />
  </node>
  <node id='-37871315' action='modify' visible='true' lat='45.43809511973' lon='12.32992288057'>
    <tag k='addr:housenumber' v='2178' />
    <tag k='addr:place' v='San Polo' />
  </node>
  <node id='-37871316' action='modify' visible='true' lat='45.4390821428' lon='12.32873997406'>
    <tag k='addr:housenumber' v='2244a' />
    <tag k='addr:place' v='San Polo' />
  </node>
  <node id='-37871317' action='modify' visible='true' lat='45.43962599872' lon='12.33422534556'>
    <tag k='addr:housenumber' v='305' />
    <tag k='addr:place' v='San Polo' />
  </node>
  <node id='-37871318' action='modify' visible='true' lat='45.43607803453' lon='12.32619211825'>
    <tag k='addr:housenumber' v='3022' />
    <tag k='addr:place' v='San Polo' />
  </node>
  <node id='-37871319' action='modify' visible='true' lat='45.43570875178' lon='12.32679453399'>
    <tag k='addr:housenumber' v='2906' />
    <tag k='addr:place' v='San Polo' />
  </node>
  <node id='-37871320' action='modify' visible='true' lat='45.43776473806' lon='12.33204688873'>
    <tag k='addr:housenumber' v='1300' />
    <tag k='addr:place' v='San Polo' />
  </node>
  <node id='-37871321' action='modify' visible='true' lat='45.43800438669' lon='12.33315199841'>
    <tag k='addr:housenumber' v='1034a' />
    <tag k='addr:place' v='San Polo' />
  </node>
  <node id='-37871322' action='modify' visible='true' lat='45.43885793787' lon='12.33467640702'>
    <tag k='addr:housenumber' v='45' />
    <tag k='addr:place' v='San Polo' />
  </node>
  <node id='-37871323' action='modify' visible='true' lat='45.43938' lon='12.33507'>
    <tag k='addr:housenumber' v='186' />
    <tag k='addr:place' v='San Polo' />
  </node>
  <node id='-37871324' action='modify' visible='true' lat='45.43907351974' lon='12.33433102282'>
    <tag k='addr:housenumber' v='382' />
    <tag k='addr:place' v='San Polo' />
  </node>
  <node id='-37871325' action='modify' visible='true' lat='45.43913297131' lon='12.33392204639'>
    <tag k='addr:housenumber' v='826' />
    <tag k='addr:place' v='San Polo' />
  </node>
  <node id='-37871326' action='modify' visible='true' lat='45.43751837307' lon='12.33110060143'>
    <tag k='addr:housenumber' v='1485a' />
    <tag k='addr:place' v='San Polo' />
  </node>
  <node id='-37871327' action='modify' visible='true' lat='45.43878974541' lon='12.33096116907'>
    <tag k='addr:housenumber' v='1915b' />
    <tag k='addr:place' v='San Polo' />
  </node>
  <node id='-37871328' action='modify' visible='true' lat='45.43783503081' lon='12.32337409681'>
    <tag k='addr:housenumber' v='3077m' />
    <tag k='addr:place' v='San Polo' />
  </node>
  <node id='-37871329' action='modify' visible='true' lat='45.43854495184' lon='12.33318655535'>
    <tag k='addr:housenumber' v='955' />
    <tag k='addr:place' v='San Polo' />
  </node>
  <node id='-37871330' action='modify' visible='true' lat='45.43977700483' lon='12.33310747484'>
    <tag k='addr:housenumber' v='1620' />
    <tag k='addr:place' v='San Polo' />
  </node>
  <node id='-37871331' action='modify' visible='true' lat='45.43904532393' lon='12.33400872088'>
    <tag k='addr:housenumber' v='401' />
    <tag k='addr:place' v='San Polo' />
  </node>
  <node id='-37871332' action='modify' visible='true' lat='45.43913228054' lon='12.33397993434'>
    <tag k='addr:housenumber' v='821b' />
    <tag k='addr:place' v='San Polo' />
  </node>
  <node id='-37871333' action='modify' visible='true' lat='45.4381245792' lon='12.33251745877'>
    <tag k='addr:housenumber' v='1259' />
    <tag k='addr:place' v='San Polo' />
  </node>
  <node id='-37871334' action='modify' visible='true' lat='45.43888956192' lon='12.33462841132'>
    <tag k='addr:housenumber' v='46' />
    <tag k='addr:place' v='San Polo' />
  </node>
  <node id='-37871335' action='modify' visible='true' lat='45.43819899101' lon='12.32689650235'>
    <tag k='addr:housenumber' v='2394' />
    <tag k='addr:place' v='San Polo' />
  </node>
  <node id='-37871336' action='modify' visible='true' lat='45.43612004574' lon='12.32807342362'>
    <tag k='addr:housenumber' v='2805' />
    <tag k='addr:place' v='San Polo' />
  </node>
  <node id='-37871337' action='modify' visible='true' lat='45.43859356315' lon='12.32429125066'>
    <tag k='addr:housenumber' v='2465' />
    <tag k='addr:place' v='San Polo' />
  </node>
  <node id='-37871338' action='modify' visible='true' lat='45.43903249744' lon='12.33403950141'>
    <tag k='addr:housenumber' v='402' />
    <tag k='addr:place' v='San Polo' />
  </node>
  <node id='-37871339' action='modify' visible='true' lat='45.43891691963' lon='12.33327765416'>
    <tag k='addr:housenumber' v='864' />
    <tag k='addr:place' v='San Polo' />
  </node>
  <node id='-37871340' action='modify' visible='true' lat='45.43794746' lon='12.33414519173'>
    <tag k='addr:housenumber' v='665' />
    <tag k='addr:place' v='San Polo' />
  </node>
  <node id='-37871341' action='modify' visible='true' lat='45.43915865478' lon='12.33246316306'>
    <tag k='addr:housenumber' v='1562' />
    <tag k='addr:place' v='San Polo' />
  </node>
  <node id='-37871342' action='modify' visible='true' lat='45.4379146838' lon='12.33488898634'>
    <tag k='addr:housenumber' v='582a' />
    <tag k='addr:place' v='San Polo' />
  </node>
  <node id='-37871343' action='modify' visible='true' lat='45.44006507463' lon='12.33236392461'>
    <tag k='addr:housenumber' v='1836' />
    <tag k='addr:place' v='San Polo' />
  </node>
  <node id='-37871344' action='modify' visible='true' lat='45.43776523929' lon='12.3293481891'>
    <tag k='addr:housenumber' v='2128' />
    <tag k='addr:place' v='San Polo' />
  </node>
  <node id='-37871345' action='modify' visible='true' lat='45.43838365793' lon='12.33529402708'>
    <tag k='addr:housenumber' v='71' />
    <tag k='addr:place' v='San Polo' />
  </node>
  <node id='-37871346' action='modify' visible='true' lat='45.43770853462' lon='12.33246685588'>
    <tag k='addr:housenumber' v='1137' />
    <tag k='addr:place' v='San Polo' />
  </node>
  <node id='-37871347' action='modify' visible='true' lat='45.43899852043' lon='12.33418884345'>
    <tag k='addr:housenumber' v='394' />
    <tag k='addr:place' v='San Polo' />
  </node>
  <node id='-37871348' action='modify' visible='true' lat='45.43726080295' lon='12.32727550296'>
    <tag k='addr:housenumber' v='2566' />
    <tag k='addr:place' v='San Polo' />
  </node>
  <node id='-37871349' action='modify' visible='true' lat='45.43894128634' lon='12.33249672465'>
    <tag k='addr:housenumber' v='1559a' />
    <tag k='addr:place' v='San Polo' />
  </node>
  <node id='-37871350' action='modify' visible='true' lat='45.43704996609' lon='12.32752709475'>
    <tag k='addr:housenumber' v='2595' />
    <tag k='addr:place' v='San Polo' />
  </node>
  <node id='-37871351' action='modify' visible='true' lat='45.43940677602' lon='12.33427093566'>
    <tag k='addr:housenumber' v='280' />
    <tag k='addr:place' v='San Polo' />
  </node>
  <node id='-37871352' action='modify' visible='true' lat='45.43624504911' lon='12.3291348453'>
    <tag k='addr:housenumber' v='2764' />
    <tag k='addr:place' v='San Polo' />
  </node>
  <node id='-37871353' action='modify' visible='true' lat='45.43713331022' lon='12.33009373993'>
    <tag k='addr:housenumber' v='2012' />
    <tag k='addr:place' v='San Polo' />
  </node>
  <node id='-37871354' action='modify' visible='true' lat='45.43693586813' lon='12.32952408537'>
    <tag k='addr:housenumber' v='2092' />
    <tag k='addr:place' v='San Polo' />
  </node>
  <node id='-37871355' action='modify' visible='true' lat='45.43666623851' lon='12.32985833805'>
    <tag k='addr:housenumber' v='2077' />
    <tag k='addr:place' v='San Polo' />
  </node>
  <node id='-37871356' action='modify' visible='true' lat='45.4376596571' lon='12.33207318508'>
    <tag k='addr:housenumber' v='1248' />
    <tag k='addr:place' v='San Polo' />
  </node>
  <node id='-37871357' action='modify' visible='true' lat='45.43709334829' lon='12.3310486492'>
    <tag k='addr:housenumber' v='1449b' />
    <tag k='addr:place' v='San Polo' />
  </node>
  <node id='-37871358' action='modify' visible='true' lat='45.43935' lon='12.33503'>
    <tag k='addr:housenumber' v='183' />
    <tag k='addr:place' v='San Polo' />
  </node>
  <node id='-37871359' action='modify' visible='true' lat='45.43676378418' lon='12.32809982343'>
    <tag k='addr:housenumber' v='2683' />
    <tag k='addr:place' v='San Polo' />
  </node>
  <node id='-37871360' action='modify' visible='true' lat='45.4380190734' lon='12.32742632945'>
    <tag k='addr:housenumber' v='2525' />
    <tag k='addr:place' v='San Polo' />
  </node>
  <node id='-37871361' action='modify' visible='true' lat='45.43951336335' lon='12.3335426813'>
    <tag k='addr:housenumber' v='360' />
    <tag k='addr:place' v='San Polo' />
  </node>
  <node id='-37871362' action='modify' visible='true' lat='45.43695962406' lon='12.3292845095'>
    <tag k='addr:housenumber' v='2104' />
    <tag k='addr:place' v='San Polo' />
  </node>
  <node id='-37871363' action='modify' visible='true' lat='45.4376460296' lon='12.33185508405'>
    <tag k='addr:housenumber' v='1312' />
    <tag k='addr:place' v='San Polo' />
  </node>
  <node id='-37871364' action='modify' visible='true' lat='45.43588484573' lon='12.32818335852'>
    <tag k='addr:housenumber' v='2809a' />
    <tag k='addr:place' v='San Polo' />
  </node>
  <node id='-37871365' action='modify' visible='true' lat='45.43974587765' lon='12.3330798741'>
    <tag k='addr:housenumber' v='1619' />
    <tag k='addr:place' v='San Polo' />
  </node>
  <node id='-37871366' action='modify' visible='true' lat='45.437686673' lon='12.33435803535'>
    <tag k='addr:housenumber' v='678' />
    <tag k='addr:place' v='San Polo' />
  </node>
  <node id='-37871367' action='modify' visible='true' lat='45.43860287625' lon='12.3263738894'>
    <tag k='addr:housenumber' v='2422' />
    <tag k='addr:place' v='San Polo' />
  </node>
  <node id='-37871368' action='modify' visible='true' lat='45.43749272538' lon='12.32451986865'>
    <tag k='addr:housenumber' v='3073e' />
    <tag k='addr:place' v='San Polo' />
  </node>
  <node id='-37871369' action='modify' visible='true' lat='45.4364704236' lon='12.32835584046'>
    <tag k='addr:housenumber' v='2717a' />
    <tag k='addr:place' v='San Polo' />
  </node>
  <node id='-37871370' action='modify' visible='true' lat='45.43646376689' lon='12.32744096022'>
    <tag k='addr:housenumber' v='2980a' />
    <tag k='addr:place' v='San Polo' />
  </node>
  <node id='-37871371' action='modify' visible='true' lat='45.4370489977' lon='12.3278362722'>
    <tag k='addr:housenumber' v='2604b' />
    <tag k='addr:place' v='San Polo' />
  </node>
  <node id='-37871372' action='modify' visible='true' lat='45.43832549594' lon='12.32906408332'>
    <tag k='addr:housenumber' v='2162a' />
    <tag k='addr:place' v='San Polo' />
  </node>
  <node id='-37871373' action='modify' visible='true' lat='45.43625787493' lon='12.32675976767'>
    <tag k='addr:housenumber' v='2940d' />
    <tag k='addr:place' v='San Polo' />
  </node>
  <node id='-37871374' action='modify' visible='true' lat='45.4385996235' lon='12.33196679102'>
    <tag k='addr:housenumber' v='1531' />
    <tag k='addr:place' v='San Polo' />
  </node>
  <node id='-37871375' action='modify' visible='true' lat='45.43857246851' lon='12.332653589'>
    <tag k='addr:housenumber' v='916' />
    <tag k='addr:place' v='San Polo' />
  </node>
  <node id='-37871376' action='modify' visible='true' lat='45.43940161878' lon='12.33399253007'>
    <tag k='addr:housenumber' v='313a' />
    <tag k='addr:place' v='San Polo' />
  </node>
  <node id='-37871377' action='modify' visible='true' lat='45.43762891553' lon='12.33407650022'>
    <tag k='addr:housenumber' v='753' />
    <tag k='addr:place' v='San Polo' />
  </node>
  <node id='-37871378' action='modify' visible='true' lat='45.43821607396' lon='12.33191006871'>
    <tag k='addr:housenumber' v='1279' />
    <tag k='addr:place' v='San Polo' />
  </node>
  <node id='-37871379' action='modify' visible='true' lat='45.43638249927' lon='12.32601809837'>
    <tag k='addr:housenumber' v='3037' />
    <tag k='addr:place' v='San Polo' />
  </node>
  <node id='-37871380' action='modify' visible='true' lat='45.43664140127' lon='12.32811134335'>
    <tag k='addr:housenumber' v='2704' />
    <tag k='addr:place' v='San Polo' />
  </node>
  <node id='-37871381' action='modify' visible='true' lat='45.43836610789' lon='12.33510844083'>
    <tag k='addr:housenumber' v='500' />
    <tag k='addr:place' v='San Polo' />
  </node>
  <node id='-37871382' action='modify' visible='true' lat='45.43829354785' lon='12.33216939977'>
    <tag k='addr:housenumber' v='940' />
    <tag k='addr:place' v='San Polo' />
  </node>
  <node id='-37871383' action='modify' visible='true' lat='45.43792220066' lon='12.33411337797'>
    <tag k='addr:housenumber' v='685' />
    <tag k='addr:place' v='San Polo' />
  </node>
  <node id='-37871384' action='modify' visible='true' lat='45.43758669498' lon='12.33307209541'>
    <tag k='addr:housenumber' v='1090' />
    <tag k='addr:place' v='San Polo' />
  </node>
  <node id='-37871385' action='modify' visible='true' lat='45.43880848118' lon='12.33484268658'>
    <tag k='addr:housenumber' v='85' />
    <tag k='addr:place' v='San Polo' />
  </node>
  <node id='-37871386' action='modify' visible='true' lat='45.43795965926' lon='12.33378041875'>
    <tag k='addr:housenumber' v='767' />
    <tag k='addr:place' v='San Polo' />
  </node>
  <node id='-37871387' action='modify' visible='true' lat='45.43794033137' lon='12.32714813748'>
    <tag k='addr:housenumber' v='2531a' />
    <tag k='addr:place' v='San Polo' />
  </node>
  <node id='-37871388' action='modify' visible='true' lat='45.43766200535' lon='12.33263499506'>
    <tag k='addr:housenumber' v='1080' />
    <tag k='addr:place' v='San Polo' />
  </node>
  <node id='-37871389' action='modify' visible='true' lat='45.4365299118' lon='12.32992668682'>
    <tag k='addr:housenumber' v='2056' />
    <tag k='addr:place' v='San Polo' />
  </node>
  <node id='-37871390' action='modify' visible='true' lat='45.43797417038' lon='12.33233126586'>
    <tag k='addr:housenumber' v='1252' />
    <tag k='addr:place' v='San Polo' />
  </node>
  <node id='-37871391' action='modify' visible='true' lat='45.4394859041' lon='12.33497436092'>
    <tag k='addr:housenumber' v='159' />
    <tag k='addr:place' v='San Polo' />
  </node>
  <node id='-37871392' action='modify' visible='true' lat='45.43841701946' lon='12.33406386482'>
    <tag k='addr:housenumber' v='643' />
    <tag k='addr:place' v='San Polo' />
  </node>
  <node id='-37871393' action='modify' visible='true' lat='45.4377821594' lon='12.33475555388'>
    <tag k='addr:housenumber' v='625a' />
    <tag k='addr:place' v='San Polo' />
  </node>
  <node id='-37871394' action='modify' visible='true' lat='45.43807407548' lon='12.3295567687'>
    <tag k='addr:housenumber' v='2166a' />
    <tag k='addr:place' v='San Polo' />
  </node>
  <node id='-37871395' action='modify' visible='true' lat='45.4376230864' lon='12.32626570106'>
    <tag k='addr:housenumber' v='2556a' />
    <tag k='addr:place' v='San Polo' />
  </node>
  <node id='-37871396' action='modify' visible='true' lat='45.43833557057' lon='12.33345948661'>
    <tag k='addr:housenumber' v='969' />
    <tag k='addr:place' v='San Polo' />
  </node>
  <node id='-37871397' action='modify' visible='true' lat='45.43959036229' lon='12.33359870504'>
    <tag k='addr:housenumber' v='345' />
    <tag k='addr:place' v='San Polo' />
  </node>
  <node id='-37871398' action='modify' visible='true' lat='45.43690629683' lon='12.32921526178'>
    <tag k='addr:housenumber' v='2099' />
    <tag k='addr:place' v='San Polo' />
  </node>
  <node id='-37871399' action='modify' visible='true' lat='45.43929722669' lon='12.33317436964'>
    <tag k='addr:housenumber' v='1587' />
    <tag k='addr:place' v='San Polo' />
  </node>
  <node id='-37871400' action='modify' visible='true' lat='45.43689626594' lon='12.32503370077'>
    <tag k='addr:housenumber' v='3059' />
    <tag k='addr:place' v='San Polo' />
  </node>
  <node id='-37871401' action='modify' visible='true' lat='45.43802163009' lon='12.32734087709'>
    <tag k='addr:housenumber' v='2507' />
    <tag k='addr:place' v='San Polo' />
  </node>
  <node id='-37871402' action='modify' visible='true' lat='45.43726325701' lon='12.32737588599'>
    <tag k='addr:housenumber' v='2567' />
    <tag k='addr:place' v='San Polo' />
  </node>
  <node id='-37871403' action='modify' visible='true' lat='45.43764626424' lon='12.3320519428'>
    <tag k='addr:housenumber' v='1247' />
    <tag k='addr:place' v='San Polo' />
  </node>
  <node id='-37871404' action='modify' visible='true' lat='45.43915698518' lon='12.33413467582'>
    <tag k='addr:housenumber' v='378' />
    <tag k='addr:place' v='San Polo' />
  </node>
  <node id='-37871405' action='modify' visible='true' lat='45.43929766307' lon='12.33304274081'>
    <tag k='addr:housenumber' v='1585' />
    <tag k='addr:place' v='San Polo' />
  </node>
  <node id='-37871406' action='modify' visible='true' lat='45.43838579742' lon='12.33306535961'>
    <tag k='addr:housenumber' v='960' />
    <tag k='addr:place' v='San Polo' />
  </node>
  <node id='-37871407' action='modify' visible='true' lat='45.4367189926' lon='12.32963632235'>
    <tag k='addr:housenumber' v='2082' />
    <tag k='addr:place' v='San Polo' />
  </node>
  <node id='-37871408' action='modify' visible='true' lat='45.436895224' lon='12.32885733248'>
    <tag k='addr:housenumber' v='2734c' />
    <tag k='addr:place' v='San Polo' />
  </node>
  <node id='-37871409' action='modify' visible='true' lat='45.43840158018' lon='12.33239869716'>
    <tag k='addr:housenumber' v='931' />
    <tag k='addr:place' v='San Polo' />
  </node>
  <node id='-37871410' action='modify' visible='true' lat='45.43995873512' lon='12.3332065683'>
    <tag k='addr:housenumber' v='1647' />
    <tag k='addr:place' v='San Polo' />
  </node>
  <node id='-37871411' action='modify' visible='true' lat='45.43802190435' lon='12.32900368512'>
    <tag k='addr:housenumber' v='2142' />
    <tag k='addr:place' v='San Polo' />
  </node>
  <node id='-37871412' action='modify' visible='true' lat='45.43839946807' lon='12.32708655795'>
    <tag k='addr:housenumber' v='2387' />
    <tag k='addr:place' v='San Polo' />
  </node>
  <node id='-37871413' action='modify' visible='true' lat='45.43879117627' lon='12.33273117347'>
    <tag k='addr:housenumber' v='899' />
    <tag k='addr:place' v='San Polo' />
  </node>
  <node id='-37871414' action='modify' visible='true' lat='45.43924502943' lon='12.33513190118'>
    <tag k='addr:housenumber' v='188' />
    <tag k='addr:place' v='San Polo' />
  </node>
  <node id='-37871415' action='modify' visible='true' lat='45.43867375219' lon='12.33122115635'>
    <tag k='addr:housenumber' v='1921' />
    <tag k='addr:place' v='San Polo' />
  </node>
  <node id='-37871416' action='modify' visible='true' lat='45.43684181855' lon='12.3289734661'>
    <tag k='addr:housenumber' v='2740' />
    <tag k='addr:place' v='San Polo' />
  </node>
  <node id='-37871417' action='modify' visible='true' lat='45.43698123411' lon='12.32967675465'>
    <tag k='addr:housenumber' v='2088' />
    <tag k='addr:place' v='San Polo' />
  </node>
  <node id='-37871418' action='modify' visible='true' lat='45.43926040384' lon='12.33220851919'>
    <tag k='addr:housenumber' v='1743a' />
    <tag k='addr:place' v='San Polo' />
  </node>
  <node id='-37871419' action='modify' visible='true' lat='45.43789723778' lon='12.32859092735'>
    <tag k='addr:housenumber' v='2144a' />
    <tag k='addr:place' v='San Polo' />
  </node>
  <node id='-37871420' action='modify' visible='true' lat='45.4384365403' lon='12.32473193067'>
    <tag k='addr:housenumber' v='2462' />
    <tag k='addr:place' v='San Polo' />
  </node>
  <node id='-37871421' action='modify' visible='true' lat='45.43795508671' lon='12.33211876504'>
    <tag k='addr:housenumber' v='1285' />
    <tag k='addr:place' v='San Polo' />
  </node>
  <node id='-37871422' action='modify' visible='true' lat='45.43753438285' lon='12.33204263216'>
    <tag k='addr:housenumber' v='1222' />
    <tag k='addr:place' v='San Polo' />
  </node>
  <node id='-37871423' action='modify' visible='true' lat='45.43667622929' lon='12.32548536606'>
    <tag k='addr:housenumber' v='3054a' />
    <tag k='addr:place' v='San Polo' />
  </node>
  <node id='-37871424' action='modify' visible='true' lat='45.43832360013' lon='12.32621466757'>
    <tag k='addr:housenumber' v='2454a' />
    <tag k='addr:place' v='San Polo' />
  </node>
  <node id='-37871425' action='modify' visible='true' lat='45.43753516398' lon='12.33189307916'>
    <tag k='addr:housenumber' v='1234' />
    <tag k='addr:place' v='San Polo' />
  </node>
  <node id='-37871426' action='modify' visible='true' lat='45.43848355001' lon='12.32736503456'>
    <tag k='addr:housenumber' v='2356' />
    <tag k='addr:place' v='San Polo' />
  </node>
  <node id='-37871427' action='modify' visible='true' lat='45.43961630318' lon='12.33320113127'>
    <tag k='addr:housenumber' v='1614' />
    <tag k='addr:place' v='San Polo' />
  </node>
  <node id='-37871428' action='modify' visible='true' lat='45.43872010804' lon='12.33385451796'>
    <tag k='addr:housenumber' v='447' />
    <tag k='addr:place' v='San Polo' />
  </node>
  <node id='-37871429' action='modify' visible='true' lat='45.43765287997' lon='12.32652786818'>
    <tag k='addr:housenumber' v='2548' />
    <tag k='addr:place' v='San Polo' />
  </node>
  <node id='-37871430' action='modify' visible='true' lat='45.43705930285' lon='12.3314051822'>
    <tag k='addr:housenumber' v='1404a' />
    <tag k='addr:place' v='San Polo' />
  </node>
  <node id='-37871431' action='modify' visible='true' lat='45.43917081435' lon='12.33485902435'>
    <tag k='addr:housenumber' v='221a' />
    <tag k='addr:place' v='San Polo' />
  </node>
  <node id='-37871432' action='modify' visible='true' lat='45.43614073206' lon='12.32685186546'>
    <tag k='addr:housenumber' v='2918a' />
    <tag k='addr:place' v='San Polo' />
  </node>
  <node id='-37871433' action='modify' visible='true' lat='45.43654888015' lon='12.32713268256'>
    <tag k='addr:housenumber' v='2959a' />
    <tag k='addr:place' v='San Polo' />
  </node>
  <node id='-37871434' action='modify' visible='true' lat='45.43713970971' lon='12.33156391131'>
    <tag k='addr:housenumber' v='1349a' />
    <tag k='addr:place' v='San Polo' />
  </node>
  <node id='-37871435' action='modify' visible='true' lat='45.43845418917' lon='12.33384370084'>
    <tag k='addr:housenumber' v='795a' />
    <tag k='addr:place' v='San Polo' />
  </node>
  <node id='-37871436' action='modify' visible='true' lat='45.43717886109' lon='12.33047606067'>
    <tag k='addr:housenumber' v='1990' />
    <tag k='addr:place' v='San Polo' />
  </node>
  <node id='-37871437' action='modify' visible='true' lat='45.43782840093' lon='12.33306525115'>
    <tag k='addr:housenumber' v='1022c' />
    <tag k='addr:place' v='San Polo' />
  </node>
  <node id='-37871438' action='modify' visible='true' lat='45.43673885526' lon='12.32794444107'>
    <tag k='addr:housenumber' v='2684a' />
    <tag k='addr:place' v='San Polo' />
  </node>
  <node id='-37871439' action='modify' visible='true' lat='45.43645440222' lon='12.32853463799'>
    <tag k='addr:housenumber' v='2756' />
    <tag k='addr:place' v='San Polo' />
  </node>
  <node id='-37871440' action='modify' visible='true' lat='45.4392813103' lon='12.33322791291'>
    <tag k='addr:housenumber' v='853a' />
    <tag k='addr:place' v='San Polo' />
  </node>
  <node id='-37871441' action='modify' visible='true' lat='45.43814878303' lon='12.33215816465'>
    <tag k='addr:housenumber' v='1267' />
    <tag k='addr:place' v='San Polo' />
  </node>
  <node id='-37871442' action='modify' visible='true' lat='45.43675335925' lon='12.32675789943'>
    <tag k='addr:housenumber' v='3007' />
    <tag k='addr:place' v='San Polo' />
  </node>
  <node id='-37871443' action='modify' visible='true' lat='45.43923214114' lon='12.32900315553'>
    <tag k='addr:housenumber' v='2252' />
    <tag k='addr:place' v='San Polo' />
  </node>
  <node id='-37871444' action='modify' visible='true' lat='45.43823722007' lon='12.33371710798'>
    <tag k='addr:housenumber' v='696' />
    <tag k='addr:place' v='San Polo' />
  </node>
  <node id='-37871445' action='modify' visible='true' lat='45.43666444593' lon='12.32471055943'>
    <tag k='addr:housenumber' v='3106a' />
    <tag k='addr:place' v='San Polo' />
  </node>
  <node id='-37871446' action='modify' visible='true' lat='45.43869512155' lon='12.32866950491'>
    <tag k='addr:housenumber' v='2319' />
    <tag k='addr:place' v='San Polo' />
  </node>
  <node id='-37871447' action='modify' visible='true' lat='45.43822919631' lon='12.33189391387'>
    <tag k='addr:housenumber' v='1280' />
    <tag k='addr:place' v='San Polo' />
  </node>
  <node id='-37871448' action='modify' visible='true' lat='45.43811923957' lon='12.335761162'>
    <tag k='addr:housenumber' v='11' />
    <tag k='addr:place' v='San Polo' />
  </node>
  <node id='-37871449' action='modify' visible='true' lat='45.43668781736' lon='12.32803647786'>
    <tag k='addr:housenumber' v='2705b' />
    <tag k='addr:place' v='San Polo' />
  </node>
  <node id='-37871450' action='modify' visible='true' lat='45.43895560504' lon='12.33396345271'>
    <tag k='addr:housenumber' v='429' />
    <tag k='addr:place' v='San Polo' />
  </node>
  <node id='-37871451' action='modify' visible='true' lat='45.43892297217' lon='12.33444717401'>
    <tag k='addr:housenumber' v='390' />
    <tag k='addr:place' v='San Polo' />
  </node>
  <node id='-37871452' action='modify' visible='true' lat='45.43836085824' lon='12.33532714087'>
    <tag k='addr:housenumber' v='71a' />
    <tag k='addr:place' v='San Polo' />
  </node>
  <node id='-37871453' action='modify' visible='true' lat='45.43828929079' lon='12.3299167679'>
    <tag k='addr:housenumber' v='2179a' />
    <tag k='addr:place' v='San Polo' />
  </node>
  <node id='-37871454' action='modify' visible='true' lat='45.43735335965' lon='12.33252373939'>
    <tag k='addr:housenumber' v='1169' />
    <tag k='addr:place' v='San Polo' />
  </node>
  <node id='-37871455' action='modify' visible='true' lat='45.43947835997' lon='12.33217634951'>
    <tag k='addr:housenumber' v='1754' />
    <tag k='addr:place' v='San Polo' />
  </node>
  <node id='-37871456' action='modify' visible='true' lat='45.43923541801' lon='12.33424092738'>
    <tag k='addr:housenumber' v='273' />
    <tag k='addr:place' v='San Polo' />
  </node>
  <node id='-37871457' action='modify' visible='true' lat='45.4364380998' lon='12.3265474073'>
    <tag k='addr:housenumber' v='2944' />
    <tag k='addr:place' v='San Polo' />
  </node>
  <node id='-37871458' action='modify' visible='true' lat='45.43857970251' lon='12.33417473069'>
    <tag k='addr:housenumber' v='561' />
    <tag k='addr:place' v='San Polo' />
  </node>
  <node id='-37871459' action='modify' visible='true' lat='45.4367778322' lon='12.32884589736'>
    <tag k='addr:housenumber' v='2743' />
    <tag k='addr:place' v='San Polo' />
  </node>
  <node id='-37871460' action='modify' visible='true' lat='45.43832887367' lon='12.3313778437'>
    <tag k='addr:housenumber' v='1512b' />
    <tag k='addr:place' v='San Polo' />
  </node>
  <node id='-37871461' action='modify' visible='true' lat='45.43777643165' lon='12.33202624569'>
    <tag k='addr:housenumber' v='1299' />
    <tag k='addr:place' v='San Polo' />
  </node>
  <node id='-37871462' action='modify' visible='true' lat='45.43934734291' lon='12.33258611967'>
    <tag k='addr:housenumber' v='1719' />
    <tag k='addr:place' v='San Polo' />
  </node>
  <node id='-37871463' action='modify' visible='true' lat='45.43630925925' lon='12.32632943067'>
    <tag k='addr:housenumber' v='3026' />
    <tag k='addr:place' v='San Polo' />
  </node>
  <node id='-37871464' action='modify' visible='true' lat='45.43658554469' lon='12.32686176981'>
    <tag k='addr:housenumber' v='2970' />
    <tag k='addr:place' v='San Polo' />
  </node>
  <node id='-37871465' action='modify' visible='true' lat='45.43782647833' lon='12.33265988256'>
    <tag k='addr:housenumber' v='1076' />
    <tag k='addr:place' v='San Polo' />
  </node>
  <node id='-37871466' action='modify' visible='true' lat='45.4380531359' lon='12.33138259258'>
    <tag k='addr:housenumber' v='1502' />
    <tag k='addr:place' v='San Polo' />
  </node>
  <node id='-37871467' action='modify' visible='true' lat='45.4367079549' lon='12.33129081036'>
    <tag k='addr:housenumber' v='1433' />
    <tag k='addr:place' v='San Polo' />
  </node>
  <node id='-37871468' action='modify' visible='true' lat='45.43887441458' lon='12.32878639963'>
    <tag k='addr:housenumber' v='2279' />
    <tag k='addr:place' v='San Polo' />
  </node>
  <node id='-37871469' action='modify' visible='true' lat='45.43938571349' lon='12.33397680618'>
    <tag k='addr:housenumber' v='313' />
    <tag k='addr:place' v='San Polo' />
  </node>
  <node id='-37871470' action='modify' visible='true' lat='45.43869975752' lon='12.3311416823'>
    <tag k='addr:housenumber' v='1920' />
    <tag k='addr:place' v='San Polo' />
  </node>
  <node id='-37871471' action='modify' visible='true' lat='45.43836271721' lon='12.32980153369'>
    <tag k='addr:housenumber' v='2190a' />
    <tag k='addr:place' v='San Polo' />
  </node>
  <node id='-37871472' action='modify' visible='true' lat='45.43622554352' lon='12.32673002471'>
    <tag k='addr:housenumber' v='2940a' />
    <tag k='addr:place' v='San Polo' />
  </node>
  <node id='-37871473' action='modify' visible='true' lat='45.43871906321' lon='12.33318810078'>
    <tag k='addr:housenumber' v='884d' />
    <tag k='addr:place' v='San Polo' />
  </node>
  <node id='-37871474' action='modify' visible='true' lat='45.4387376231' lon='12.33563548256'>
    <tag k='addr:housenumber' v='137' />
    <tag k='addr:place' v='San Polo' />
  </node>
  <node id='-37871475' action='modify' visible='true' lat='45.43875861217' lon='12.33560280684'>
    <tag k='addr:housenumber' v='138' />
    <tag k='addr:place' v='San Polo' />
  </node>
  <node id='-37871476' action='modify' visible='true' lat='45.43707666526' lon='12.32827907356'>
    <tag k='addr:housenumber' v='2658a' />
    <tag k='addr:place' v='San Polo' />
  </node>
  <node id='-37871477' action='modify' visible='true' lat='45.44044727117' lon='12.33267148115'>
    <tag k='addr:housenumber' v='1806' />
    <tag k='addr:place' v='San Polo' />
  </node>
  <node id='-37871478' action='modify' visible='true' lat='45.43828449409' lon='12.33405494213'>
    <tag k='addr:housenumber' v='650' />
    <tag k='addr:place' v='San Polo' />
  </node>
  <node id='-37871479' action='modify' visible='true' lat='45.43933149133' lon='12.32889811504'>
    <tag k='addr:housenumber' v='2250' />
    <tag k='addr:place' v='San Polo' />
  </node>
  <node id='-37871480' action='modify' visible='true' lat='45.43698641644' lon='12.33041717132'>
    <tag k='addr:housenumber' v='1997' />
    <tag k='addr:place' v='San Polo' />
  </node>
  <node id='-37871481' action='modify' visible='true' lat='45.43683091188' lon='12.32850997751'>
    <tag k='addr:housenumber' v='2673' />
    <tag k='addr:place' v='San Polo' />
  </node>
  <node id='-37871482' action='modify' visible='true' lat='45.43650740275' lon='12.32843518858'>
    <tag k='addr:housenumber' v='2753' />
    <tag k='addr:place' v='San Polo' />
  </node>
  <node id='-37871483' action='modify' visible='true' lat='45.43847725657' lon='12.33424963288'>
    <tag k='addr:housenumber' v='561c' />
    <tag k='addr:place' v='San Polo' />
  </node>
  <node id='-37871484' action='modify' visible='true' lat='45.43784587625' lon='12.32641757421'>
    <tag k='addr:housenumber' v='2479' />
    <tag k='addr:place' v='San Polo' />
  </node>
  <node id='-37871485' action='modify' visible='true' lat='45.43867832937' lon='12.33402070857'>
    <tag k='addr:housenumber' v='473' />
    <tag k='addr:place' v='San Polo' />
  </node>
  <node id='-37871486' action='modify' visible='true' lat='45.43765722496' lon='12.33105575345'>
    <tag k='addr:housenumber' v='1497' />
    <tag k='addr:place' v='San Polo' />
  </node>
  <node id='-37871487' action='modify' visible='true' lat='45.43829329403' lon='12.33357086588'>
    <tag k='addr:housenumber' v='790a' />
    <tag k='addr:place' v='San Polo' />
  </node>
  <node id='-37871488' action='modify' visible='true' lat='45.43832162035' lon='12.32641558693'>
    <tag k='addr:housenumber' v='2410' />
    <tag k='addr:place' v='San Polo' />
  </node>
  <node id='-37871489' action='modify' visible='true' lat='45.43625084708' lon='12.32770585935'>
    <tag k='addr:housenumber' v='2825' />
    <tag k='addr:place' v='San Polo' />
  </node>
  <node id='-37871490' action='modify' visible='true' lat='45.43842548185' lon='12.33342499543'>
    <tag k='addr:housenumber' v='806a' />
    <tag k='addr:place' v='San Polo' />
  </node>
  <node id='-37871491' action='modify' visible='true' lat='45.43988884479' lon='12.33278808656'>
    <tag k='addr:housenumber' v='1673' />
    <tag k='addr:place' v='San Polo' />
  </node>
  <node id='-37871492' action='modify' visible='true' lat='45.43717179604' lon='12.33275920642'>
    <tag k='addr:housenumber' v='1121' />
    <tag k='addr:place' v='San Polo' />
  </node>
  <node id='-37871493' action='modify' visible='true' lat='45.43658810306' lon='12.32840208354'>
    <tag k='addr:housenumber' v='2719' />
    <tag k='addr:place' v='San Polo' />
  </node>
  <node id='-37871494' action='modify' visible='true' lat='45.43605324386' lon='12.32792278587'>
    <tag k='addr:housenumber' v='2807a' />
    <tag k='addr:place' v='San Polo' />
  </node>
  <node id='-37871495' action='modify' visible='true' lat='45.43698843119' lon='12.32832989629'>
    <tag k='addr:housenumber' v='2680' />
    <tag k='addr:place' v='San Polo' />
  </node>
  <node id='-37871496' action='modify' visible='true' lat='45.43956450865' lon='12.33294311086'>
    <tag k='addr:housenumber' v='1599' />
    <tag k='addr:place' v='San Polo' />
  </node>
  <node id='-37871497' action='modify' visible='true' lat='45.43853346064' lon='12.33451347524'>
    <tag k='addr:housenumber' v='484' />
    <tag k='addr:place' v='San Polo' />
  </node>
  <node id='-37871498' action='modify' visible='true' lat='45.43887323434' lon='12.33369818358'>
    <tag k='addr:housenumber' v='817' />
    <tag k='addr:place' v='San Polo' />
  </node>
  <node id='-37871499' action='modify' visible='true' lat='45.4401906049' lon='12.33257229547'>
    <tag k='addr:housenumber' v='1802' />
    <tag k='addr:place' v='San Polo' />
  </node>
  <node id='-37871500' action='modify' visible='true' lat='45.43897290079' lon='12.33212425171'>
    <tag k='addr:housenumber' v='1890' />
    <tag k='addr:place' v='San Polo' />
  </node>
  <node id='-37871501' action='modify' visible='true' lat='45.43971399777' lon='12.33241563218'>
    <tag k='addr:housenumber' v='1760' />
    <tag k='addr:place' v='San Polo' />
  </node>
  <node id='-37871502' action='modify' visible='true' lat='45.43757168467' lon='12.33192261341'>
    <tag k='addr:housenumber' v='1244' />
    <tag k='addr:place' v='San Polo' />
  </node>
  <node id='-37871503' action='modify' visible='true' lat='45.43733913726' lon='12.32697856993'>
    <tag k='addr:housenumber' v='3002' />
    <tag k='addr:place' v='San Polo' />
  </node>
  <node id='-37871504' action='modify' visible='true' lat='45.4396647205' lon='12.33422994853'>
    <tag k='addr:housenumber' v='310b' />
    <tag k='addr:place' v='San Polo' />
  </node>
  <node id='-37871505' action='modify' visible='true' lat='45.43817309946' lon='12.33552559624'>
    <tag k='addr:housenumber' v='17' />
    <tag k='addr:place' v='San Polo' />
  </node>
  <node id='-37871506' action='modify' visible='true' lat='45.43974703798' lon='12.33414351942'>
    <tag k='addr:housenumber' v='327' />
    <tag k='addr:place' v='San Polo' />
  </node>
  <node id='-37871507' action='modify' visible='true' lat='45.43852541932' lon='12.33273404674'>
    <tag k='addr:housenumber' v='914a' />
    <tag k='addr:place' v='San Polo' />
  </node>
  <node id='-37871508' action='modify' visible='true' lat='45.43629547626' lon='12.32839482274'>
    <tag k='addr:housenumber' v='2799' />
    <tag k='addr:place' v='San Polo' />
  </node>
  <node id='-37871509' action='modify' visible='true' lat='45.43810384819' lon='12.32762720756'>
    <tag k='addr:housenumber' v='2513' />
    <tag k='addr:place' v='San Polo' />
  </node>
  <node id='-37871510' action='modify' visible='true' lat='45.43696921576' lon='12.3248584379'>
    <tag k='addr:housenumber' v='3060' />
    <tag k='addr:place' v='San Polo' />
  </node>
  <node id='-37871511' action='modify' visible='true' lat='45.43805716458' lon='12.33403551661'>
    <tag k='addr:housenumber' v='662' />
    <tag k='addr:place' v='San Polo' />
  </node>
  <node id='-37871512' action='modify' visible='true' lat='45.43695020499' lon='12.33062732636'>
    <tag k='addr:housenumber' v='1986' />
    <tag k='addr:place' v='San Polo' />
  </node>
  <node id='-37871513' action='modify' visible='true' lat='45.43959784043' lon='12.33468114115'>
    <tag k='addr:housenumber' v='174' />
    <tag k='addr:place' v='San Polo' />
  </node>
  <node id='-37871514' action='modify' visible='true' lat='45.43878581042' lon='12.32374653956'>
    <tag k='addr:housenumber' v='2465c' />
    <tag k='addr:place' v='San Polo' />
  </node>
  <node id='-37871515' action='modify' visible='true' lat='45.43669664898' lon='12.3307026974'>
    <tag k='addr:housenumber' v='1981' />
    <tag k='addr:place' v='San Polo' />
  </node>
  <node id='-37871516' action='modify' visible='true' lat='45.43842590285' lon='12.33379114064'>
    <tag k='addr:housenumber' v='795' />
    <tag k='addr:place' v='San Polo' />
  </node>
  <node id='-37871517' action='modify' visible='true' lat='45.44010655432' lon='12.33316292256'>
    <tag k='addr:housenumber' v='1643' />
    <tag k='addr:place' v='San Polo' />
  </node>
  <node id='-37871518' action='modify' visible='true' lat='45.43597989233' lon='12.32790624966'>
    <tag k='addr:housenumber' v='2808b' />
    <tag k='addr:place' v='San Polo' />
  </node>
  <node id='-37871519' action='modify' visible='true' lat='45.4378717373' lon='12.32714450143'>
    <tag k='addr:housenumber' v='2533' />
    <tag k='addr:place' v='San Polo' />
  </node>
  <node id='-37871520' action='modify' visible='true' lat='45.43746846802' lon='12.33242691224'>
    <tag k='addr:housenumber' v='1165' />
    <tag k='addr:place' v='San Polo' />
  </node>
  <node id='-37871521' action='modify' visible='true' lat='45.43949628343' lon='12.33405238512'>
    <tag k='addr:housenumber' v='312b' />
    <tag k='addr:place' v='San Polo' />
  </node>
  <node id='-37871522' action='modify' visible='true' lat='45.43843644742' lon='12.33401097204'>
    <tag k='addr:housenumber' v='644' />
    <tag k='addr:place' v='San Polo' />
  </node>
  <node id='-37871523' action='modify' visible='true' lat='45.43985169366' lon='12.33310032508'>
    <tag k='addr:housenumber' v='1652' />
    <tag k='addr:place' v='San Polo' />
  </node>
  <node id='-37871524' action='modify' visible='true' lat='45.43843213557' lon='12.3333497141'>
    <tag k='addr:housenumber' v='964b' />
    <tag k='addr:place' v='San Polo' />
  </node>
  <node id='-37871525' action='modify' visible='true' lat='45.43793707385' lon='12.33349437557'>
    <tag k='addr:housenumber' v='1018' />
    <tag k='addr:place' v='San Polo' />
  </node>
  <node id='-37871526' action='modify' visible='true' lat='45.4380191065' lon='12.33320408926'>
    <tag k='addr:housenumber' v='1033' />
    <tag k='addr:place' v='San Polo' />
  </node>
  <node id='-37871527' action='modify' visible='true' lat='45.43881748624' lon='12.33431363603'>
    <tag k='addr:housenumber' v='409a' />
    <tag k='addr:place' v='San Polo' />
  </node>
  <node id='-37871528' action='modify' visible='true' lat='45.43736504065' lon='12.33125488576'>
    <tag k='addr:housenumber' v='1473' />
    <tag k='addr:place' v='San Polo' />
  </node>
  <node id='-37871529' action='modify' visible='true' lat='45.43877159704' lon='12.33382146191'>
    <tag k='addr:housenumber' v='442' />
    <tag k='addr:place' v='San Polo' />
  </node>
  <node id='-37871530' action='modify' visible='true' lat='45.43707209348' lon='12.33154455303'>
    <tag k='addr:housenumber' v='1365' />
    <tag k='addr:place' v='San Polo' />
  </node>
  <node id='-37871531' action='modify' visible='true' lat='45.43814769467' lon='12.32785096276'>
    <tag k='addr:housenumber' v='2515a' />
    <tag k='addr:place' v='San Polo' />
  </node>
  <node id='-37871532' action='modify' visible='true' lat='45.43892165209' lon='12.33399938291'>
    <tag k='addr:housenumber' v='434' />
    <tag k='addr:place' v='San Polo' />
  </node>
  <node id='-37871533' action='modify' visible='true' lat='45.43766158633' lon='12.33410092795'>
    <tag k='addr:housenumber' v='716' />
    <tag k='addr:place' v='San Polo' />
  </node>
  <node id='-37871534' action='modify' visible='true' lat='45.43704450529' lon='12.33128426368'>
    <tag k='addr:housenumber' v='1420' />
    <tag k='addr:place' v='San Polo' />
  </node>
  <node id='-37871535' action='modify' visible='true' lat='45.4380690746' lon='12.33513220635'>
    <tag k='addr:housenumber' v='530' />
    <tag k='addr:place' v='San Polo' />
  </node>
  <node id='-37871536' action='modify' visible='true' lat='45.43845983763' lon='12.33330869553'>
    <tag k='addr:housenumber' v='964' />
    <tag k='addr:place' v='San Polo' />
  </node>
  <node id='-37871537' action='modify' visible='true' lat='45.43678549389' lon='12.32886498661'>
    <tag k='addr:housenumber' v='2742a' />
    <tag k='addr:place' v='San Polo' />
  </node>
  <node id='-37871538' action='modify' visible='true' lat='45.43594048497' lon='12.32621465812'>
    <tag k='addr:housenumber' v='2933a' />
    <tag k='addr:place' v='San Polo' />
  </node>
  <node id='-37871539' action='modify' visible='true' lat='45.43704478075' lon='12.32421812436'>
    <tag k='addr:housenumber' v='3091a' />
    <tag k='addr:place' v='San Polo' />
  </node>
  <node id='-37871540' action='modify' visible='true' lat='45.43862160306' lon='12.33193858451'>
    <tag k='addr:housenumber' v='1532' />
    <tag k='addr:place' v='San Polo' />
  </node>
  <node id='-37871541' action='modify' visible='true' lat='45.4397370331' lon='12.33261763481'>
    <tag k='addr:housenumber' v='1679' />
    <tag k='addr:place' v='San Polo' />
  </node>
  <node id='-37871542' action='modify' visible='true' lat='45.43817277473' lon='12.33272910177'>
    <tag k='addr:housenumber' v='992b' />
    <tag k='addr:place' v='San Polo' />
  </node>
  <node id='-37871543' action='modify' visible='true' lat='45.43710839234' lon='12.33004321384'>
    <tag k='addr:housenumber' v='2014' />
    <tag k='addr:place' v='San Polo' />
  </node>
  <node id='-37871544' action='modify' visible='true' lat='45.43936450402' lon='12.33444203469'>
    <tag k='addr:housenumber' v='260' />
    <tag k='addr:place' v='San Polo' />
  </node>
  <node id='-37871545' action='modify' visible='true' lat='45.43806739599' lon='12.33201323766'>
    <tag k='addr:housenumber' v='1276' />
    <tag k='addr:place' v='San Polo' />
  </node>
  <node id='-37871546' action='modify' visible='true' lat='45.43652691947' lon='12.32960128035'>
    <tag k='addr:housenumber' v='2070' />
    <tag k='addr:place' v='San Polo' />
  </node>
  <node id='-37871547' action='modify' visible='true' lat='45.43601085028' lon='12.32653288131'>
    <tag k='addr:housenumber' v='2938a' />
    <tag k='addr:place' v='San Polo' />
  </node>
  <node id='-37871548' action='modify' visible='true' lat='45.43678496431' lon='12.32855607819'>
    <tag k='addr:housenumber' v='2675' />
    <tag k='addr:place' v='San Polo' />
  </node>
  <node id='-37871549' action='modify' visible='true' lat='45.43591973595' lon='12.32844022591'>
    <tag k='addr:housenumber' v='2790' />
    <tag k='addr:place' v='San Polo' />
  </node>
  <node id='-37871550' action='modify' visible='true' lat='45.43602620781' lon='12.32858574669'>
    <tag k='addr:housenumber' v='2783' />
    <tag k='addr:place' v='San Polo' />
  </node>
  <node id='-37871551' action='modify' visible='true' lat='45.43739551251' lon='12.32459542159'>
    <tag k='addr:housenumber' v='3075c' />
    <tag k='addr:place' v='San Polo' />
  </node>
  <node id='-37871552' action='modify' visible='true' lat='45.43682680608' lon='12.32866281897'>
    <tag k='addr:housenumber' v='2730' />
    <tag k='addr:place' v='San Polo' />
  </node>
  <node id='-37871553' action='modify' visible='true' lat='45.43790228223' lon='12.33490121832'>
    <tag k='addr:housenumber' v='582' />
    <tag k='addr:place' v='San Polo' />
  </node>
  <node id='-37871554' action='modify' visible='true' lat='45.43757754328' lon='12.32844372845'>
    <tag k='addr:housenumber' v='2646a' />
    <tag k='addr:place' v='San Polo' />
  </node>
  <node id='-37871555' action='modify' visible='true' lat='45.43749855666' lon='12.32844507194'>
    <tag k='addr:housenumber' v='2644' />
    <tag k='addr:place' v='San Polo' />
  </node>
  <node id='-37871556' action='modify' visible='true' lat='45.43827716105' lon='12.32573020435'>
    <tag k='addr:housenumber' v='2468' />
    <tag k='addr:place' v='San Polo' />
  </node>
  <node id='-37871557' action='modify' visible='true' lat='45.43710594993' lon='12.33004562155'>
    <tag k='addr:housenumber' v='2016' />
    <tag k='addr:place' v='San Polo' />
  </node>
  <node id='-37871558' action='modify' visible='true' lat='45.43868893459' lon='12.32629517153'>
    <tag k='addr:housenumber' v='2432' />
    <tag k='addr:place' v='San Polo' />
  </node>
  <node id='-37871559' action='modify' visible='true' lat='45.43720678481' lon='12.33090062373'>
    <tag k='addr:housenumber' v='1463' />
    <tag k='addr:place' v='San Polo' />
  </node>
  <node id='-37871560' action='modify' visible='true' lat='45.43882366881' lon='12.33318232948'>
    <tag k='addr:housenumber' v='875' />
    <tag k='addr:place' v='San Polo' />
  </node>
  <node id='-37871561' action='modify' visible='true' lat='45.438366547' lon='12.3341627973'>
    <tag k='addr:housenumber' v='607' />
    <tag k='addr:place' v='San Polo' />
  </node>
  <node id='-37871562' action='modify' visible='true' lat='45.43684821297' lon='12.32864964839'>
    <tag k='addr:housenumber' v='2730a' />
    <tag k='addr:place' v='San Polo' />
  </node>
  <node id='-37871563' action='modify' visible='true' lat='45.43563763168' lon='12.32769789636'>
    <tag k='addr:housenumber' v='2873a' />
    <tag k='addr:place' v='San Polo' />
  </node>
  <node id='-37871564' action='modify' visible='true' lat='45.43712840664' lon='12.33295046429'>
    <tag k='addr:housenumber' v='1117' />
    <tag k='addr:place' v='San Polo' />
  </node>
  <node id='-37871565' action='modify' visible='true' lat='45.43851968909' lon='12.33387304991'>
    <tag k='addr:housenumber' v='798' />
    <tag k='addr:place' v='San Polo' />
  </node>
  <node id='-37871566' action='modify' visible='true' lat='45.43792901979' lon='12.32876485817'>
    <tag k='addr:housenumber' v='2138a' />
    <tag k='addr:place' v='San Polo' />
  </node>
  <node id='-37871567' action='modify' visible='true' lat='45.4385133063' lon='12.33402063158'>
    <tag k='addr:housenumber' v='777a' />
    <tag k='addr:place' v='San Polo' />
  </node>
  <node id='-37871568' action='modify' visible='true' lat='45.43900323703' lon='12.33235034179'>
    <tag k='addr:housenumber' v='1554' />
    <tag k='addr:place' v='San Polo' />
  </node>
  <node id='-37871569' action='modify' visible='true' lat='45.43933' lon='12.33513'>
    <tag k='addr:housenumber' v='155' />
    <tag k='addr:place' v='San Polo' />
  </node>
  <node id='-37871570' action='modify' visible='true' lat='45.43830483974' lon='12.3291316525'>
    <tag k='addr:housenumber' v='2162' />
    <tag k='addr:place' v='San Polo' />
  </node>
  <node id='-37871571' action='modify' visible='true' lat='45.44024343025' lon='12.33263096877'>
    <tag k='addr:housenumber' v='1803b' />
    <tag k='addr:place' v='San Polo' />
  </node>
  <node id='-37871572' action='modify' visible='true' lat='45.43765121551' lon='12.33089156507'>
    <tag k='addr:housenumber' v='1953' />
    <tag k='addr:place' v='San Polo' />
  </node>
  <node id='-37871573' action='modify' visible='true' lat='45.44010025273' lon='12.33253257338'>
    <tag k='addr:housenumber' v='1825' />
    <tag k='addr:place' v='San Polo' />
  </node>
  <node id='-37871574' action='modify' visible='true' lat='45.43798904921' lon='12.33404654855'>
    <tag k='addr:housenumber' v='686' />
    <tag k='addr:place' v='San Polo' />
  </node>
  <node id='-37871575' action='modify' visible='true' lat='45.43793623471' lon='12.327805535'>
    <tag k='addr:housenumber' v='2521b' />
    <tag k='addr:place' v='San Polo' />
  </node>
  <node id='-37871576' action='modify' visible='true' lat='45.43922468428' lon='12.3291374448'>
    <tag k='addr:housenumber' v='2257' />
    <tag k='addr:place' v='San Polo' />
  </node>
  <node id='-37871577' action='modify' visible='true' lat='45.43731551753' lon='12.33231965776'>
    <tag k='addr:housenumber' v='1195' />
    <tag k='addr:place' v='San Polo' />
  </node>
  <node id='-37871578' action='modify' visible='true' lat='45.43775100112' lon='12.33360137033'>
    <tag k='addr:housenumber' v='764' />
    <tag k='addr:place' v='San Polo' />
  </node>
  <node id='-37871579' action='modify' visible='true' lat='45.43666700684' lon='12.32977814489'>
    <tag k='addr:housenumber' v='2075' />
    <tag k='addr:place' v='San Polo' />
  </node>
  <node id='-37871580' action='modify' visible='true' lat='45.43643664972' lon='12.32585234626'>
    <tag k='addr:housenumber' v='3135' />
    <tag k='addr:place' v='San Polo' />
  </node>
  <node id='-37871581' action='modify' visible='true' lat='45.43644347761' lon='12.3258577507'>
    <tag k='addr:housenumber' v='3134' />
    <tag k='addr:place' v='San Polo' />
  </node>
  <node id='-37871582' action='modify' visible='true' lat='45.43868484452' lon='12.33134213136'>
    <tag k='addr:housenumber' v='1907' />
    <tag k='addr:place' v='San Polo' />
  </node>
  <node id='-37871583' action='modify' visible='true' lat='45.43773896913' lon='12.33435719587'>
    <tag k='addr:housenumber' v='671' />
    <tag k='addr:place' v='San Polo' />
  </node>
  <node id='-37871584' action='modify' visible='true' lat='45.43636560965' lon='12.32564964875'>
    <tag k='addr:housenumber' v='3127' />
    <tag k='addr:place' v='San Polo' />
  </node>
  <node id='-37871585' action='modify' visible='true' lat='45.43721320104' lon='12.33148012894'>
    <tag k='addr:housenumber' v='1398' />
    <tag k='addr:place' v='San Polo' />
  </node>
  <node id='-37871586' action='modify' visible='true' lat='45.43902232257' lon='12.32963820413'>
    <tag k='addr:housenumber' v='2212' />
    <tag k='addr:place' v='San Polo' />
  </node>
  <node id='-37871587' action='modify' visible='true' lat='45.43912824605' lon='12.33429095969'>
    <tag k='addr:housenumber' v='247' />
    <tag k='addr:place' v='San Polo' />
  </node>
  <node id='-37871588' action='modify' visible='true' lat='45.43891864329' lon='12.32883158311'>
    <tag k='addr:housenumber' v='2278' />
    <tag k='addr:place' v='San Polo' />
  </node>
  <node id='-37871589' action='modify' visible='true' lat='45.43750961594' lon='12.33134932534'>
    <tag k='addr:housenumber' v='1482' />
    <tag k='addr:place' v='San Polo' />
  </node>
  <node id='-37871590' action='modify' visible='true' lat='45.43927821473' lon='12.3322560719'>
    <tag k='addr:housenumber' v='1739' />
    <tag k='addr:place' v='San Polo' />
  </node>
  <node id='-37871591' action='modify' visible='true' lat='45.43938295186' lon='12.3288829066'>
    <tag k='addr:housenumber' v='2266' />
    <tag k='addr:place' v='San Polo' />
  </node>
  <node id='-37871592' action='modify' visible='true' lat='45.43939101809' lon='12.33425426271'>
    <tag k='addr:housenumber' v='279' />
    <tag k='addr:place' v='San Polo' />
  </node>
  <node id='-37871593' action='modify' visible='true' lat='45.43941285858' lon='12.33210901637'>
    <tag k='addr:housenumber' v='1752' />
    <tag k='addr:place' v='San Polo' />
  </node>
  <node id='-37871594' action='modify' visible='true' lat='45.43890938502' lon='12.32813852087'>
    <tag k='addr:housenumber' v='2296' />
    <tag k='addr:place' v='San Polo' />
  </node>
  <node id='-37871595' action='modify' visible='true' lat='45.43932263203' lon='12.33484592965'>
    <tag k='addr:housenumber' v='206' />
    <tag k='addr:place' v='San Polo' />
  </node>
  <node id='-37871596' action='modify' visible='true' lat='45.43836796573' lon='12.33303062085'>
    <tag k='addr:housenumber' v='958' />
    <tag k='addr:place' v='San Polo' />
  </node>
  <node id='-37871597' action='modify' visible='true' lat='45.43706824798' lon='12.32934045593'>
    <tag k='addr:housenumber' v='2116' />
    <tag k='addr:place' v='San Polo' />
  </node>
  <node id='-37871598' action='modify' visible='true' lat='45.43690617926' lon='12.32876382194'>
    <tag k='addr:housenumber' v='2733' />
    <tag k='addr:place' v='San Polo' />
  </node>
  <node id='-37871599' action='modify' visible='true' lat='45.43918272567' lon='12.32899064093'>
    <tag k='addr:housenumber' v='2255' />
    <tag k='addr:place' v='San Polo' />
  </node>
  <node id='-37871600' action='modify' visible='true' lat='45.43629662162' lon='12.32682533905'>
    <tag k='addr:housenumber' v='2950' />
    <tag k='addr:place' v='San Polo' />
  </node>
  <node id='-37871601' action='modify' visible='true' lat='45.438266205' lon='12.33323739374'>
    <tag k='addr:housenumber' v='980' />
    <tag k='addr:place' v='San Polo' />
  </node>
  <node id='-37871602' action='modify' visible='true' lat='45.43765192384' lon='12.33261973652'>
    <tag k='addr:housenumber' v='1132' />
    <tag k='addr:place' v='San Polo' />
  </node>
  <node id='-37871603' action='modify' visible='true' lat='45.43854639636' lon='12.33354377176'>
    <tag k='addr:housenumber' v='461' />
    <tag k='addr:place' v='San Polo' />
  </node>
  <node id='-37871604' action='modify' visible='true' lat='45.43741222071' lon='12.32746075407'>
    <tag k='addr:housenumber' v='2572' />
    <tag k='addr:place' v='San Polo' />
  </node>
  <node id='-37871605' action='modify' visible='true' lat='45.43763371124' lon='12.32312168325'>
    <tag k='addr:housenumber' v='3082b' />
    <tag k='addr:place' v='San Polo' />
  </node>
  <node id='-37871606' action='modify' visible='true' lat='45.43788093852' lon='12.32955223165'>
    <tag k='addr:housenumber' v='2156' />
    <tag k='addr:place' v='San Polo' />
  </node>
  <node id='-37871607' action='modify' visible='true' lat='45.43844170856' lon='12.32830341012'>
    <tag k='addr:housenumber' v='2346' />
    <tag k='addr:place' v='San Polo' />
  </node>
  <node id='-37871608' action='modify' visible='true' lat='45.43704290882' lon='12.33041685558'>
    <tag k='addr:housenumber' v='1995' />
    <tag k='addr:place' v='San Polo' />
  </node>
  <node id='-37871609' action='modify' visible='true' lat='45.43648959838' lon='12.32969120375'>
    <tag k='addr:housenumber' v='2064' />
    <tag k='addr:place' v='San Polo' />
  </node>
  <node id='-37871610' action='modify' visible='true' lat='45.43892786955' lon='12.33376517353'>
    <tag k='addr:housenumber' v='818' />
    <tag k='addr:place' v='San Polo' />
  </node>
  <node id='-37871611' action='modify' visible='true' lat='45.43817587532' lon='12.33480002037'>
    <tag k='addr:housenumber' v='541q' />
    <tag k='addr:place' v='San Polo' />
  </node>
  <node id='-37871612' action='modify' visible='true' lat='45.43636372103' lon='12.32637356233'>
    <tag k='addr:housenumber' v='3027' />
    <tag k='addr:place' v='San Polo' />
  </node>
  <node id='-37871613' action='modify' visible='true' lat='45.43796969916' lon='12.33296637571'>
    <tag k='addr:housenumber' v='1053' />
    <tag k='addr:place' v='San Polo' />
  </node>
  <node id='-37871614' action='modify' visible='true' lat='45.4392242399' lon='12.33209027712'>
    <tag k='addr:housenumber' v='1883' />
    <tag k='addr:place' v='San Polo' />
  </node>
  <node id='-37871615' action='modify' visible='true' lat='45.43846096809' lon='12.32833209947'>
    <tag k='addr:housenumber' v='2345' />
    <tag k='addr:place' v='San Polo' />
  </node>
  <node id='-37871616' action='modify' visible='true' lat='45.43849166328' lon='12.33399827612'>
    <tag k='addr:housenumber' v='778' />
    <tag k='addr:place' v='San Polo' />
  </node>
  <node id='-37871617' action='modify' visible='true' lat='45.43854842807' lon='12.33490652849'>
    <tag k='addr:housenumber' v='61a' />
    <tag k='addr:place' v='San Polo' />
  </node>
  <node id='-37871618' action='modify' visible='true' lat='45.43945534474' lon='12.32902765474'>
    <tag k='addr:housenumber' v='2263' />
    <tag k='addr:place' v='San Polo' />
  </node>
  <node id='-37871619' action='modify' visible='true' lat='45.43787247999' lon='12.33392217191'>
    <tag k='addr:housenumber' v='708' />
    <tag k='addr:place' v='San Polo' />
  </node>
  <node id='-37871620' action='modify' visible='true' lat='45.44042598773' lon='12.33262227896'>
    <tag k='addr:housenumber' v='1810' />
    <tag k='addr:place' v='San Polo' />
  </node>
  <node id='-37871621' action='modify' visible='true' lat='45.43871955393' lon='12.33092250555'>
    <tag k='addr:housenumber' v='1915' />
    <tag k='addr:place' v='San Polo' />
  </node>
  <node id='-37871622' action='modify' visible='true' lat='45.43859083422' lon='12.33302251781'>
    <tag k='addr:housenumber' v='953a' />
    <tag k='addr:place' v='San Polo' />
  </node>
  <node id='-37871623' action='modify' visible='true' lat='45.43894595216' lon='12.33331074507'>
    <tag k='addr:housenumber' v='863' />
    <tag k='addr:place' v='San Polo' />
  </node>
  <node id='-37871624' action='modify' visible='true' lat='45.43858729381' lon='12.33474566949'>
    <tag k='addr:housenumber' v='510' />
    <tag k='addr:place' v='San Polo' />
  </node>
  <node id='-37871625' action='modify' visible='true' lat='45.43808212372' lon='12.33341316525'>
    <tag k='addr:housenumber' v='1015' />
    <tag k='addr:place' v='San Polo' />
  </node>
  <node id='-37871626' action='modify' visible='true' lat='45.43831355514' lon='12.32673404472'>
    <tag k='addr:housenumber' v='2379' />
    <tag k='addr:place' v='San Polo' />
  </node>
  <node id='-37871627' action='modify' visible='true' lat='45.43976917416' lon='12.33258451672'>
    <tag k='addr:housenumber' v='1678' />
    <tag k='addr:place' v='San Polo' />
  </node>
  <node id='-37871628' action='modify' visible='true' lat='45.43868598659' lon='12.33324715428'>
    <tag k='addr:housenumber' v='884e' />
    <tag k='addr:place' v='San Polo' />
  </node>
  <node id='-37871629' action='modify' visible='true' lat='45.43841145879' lon='12.33398248604'>
    <tag k='addr:housenumber' v='644a' />
    <tag k='addr:place' v='San Polo' />
  </node>
  <node id='-37871630' action='modify' visible='true' lat='45.4381334211' lon='12.33389384018'>
    <tag k='addr:housenumber' v='691' />
    <tag k='addr:place' v='San Polo' />
  </node>
  <node id='-37871631' action='modify' visible='true' lat='45.43909333877' lon='12.33383698451'>
    <tag k='addr:housenumber' v='827' />
    <tag k='addr:place' v='San Polo' />
  </node>
  <node id='-37871632' action='modify' visible='true' lat='45.4357139827' lon='12.32735324371'>
    <tag k='addr:housenumber' v='2889' />
    <tag k='addr:place' v='San Polo' />
  </node>
  <node id='-37871633' action='modify' visible='true' lat='45.44005780817' lon='12.3331088335'>
    <tag k='addr:housenumber' v='1641' />
    <tag k='addr:place' v='San Polo' />
  </node>
  <node id='-37871634' action='modify' visible='true' lat='45.43644506869' lon='12.32623418608'>
    <tag k='addr:housenumber' v='3031' />
    <tag k='addr:place' v='San Polo' />
  </node>
  <node id='-37871635' action='modify' visible='true' lat='45.4387537118' lon='12.33092752872'>
    <tag k='addr:housenumber' v='1915a' />
    <tag k='addr:place' v='San Polo' />
  </node>
  <node id='-37871636' action='modify' visible='true' lat='45.43633233817' lon='12.32978166839'>
    <tag k='addr:housenumber' v='2049' />
    <tag k='addr:place' v='San Polo' />
  </node>
  <node id='-37871637' action='modify' visible='true' lat='45.43880272201' lon='12.33538042687'>
    <tag k='addr:housenumber' v='124' />
    <tag k='addr:place' v='San Polo' />
  </node>
  <node id='-37871638' action='modify' visible='true' lat='45.43644427374' lon='12.32722392121'>
    <tag k='addr:housenumber' v='2834' />
    <tag k='addr:place' v='San Polo' />
  </node>
  <node id='-37871639' action='modify' visible='true' lat='45.4386183905' lon='12.33132129523'>
    <tag k='addr:housenumber' v='1901' />
    <tag k='addr:place' v='San Polo' />
  </node>
  <node id='-37871640' action='modify' visible='true' lat='45.43810160881' lon='12.32897301231'>
    <tag k='addr:housenumber' v='2149' />
    <tag k='addr:place' v='San Polo' />
  </node>
  <node id='-37871641' action='modify' visible='true' lat='45.43844711788' lon='12.33153446716'>
    <tag k='addr:housenumber' v='1513c' />
    <tag k='addr:place' v='San Polo' />
  </node>
  <node id='-37871642' action='modify' visible='true' lat='45.43974888479' lon='12.33266438811'>
    <tag k='addr:housenumber' v='1668' />
    <tag k='addr:place' v='San Polo' />
  </node>
  <node id='-37871643' action='modify' visible='true' lat='45.43859007049' lon='12.3348485677'>
    <tag k='addr:housenumber' v='59a' />
    <tag k='addr:place' v='San Polo' />
  </node>
  <node id='-37871644' action='modify' visible='true' lat='45.43693324928' lon='12.3275394741'>
    <tag k='addr:housenumber' v='2597' />
    <tag k='addr:place' v='San Polo' />
  </node>
  <node id='-37871645' action='modify' visible='true' lat='45.43783499139' lon='12.33296430167'>
    <tag k='addr:housenumber' v='1057' />
    <tag k='addr:place' v='San Polo' />
  </node>
  <node id='-37871646' action='modify' visible='true' lat='45.43835716311' lon='12.3334332359'>
    <tag k='addr:housenumber' v='967' />
    <tag k='addr:place' v='San Polo' />
  </node>
  <node id='-37871647' action='modify' visible='true' lat='45.43875999589' lon='12.33400567317'>
    <tag k='addr:housenumber' v='421' />
    <tag k='addr:place' v='San Polo' />
  </node>
  <node id='-37871648' action='modify' visible='true' lat='45.43765262464' lon='12.3266661594'>
    <tag k='addr:housenumber' v='2547' />
    <tag k='addr:place' v='San Polo' />
  </node>
  <node id='-37871649' action='modify' visible='true' lat='45.43946057728' lon='12.33379926371'>
    <tag k='addr:housenumber' v='319' />
    <tag k='addr:place' v='San Polo' />
  </node>
  <node id='-37871650' action='modify' visible='true' lat='45.43693099287' lon='12.32950638081'>
    <tag k='addr:housenumber' v='2093' />
    <tag k='addr:place' v='San Polo' />
  </node>
  <node id='-37871651' action='modify' visible='true' lat='45.43694178316' lon='12.32977240831'>
    <tag k='addr:housenumber' v='2086' />
    <tag k='addr:place' v='San Polo' />
  </node>
  <node id='-37871652' action='modify' visible='true' lat='45.43899198305' lon='12.33384332357'>
    <tag k='addr:housenumber' v='431' />
    <tag k='addr:place' v='San Polo' />
  </node>
  <node id='-37871653' action='modify' visible='true' lat='45.4366339254' lon='12.32985220808'>
    <tag k='addr:housenumber' v='2062' />
    <tag k='addr:place' v='San Polo' />
  </node>
  <node id='-37871654' action='modify' visible='true' lat='45.43805618754' lon='12.32658011697'>
    <tag k='addr:housenumber' v='2488' />
    <tag k='addr:place' v='San Polo' />
  </node>
  <node id='-37871655' action='modify' visible='true' lat='45.43693048876' lon='12.32918131759'>
    <tag k='addr:housenumber' v='2102' />
    <tag k='addr:place' v='San Polo' />
  </node>
  <node id='-37871656' action='modify' visible='true' lat='45.43680805207' lon='12.33111959982'>
    <tag k='addr:housenumber' v='1443' />
    <tag k='addr:place' v='San Polo' />
  </node>
  <node id='-37871657' action='modify' visible='true' lat='45.43728435415' lon='12.3311952566'>
    <tag k='addr:housenumber' v='1415' />
    <tag k='addr:place' v='San Polo' />
  </node>
  <node id='-37871658' action='modify' visible='true' lat='45.43780513143' lon='12.33211648494'>
    <tag k='addr:housenumber' v='1298' />
    <tag k='addr:place' v='San Polo' />
  </node>
  <node id='-37871659' action='modify' visible='true' lat='45.43902437099' lon='12.33495355367'>
    <tag k='addr:housenumber' v='215' />
    <tag k='addr:place' v='San Polo' />
  </node>
  <node id='-37871660' action='modify' visible='true' lat='45.43755178807' lon='12.33256685432'>
    <tag k='addr:housenumber' v='1141' />
    <tag k='addr:place' v='San Polo' />
  </node>
  <node id='-37871661' action='modify' visible='true' lat='45.43745994369' lon='12.33378371508'>
    <tag k='addr:housenumber' v='764e' />
    <tag k='addr:place' v='San Polo' />
  </node>
  <node id='-37871662' action='modify' visible='true' lat='45.438092284' lon='12.32379604257'>
    <tag k='addr:housenumber' v='3073o' />
    <tag k='addr:place' v='San Polo' />
  </node>
  <node id='-37871663' action='modify' visible='true' lat='45.43964225922' lon='12.3333375034'>
    <tag k='addr:housenumber' v='1610' />
    <tag k='addr:place' v='San Polo' />
  </node>
  <node id='-37871664' action='modify' visible='true' lat='45.43865501475' lon='12.32604280078'>
    <tag k='addr:housenumber' v='2438a' />
    <tag k='addr:place' v='San Polo' />
  </node>
  <node id='-37871665' action='modify' visible='true' lat='45.4372947572' lon='12.32841022907'>
    <tag k='addr:housenumber' v='2654a' />
    <tag k='addr:place' v='San Polo' />
  </node>
  <node id='-37871666' action='modify' visible='true' lat='45.43724715873' lon='12.33310307562'>
    <tag k='addr:housenumber' v='1108' />
    <tag k='addr:place' v='San Polo' />
  </node>
  <node id='-37871667' action='modify' visible='true' lat='45.439672928' lon='12.33292411939'>
    <tag k='addr:housenumber' v='1659' />
    <tag k='addr:place' v='San Polo' />
  </node>
  <node id='-37871668' action='modify' visible='true' lat='45.43584885004' lon='12.32658076778'>
    <tag k='addr:housenumber' v='2923a' />
    <tag k='addr:place' v='San Polo' />
  </node>
  <node id='-37871669' action='modify' visible='true' lat='45.4373234506' lon='12.32796262461'>
    <tag k='addr:housenumber' v='2607' />
    <tag k='addr:place' v='San Polo' />
  </node>
  <node id='-37871670' action='modify' visible='true' lat='45.43957135704' lon='12.33437212462'>
    <tag k='addr:housenumber' v='285a' />
    <tag k='addr:place' v='San Polo' />
  </node>
  <node id='-37871671' action='modify' visible='true' lat='45.43878101608' lon='12.33399291142'>
    <tag k='addr:housenumber' v='438' />
    <tag k='addr:place' v='San Polo' />
  </node>
  <node id='-37871672' action='modify' visible='true' lat='45.43631619047' lon='12.32678613281'>
    <tag k='addr:housenumber' v='2949' />
    <tag k='addr:place' v='San Polo' />
  </node>
  <node id='-37871673' action='modify' visible='true' lat='45.43850355256' lon='12.33356660767'>
    <tag k='addr:housenumber' v='464' />
    <tag k='addr:place' v='San Polo' />
  </node>
  <node id='-37871674' action='modify' visible='true' lat='45.43735078605' lon='12.32835097454'>
    <tag k='addr:housenumber' v='2630c' />
    <tag k='addr:place' v='San Polo' />
  </node>
  <node id='-37871675' action='modify' visible='true' lat='45.43803704149' lon='12.32832946777'>
    <tag k='addr:housenumber' v='2338' />
    <tag k='addr:place' v='San Polo' />
  </node>
  <node id='-37871676' action='modify' visible='true' lat='45.43981093882' lon='12.33384063059'>
    <tag k='addr:housenumber' v='343' />
    <tag k='addr:place' v='San Polo' />
  </node>
  <node id='-37871677' action='modify' visible='true' lat='45.4379491151' lon='12.32752698987'>
    <tag k='addr:housenumber' v='2519' />
    <tag k='addr:place' v='San Polo' />
  </node>
  <node id='-37871678' action='modify' visible='true' lat='45.43943701417' lon='12.33235100013'>
    <tag k='addr:housenumber' v='1728' />
    <tag k='addr:place' v='San Polo' />
  </node>
  <node id='-37871679' action='modify' visible='true' lat='45.43870668426' lon='12.32868522867'>
    <tag k='addr:housenumber' v='2318' />
    <tag k='addr:place' v='San Polo' />
  </node>
  <node id='-37871680' action='modify' visible='true' lat='45.4368217793' lon='12.32562469219'>
    <tag k='addr:housenumber' v='3050' />
    <tag k='addr:place' v='San Polo' />
  </node>
  <node id='-37871681' action='modify' visible='true' lat='45.43926137445' lon='12.33184257778'>
    <tag k='addr:housenumber' v='1880' />
    <tag k='addr:place' v='San Polo' />
  </node>
  <node id='-37871682' action='modify' visible='true' lat='45.43749334893' lon='12.32410992654'>
    <tag k='addr:housenumber' v='3077b' />
    <tag k='addr:place' v='San Polo' />
  </node>
  <node id='-37871683' action='modify' visible='true' lat='45.43896847967' lon='12.32824656748'>
    <tag k='addr:housenumber' v='2295' />
    <tag k='addr:place' v='San Polo' />
  </node>
  <node id='-37871684' action='modify' visible='true' lat='45.43897481672' lon='12.33419179101'>
    <tag k='addr:housenumber' v='405' />
    <tag k='addr:place' v='San Polo' />
  </node>
  <node id='-37871685' action='modify' visible='true' lat='45.43641969354' lon='12.32968702783'>
    <tag k='addr:housenumber' v='2066' />
    <tag k='addr:place' v='San Polo' />
  </node>
  <node id='-37871686' action='modify' visible='true' lat='45.43625384113' lon='12.32836842248'>
    <tag k='addr:housenumber' v='2793' />
    <tag k='addr:place' v='San Polo' />
  </node>
  <node id='-37871687' action='modify' visible='true' lat='45.43867595461' lon='12.33259401471'>
    <tag k='addr:housenumber' v='916b' />
    <tag k='addr:place' v='San Polo' />
  </node>
  <node id='-37871688' action='modify' visible='true' lat='45.43729259771' lon='12.32682902468'>
    <tag k='addr:housenumber' v='3003' />
    <tag k='addr:place' v='San Polo' />
  </node>
  <node id='-37871689' action='modify' visible='true' lat='45.43758564881' lon='12.32394594284'>
    <tag k='addr:housenumber' v='3077d' />
    <tag k='addr:place' v='San Polo' />
  </node>
  <node id='-37871690' action='modify' visible='true' lat='45.43917227518' lon='12.33446429447'>
    <tag k='addr:housenumber' v='237' />
    <tag k='addr:place' v='San Polo' />
  </node>
  <node id='-37871691' action='modify' visible='true' lat='45.43880910946' lon='12.32880882342'>
    <tag k='addr:housenumber' v='2311' />
    <tag k='addr:place' v='San Polo' />
  </node>
  <node id='-37871692' action='modify' visible='true' lat='45.43878265576' lon='12.33541121542'>
    <tag k='addr:housenumber' v='124a' />
    <tag k='addr:place' v='San Polo' />
  </node>
  <node id='-37871693' action='modify' visible='true' lat='45.43873661278' lon='12.33484795916'>
    <tag k='addr:housenumber' v='39' />
    <tag k='addr:place' v='San Polo' />
  </node>
  <node id='-37871694' action='modify' visible='true' lat='45.43818923104' lon='12.32358419493'>
    <tag k='addr:housenumber' v='3080r' />
    <tag k='addr:place' v='San Polo' />
  </node>
  <node id='-37871695' action='modify' visible='true' lat='45.43802353583' lon='12.33206229485'>
    <tag k='addr:housenumber' v='1275' />
    <tag k='addr:place' v='San Polo' />
  </node>
  <node id='-37871696' action='modify' visible='true' lat='45.43735958949' lon='12.3324930102'>
    <tag k='addr:housenumber' v='1183' />
    <tag k='addr:place' v='San Polo' />
  </node>
  <node id='-37871697' action='modify' visible='true' lat='45.43915985722' lon='12.33234188263'>
    <tag k='addr:housenumber' v='1745' />
    <tag k='addr:place' v='San Polo' />
  </node>
  <node id='-37871698' action='modify' visible='true' lat='45.43839933527' lon='12.32971778381'>
    <tag k='addr:housenumber' v='2184' />
    <tag k='addr:place' v='San Polo' />
  </node>
  <node id='-37871699' action='modify' visible='true' lat='45.4384145371' lon='12.32713583497'>
    <tag k='addr:housenumber' v='2387a' />
    <tag k='addr:place' v='San Polo' />
  </node>
  <node id='-37871700' action='modify' visible='true' lat='45.43910988647' lon='12.33358360323'>
    <tag k='addr:housenumber' v='840' />
    <tag k='addr:place' v='San Polo' />
  </node>
  <node id='-37871701' action='modify' visible='true' lat='45.43869483536' lon='12.33097150748'>
    <tag k='addr:housenumber' v='1913' />
    <tag k='addr:place' v='San Polo' />
  </node>
  <node id='-37871702' action='modify' visible='true' lat='45.4383381769' lon='12.33479752406'>
    <tag k='addr:housenumber' v='548' />
    <tag k='addr:place' v='San Polo' />
  </node>
  <node id='-37871703' action='modify' visible='true' lat='45.43803253651' lon='12.33285962148'>
    <tag k='addr:housenumber' v='993a' />
    <tag k='addr:place' v='San Polo' />
  </node>
  <node id='-37871704' action='modify' visible='true' lat='45.43812780483' lon='12.33586979577'>
    <tag k='addr:housenumber' v='6' />
    <tag k='addr:place' v='San Polo' />
  </node>
  <node id='-37871705' action='modify' visible='true' lat='45.43786971367' lon='12.33217394432'>
    <tag k='addr:housenumber' v='1286' />
    <tag k='addr:place' v='San Polo' />
  </node>
  <node id='-37871706' action='modify' visible='true' lat='45.43956026176' lon='12.33282119909'>
    <tag k='addr:housenumber' v='1695' />
    <tag k='addr:place' v='San Polo' />
  </node>
  <node id='-37871707' action='modify' visible='true' lat='45.4371803628' lon='12.33030058167'>
    <tag k='addr:housenumber' v='2007' />
    <tag k='addr:place' v='San Polo' />
  </node>
  <node id='-37871708' action='modify' visible='true' lat='45.43982357783' lon='12.33413141379'>
    <tag k='addr:housenumber' v='337' />
    <tag k='addr:place' v='San Polo' />
  </node>
  <node id='-37871709' action='modify' visible='true' lat='45.43907054416' lon='12.33423051338'>
    <tag k='addr:housenumber' v='380a' />
    <tag k='addr:place' v='San Polo' />
  </node>
  <node id='-37871710' action='modify' visible='true' lat='45.4380106125' lon='12.32643412775'>
    <tag k='addr:housenumber' v='2476' />
    <tag k='addr:place' v='San Polo' />
  </node>
  <node id='-37871711' action='modify' visible='true' lat='45.43580709903' lon='12.32659714081'>
    <tag k='addr:housenumber' v='2908a' />
    <tag k='addr:place' v='San Polo' />
  </node>
  <node id='-37871712' action='modify' visible='true' lat='45.43797379005' lon='12.33459282926'>
    <tag k='addr:housenumber' v='618b' />
    <tag k='addr:place' v='San Polo' />
  </node>
  <node id='-37871713' action='modify' visible='true' lat='45.43728134878' lon='12.3283722234'>
    <tag k='addr:housenumber' v='2654b' />
    <tag k='addr:place' v='San Polo' />
  </node>
  <node id='-37871714' action='modify' visible='true' lat='45.43908376687' lon='12.3290290146'>
    <tag k='addr:housenumber' v='2244' />
    <tag k='addr:place' v='San Polo' />
  </node>
  <node id='-37871715' action='modify' visible='true' lat='45.43885400928' lon='12.3324165891'>
    <tag k='addr:housenumber' v='1546' />
    <tag k='addr:place' v='San Polo' />
  </node>
  <node id='-37871716' action='modify' visible='true' lat='45.43586558896' lon='12.32646805321'>
    <tag k='addr:housenumber' v='2925' />
    <tag k='addr:place' v='San Polo' />
  </node>
  <node id='-37871717' action='modify' visible='true' lat='45.43962533887' lon='12.33322145346'>
    <tag k='addr:housenumber' v='1613' />
    <tag k='addr:place' v='San Polo' />
  </node>
  <node id='-37871718' action='modify' visible='true' lat='45.43668721117' lon='12.32715315087'>
    <tag k='addr:housenumber' v='2991' />
    <tag k='addr:place' v='San Polo' />
  </node>
  <node id='-37871719' action='modify' visible='true' lat='45.43705723087' lon='12.32773391874'>
    <tag k='addr:housenumber' v='2599a' />
    <tag k='addr:place' v='San Polo' />
  </node>
  <node id='-37871720' action='modify' visible='true' lat='45.43703264345' lon='12.33145121723'>
    <tag k='addr:housenumber' v='1392' />
    <tag k='addr:place' v='San Polo' />
  </node>
  <node id='-37871721' action='modify' visible='true' lat='45.43901416813' lon='12.33229063039'>
    <tag k='addr:housenumber' v='1553' />
    <tag k='addr:place' v='San Polo' />
  </node>
  <node id='-37871722' action='modify' visible='true' lat='45.43651822417' lon='12.32963168889'>
    <tag k='addr:housenumber' v='2071' />
    <tag k='addr:place' v='San Polo' />
  </node>
  <node id='-37871723' action='modify' visible='true' lat='45.43817654803' lon='12.33306163858'>
    <tag k='addr:housenumber' v='990' />
    <tag k='addr:place' v='San Polo' />
  </node>
  <node id='-37871724' action='modify' visible='true' lat='45.43891135241' lon='12.32925274284'>
    <tag k='addr:housenumber' v='2232' />
    <tag k='addr:place' v='San Polo' />
  </node>
  <node id='-37871725' action='modify' visible='true' lat='45.43634144687' lon='12.32960016446'>
    <tag k='addr:housenumber' v='2069a' />
    <tag k='addr:place' v='San Polo' />
  </node>
  <node id='-37871726' action='modify' visible='true' lat='45.43845958449' lon='12.32324717887'>
    <tag k='addr:housenumber' v='3073k' />
    <tag k='addr:place' v='San Polo' />
  </node>
  <node id='-37871727' action='modify' visible='true' lat='45.43871617732' lon='12.33566943532'>
    <tag k='addr:housenumber' v='137a' />
    <tag k='addr:place' v='San Polo' />
  </node>
  <node id='-37871728' action='modify' visible='true' lat='45.43665533076' lon='12.32691898722'>
    <tag k='addr:housenumber' v='2971' />
    <tag k='addr:place' v='San Polo' />
  </node>
  <node id='-37871729' action='modify' visible='true' lat='45.43828768149' lon='12.326644839'>
    <tag k='addr:housenumber' v='2380' />
    <tag k='addr:place' v='San Polo' />
  </node>
  <node id='-37871730' action='modify' visible='true' lat='45.43764584596' lon='12.32669588943'>
    <tag k='addr:housenumber' v='2546' />
    <tag k='addr:place' v='San Polo' />
  </node>
  <node id='-37871731' action='modify' visible='true' lat='45.4401886426' lon='12.33244750446'>
    <tag k='addr:housenumber' v='1815' />
    <tag k='addr:place' v='San Polo' />
  </node>
  <node id='-37871732' action='modify' visible='true' lat='45.43933120493' lon='12.33441303208'>
    <tag k='addr:housenumber' v='262' />
    <tag k='addr:place' v='San Polo' />
  </node>
  <node id='-37871733' action='modify' visible='true' lat='45.43645550077' lon='12.32745410341'>
    <tag k='addr:housenumber' v='2982' />
    <tag k='addr:place' v='San Polo' />
  </node>
  <node id='-37871734' action='modify' visible='true' lat='45.43672818448' lon='12.32960365282'>
    <tag k='addr:housenumber' v='2083' />
    <tag k='addr:place' v='San Polo' />
  </node>
  <node id='-37871735' action='modify' visible='true' lat='45.43557136924' lon='12.32771155011'>
    <tag k='addr:housenumber' v='2882' />
    <tag k='addr:place' v='San Polo' />
  </node>
  <node id='-37871736' action='modify' visible='true' lat='45.43583586179' lon='12.32654215882'>
    <tag k='addr:housenumber' v='2924' />
    <tag k='addr:place' v='San Polo' />
  </node>
  <node id='-37871737' action='modify' visible='true' lat='45.43823696737' lon='12.33203587791'>
    <tag k='addr:housenumber' v='1279a' />
    <tag k='addr:place' v='San Polo' />
  </node>
  <node id='-37871738' action='modify' visible='true' lat='45.4393448596' lon='12.33442489581'>
    <tag k='addr:housenumber' v='261' />
    <tag k='addr:place' v='San Polo' />
  </node>
  <node id='-37871739' action='modify' visible='true' lat='45.43947147379' lon='12.33402408451'>
    <tag k='addr:housenumber' v='312c' />
    <tag k='addr:place' v='San Polo' />
  </node>
  <node id='-37871740' action='modify' visible='true' lat='45.43636595538' lon='12.32732525631'>
    <tag k='addr:housenumber' v='2837' />
    <tag k='addr:place' v='San Polo' />
  </node>
  <node id='-37871741' action='modify' visible='true' lat='45.43863033626' lon='12.33296286338'>
    <tag k='addr:housenumber' v='905' />
    <tag k='addr:place' v='San Polo' />
  </node>
  <node id='-37871742' action='modify' visible='true' lat='45.43861423454' lon='12.33412550952'>
    <tag k='addr:housenumber' v='774' />
    <tag k='addr:place' v='San Polo' />
  </node>
  <node id='-37871743' action='modify' visible='true' lat='45.43894450885' lon='12.32829091932'>
    <tag k='addr:housenumber' v='2294' />
    <tag k='addr:place' v='San Polo' />
  </node>
  <node id='-37871744' action='modify' visible='true' lat='45.43755609772' lon='12.33192867196'>
    <tag k='addr:housenumber' v='1233' />
    <tag k='addr:place' v='San Polo' />
  </node>
  <node id='-37871745' action='modify' visible='true' lat='45.43867539237' lon='12.33380513999'>
    <tag k='addr:housenumber' v='448' />
    <tag k='addr:place' v='San Polo' />
  </node>
  <node id='-37871746' action='modify' visible='true' lat='45.43871063753' lon='12.32628979787'>
    <tag k='addr:housenumber' v='2431' />
    <tag k='addr:place' v='San Polo' />
  </node>
  <node id='-37871747' action='modify' visible='true' lat='45.43903834949' lon='12.33416950936'>
    <tag k='addr:housenumber' v='396' />
    <tag k='addr:place' v='San Polo' />
  </node>
  <node id='-37871748' action='modify' visible='true' lat='45.43772460458' lon='12.32370222494'>
    <tag k='addr:housenumber' v='3077g' />
    <tag k='addr:place' v='San Polo' />
  </node>
  <node id='-37871749' action='modify' visible='true' lat='45.43791893265' lon='12.32712001756'>
    <tag k='addr:housenumber' v='2532' />
    <tag k='addr:place' v='San Polo' />
  </node>
  <node id='-37871750' action='modify' visible='true' lat='45.43862552713' lon='12.32894649033'>
    <tag k='addr:housenumber' v='2313' />
    <tag k='addr:place' v='San Polo' />
  </node>
  <node id='-37871751' action='modify' visible='true' lat='45.43803742678' lon='12.32959233147'>
    <tag k='addr:housenumber' v='2157' />
    <tag k='addr:place' v='San Polo' />
  </node>
  <node id='-37871752' action='modify' visible='true' lat='45.43716417238' lon='12.32818458037'>
    <tag k='addr:housenumber' v='2657' />
    <tag k='addr:place' v='San Polo' />
  </node>
  <node id='-37871753' action='modify' visible='true' lat='45.43572849213' lon='12.32752051196'>
    <tag k='addr:housenumber' v='2886' />
    <tag k='addr:place' v='San Polo' />
  </node>
  <node id='-37871754' action='modify' visible='true' lat='45.43704655819' lon='12.32844114772'>
    <tag k='addr:housenumber' v='2671' />
    <tag k='addr:place' v='San Polo' />
  </node>
  <node id='-37871755' action='modify' visible='true' lat='45.43633350448' lon='12.32634908658'>
    <tag k='addr:housenumber' v='3026a' />
    <tag k='addr:place' v='San Polo' />
  </node>
  <node id='-37871756' action='modify' visible='true' lat='45.43884561528' lon='12.33488477253'>
    <tag k='addr:housenumber' v='99' />
    <tag k='addr:place' v='San Polo' />
  </node>
  <node id='-37871757' action='modify' visible='true' lat='45.43639875928' lon='12.3260110601'>
    <tag k='addr:housenumber' v='3042' />
    <tag k='addr:place' v='San Polo' />
  </node>
  <node id='-37871758' action='modify' visible='true' lat='45.43784139395' lon='12.33513883608'>
    <tag k='addr:housenumber' v='728' />
    <tag k='addr:place' v='San Polo' />
  </node>
  <node id='-37871759' action='modify' visible='true' lat='45.43848368968' lon='12.32644616255'>
    <tag k='addr:housenumber' v='2370' />
    <tag k='addr:place' v='San Polo' />
  </node>
  <node id='-37871760' action='modify' visible='true' lat='45.43658722815' lon='12.32685803113'>
    <tag k='addr:housenumber' v='2969' />
    <tag k='addr:place' v='San Polo' />
  </node>
  <node id='-37871761' action='modify' visible='true' lat='45.4359998533' lon='12.32613075086'>
    <tag k='addr:housenumber' v='3023' />
    <tag k='addr:place' v='San Polo' />
  </node>
  <node id='-37871762' action='modify' visible='true' lat='45.43642943329' lon='12.32808967808'>
    <tag k='addr:housenumber' v='2715' />
    <tag k='addr:place' v='San Polo' />
  </node>
  <node id='-37871763' action='modify' visible='true' lat='45.43646135703' lon='12.32830639071'>
    <tag k='addr:housenumber' v='2717' />
    <tag k='addr:place' v='San Polo' />
  </node>
  <node id='-37871764' action='modify' visible='true' lat='45.43870834163' lon='12.33122627974'>
    <tag k='addr:housenumber' v='1924' />
    <tag k='addr:place' v='San Polo' />
  </node>
  <node id='-37871765' action='modify' visible='true' lat='45.43908605943' lon='12.32958414857'>
    <tag k='addr:housenumber' v='2213' />
    <tag k='addr:place' v='San Polo' />
  </node>
  <node id='-37871766' action='modify' visible='true' lat='45.43748785729' lon='12.33289646963'>
    <tag k='addr:housenumber' v='1085' />
    <tag k='addr:place' v='San Polo' />
  </node>
  <node id='-37871767' action='modify' visible='true' lat='45.43888853548' lon='12.32945218927'>
    <tag k='addr:housenumber' v='2210a' />
    <tag k='addr:place' v='San Polo' />
  </node>
  <node id='-37871768' action='modify' visible='true' lat='45.43853656219' lon='12.33299775696'>
    <tag k='addr:housenumber' v='952' />
    <tag k='addr:place' v='San Polo' />
  </node>
  <node id='-37871769' action='modify' visible='true' lat='45.43636332745' lon='12.32710405419'>
    <tag k='addr:housenumber' v='2956a' />
    <tag k='addr:place' v='San Polo' />
  </node>
  <node id='-37871770' action='modify' visible='true' lat='45.43794745391' lon='12.32865766755'>
    <tag k='addr:housenumber' v='2144c' />
    <tag k='addr:place' v='San Polo' />
  </node>
  <node id='-37871771' action='modify' visible='true' lat='45.43817583097' lon='12.33198162584'>
    <tag k='addr:housenumber' v='1278a' />
    <tag k='addr:place' v='San Polo' />
  </node>
  <node id='-37871772' action='modify' visible='true' lat='45.43738055819' lon='12.32719455579'>
    <tag k='addr:housenumber' v='2562' />
    <tag k='addr:place' v='San Polo' />
  </node>
  <node id='-37871773' action='modify' visible='true' lat='45.43852500039' lon='12.33430855189'>
    <tag k='addr:housenumber' v='557' />
    <tag k='addr:place' v='San Polo' />
  </node>
  <node id='-37871774' action='modify' visible='true' lat='45.43917322195' lon='12.33475545386'>
    <tag k='addr:housenumber' v='226' />
    <tag k='addr:place' v='San Polo' />
  </node>
  <node id='-37871775' action='modify' visible='true' lat='45.43726931774' lon='12.3275956218'>
    <tag k='addr:housenumber' v='2581' />
    <tag k='addr:place' v='San Polo' />
  </node>
  <node id='-37871776' action='modify' visible='true' lat='45.43633337534' lon='12.32675149532'>
    <tag k='addr:housenumber' v='2948' />
    <tag k='addr:place' v='San Polo' />
  </node>
  <node id='-37871777' action='modify' visible='true' lat='45.43885779243' lon='12.33241054138'>
    <tag k='addr:housenumber' v='1550' />
    <tag k='addr:place' v='San Polo' />
  </node>
  <node id='-37871778' action='modify' visible='true' lat='45.43951189737' lon='12.33184991682'>
    <tag k='addr:housenumber' v='1859' />
    <tag k='addr:place' v='San Polo' />
  </node>
  <node id='-37871779' action='modify' visible='true' lat='45.43821912667' lon='12.33368233062'>
    <tag k='addr:housenumber' v='697' />
    <tag k='addr:place' v='San Polo' />
  </node>
  <node id='-37871780' action='modify' visible='true' lat='45.43667490926' lon='12.32793660613'>
    <tag k='addr:housenumber' v='2706b' />
    <tag k='addr:place' v='San Polo' />
  </node>
  <node id='-37871781' action='modify' visible='true' lat='45.43961404625' lon='12.33178133729'>
    <tag k='addr:housenumber' v='1856' />
    <tag k='addr:place' v='San Polo' />
  </node>
  <node id='-37871782' action='modify' visible='true' lat='45.43800071699' lon='12.32897375555'>
    <tag k='addr:housenumber' v='2141' />
    <tag k='addr:place' v='San Polo' />
  </node>
  <node id='-37871783' action='modify' visible='true' lat='45.43938171307' lon='12.33424437845'>
    <tag k='addr:housenumber' v='278a' />
    <tag k='addr:place' v='San Polo' />
  </node>
  <node id='-37871784' action='modify' visible='true' lat='45.43760069414' lon='12.32734840479'>
    <tag k='addr:housenumber' v='2577' />
    <tag k='addr:place' v='San Polo' />
  </node>
  <node id='-37871785' action='modify' visible='true' lat='45.43959594005' lon='12.33419251424'>
    <tag k='addr:housenumber' v='304' />
    <tag k='addr:place' v='San Polo' />
  </node>
  <node id='-37871786' action='modify' visible='true' lat='45.43872611108' lon='12.3337165643'>
    <tag k='addr:housenumber' v='450' />
    <tag k='addr:place' v='San Polo' />
  </node>
  <node id='-37871787' action='modify' visible='true' lat='45.4383310364' lon='12.33403779344'>
    <tag k='addr:housenumber' v='645a' />
    <tag k='addr:place' v='San Polo' />
  </node>
  <node id='-37871788' action='modify' visible='true' lat='45.43780147343' lon='12.33266032704'>
    <tag k='addr:housenumber' v='1065' />
    <tag k='addr:place' v='San Polo' />
  </node>
  <node id='-37871789' action='modify' visible='true' lat='45.43616230939' lon='12.32693243715'>
    <tag k='addr:housenumber' v='2860' />
    <tag k='addr:place' v='San Polo' />
  </node>
  <node id='-37871790' action='modify' visible='true' lat='45.43766758704' lon='12.33485604512'>
    <tag k='addr:housenumber' v='735' />
    <tag k='addr:place' v='San Polo' />
  </node>
  <node id='-37871791' action='modify' visible='true' lat='45.43567611126' lon='12.3272735909'>
    <tag k='addr:housenumber' v='2898b' />
    <tag k='addr:place' v='San Polo' />
  </node>
  <node id='-37871792' action='modify' visible='true' lat='45.4396927097' lon='12.33303073327'>
    <tag k='addr:housenumber' v='1617' />
    <tag k='addr:place' v='San Polo' />
  </node>
  <node id='-37871793' action='modify' visible='true' lat='45.4389864396' lon='12.33151705318'>
    <tag k='addr:housenumber' v='1870' />
    <tag k='addr:place' v='San Polo' />
  </node>
  <node id='-37871794' action='modify' visible='true' lat='45.43856418089' lon='12.33262476296'>
    <tag k='addr:housenumber' v='920' />
    <tag k='addr:place' v='San Polo' />
  </node>
  <node id='-37871795' action='modify' visible='true' lat='45.43913417209' lon='12.32935965751'>
    <tag k='addr:housenumber' v='2215a' />
    <tag k='addr:place' v='San Polo' />
  </node>
  <node id='-37871796' action='modify' visible='true' lat='45.43662817888' lon='12.32481308072'>
    <tag k='addr:housenumber' v='3107' />
    <tag k='addr:place' v='San Polo' />
  </node>
  <node id='-37871797' action='modify' visible='true' lat='45.43780359456' lon='12.33353309194'>
    <tag k='addr:housenumber' v='1023' />
    <tag k='addr:place' v='San Polo' />
  </node>
  <node id='-37871798' action='modify' visible='true' lat='45.43756695901' lon='12.33413869564'>
    <tag k='addr:housenumber' v='750' />
    <tag k='addr:place' v='San Polo' />
  </node>
  <node id='-37871799' action='modify' visible='true' lat='45.43819429006' lon='12.33091313961'>
    <tag k='addr:housenumber' v='1498' />
    <tag k='addr:place' v='San Polo' />
  </node>
  <node id='-37871800' action='modify' visible='true' lat='45.43666433605' lon='12.32501919044'>
    <tag k='addr:housenumber' v='3108a' />
    <tag k='addr:place' v='San Polo' />
  </node>
  <node id='-37871801' action='modify' visible='true' lat='45.43791304693' lon='12.33296176174'>
    <tag k='addr:housenumber' v='1045b' />
    <tag k='addr:place' v='San Polo' />
  </node>
  <node id='-37871802' action='modify' visible='true' lat='45.43676265893' lon='12.32880824879'>
    <tag k='addr:housenumber' v='2744' />
    <tag k='addr:place' v='San Polo' />
  </node>
  <node id='-37871803' action='modify' visible='true' lat='45.43569120504' lon='12.3268255373'>
    <tag k='addr:housenumber' v='2904' />
    <tag k='addr:place' v='San Polo' />
  </node>
  <node id='-37871804' action='modify' visible='true' lat='45.43841813507' lon='12.33216416549'>
    <tag k='addr:housenumber' v='935' />
    <tag k='addr:place' v='San Polo' />
  </node>
  <node id='-37871805' action='modify' visible='true' lat='45.43715526754' lon='12.33058891938'>
    <tag k='addr:housenumber' v='1988a' />
    <tag k='addr:place' v='San Polo' />
  </node>
  <node id='-37871806' action='modify' visible='true' lat='45.43810695457' lon='12.33148350351'>
    <tag k='addr:housenumber' v='1501' />
    <tag k='addr:place' v='San Polo' />
  </node>
  <node id='-37871807' action='modify' visible='true' lat='45.43633705322' lon='12.32984401712'>
    <tag k='addr:housenumber' v='2046' />
    <tag k='addr:place' v='San Polo' />
  </node>
  <node id='-37871808' action='modify' visible='true' lat='45.43607538877' lon='12.32854606585'>
    <tag k='addr:housenumber' v='2784' />
    <tag k='addr:place' v='San Polo' />
  </node>
  <node id='-37871809' action='modify' visible='true' lat='45.4393664445' lon='12.33319684695'>
    <tag k='addr:housenumber' v='1590' />
    <tag k='addr:place' v='San Polo' />
  </node>
  <node id='-37871810' action='modify' visible='true' lat='45.43858976883' lon='12.32645206944'>
    <tag k='addr:housenumber' v='2415' />
    <tag k='addr:place' v='San Polo' />
  </node>
  <node id='-37871811' action='modify' visible='true' lat='45.43900664171' lon='12.3352717502'>
    <tag k='addr:housenumber' v='147' />
    <tag k='addr:place' v='San Polo' />
  </node>
  <node id='-37871812' action='modify' visible='true' lat='45.43783364322' lon='12.33025146734'>
    <tag k='addr:housenumber' v='2171' />
    <tag k='addr:place' v='San Polo' />
  </node>
  <node id='-37871813' action='modify' visible='true' lat='45.43677094555' lon='12.32878323375'>
    <tag k='addr:housenumber' v='2727' />
    <tag k='addr:place' v='San Polo' />
  </node>
  <node id='-37871814' action='modify' visible='true' lat='45.43588239711' lon='12.328508254'>
    <tag k='addr:housenumber' v='2780;2781' />
    <tag k='addr:place' v='San Polo' />
  </node>
  <node id='-37871815' action='modify' visible='true' lat='45.43997575911' lon='12.33254065762'>
    <tag k='addr:housenumber' v='1831' />
    <tag k='addr:place' v='San Polo' />
  </node>
  <node id='-37871816' action='modify' visible='true' lat='45.43864005558' lon='12.32643994394'>
    <tag k='addr:housenumber' v='2420' />
    <tag k='addr:place' v='San Polo' />
  </node>
  <node id='-37871817' action='modify' visible='true' lat='45.43854388337' lon='12.33512844398'>
    <tag k='addr:housenumber' v='31' />
    <tag k='addr:place' v='San Polo' />
  </node>
  <node id='-37871818' action='modify' visible='true' lat='45.4371835514' lon='12.33088958098'>
    <tag k='addr:housenumber' v='1462' />
    <tag k='addr:place' v='San Polo' />
  </node>
  <node id='-37871819' action='modify' visible='true' lat='45.43960319037' lon='12.33286268872'>
    <tag k='addr:housenumber' v='1693' />
    <tag k='addr:place' v='San Polo' />
  </node>
  <node id='-37871820' action='modify' visible='true' lat='45.43648116948' lon='12.32610520844'>
    <tag k='addr:housenumber' v='3034' />
    <tag k='addr:place' v='San Polo' />
  </node>
  <node id='-37871821' action='modify' visible='true' lat='45.43885769313' lon='12.32940742459'>
    <tag k='addr:housenumber' v='2225' />
    <tag k='addr:place' v='San Polo' />
  </node>
  <node id='-37871822' action='modify' visible='true' lat='45.43796781262' lon='12.32892729532'>
    <tag k='addr:housenumber' v='2140' />
    <tag k='addr:place' v='San Polo' />
  </node>
  <node id='-37871823' action='modify' visible='true' lat='45.43908521887' lon='12.33237718762'>
    <tag k='addr:housenumber' v='1560' />
    <tag k='addr:place' v='San Polo' />
  </node>
  <node id='-37871824' action='modify' visible='true' lat='45.4382881475' lon='12.33408625498'>
    <tag k='addr:housenumber' v='649' />
    <tag k='addr:place' v='San Polo' />
  </node>
  <node id='-37871825' action='modify' visible='true' lat='45.4371835433' lon='12.33069221569'>
    <tag k='addr:housenumber' v='1970' />
    <tag k='addr:place' v='San Polo' />
  </node>
  <node id='-37871826' action='modify' visible='true' lat='45.438808034' lon='12.3332374291'>
    <tag k='addr:housenumber' v='880' />
    <tag k='addr:place' v='San Polo' />
  </node>
  <node id='-37871827' action='modify' visible='true' lat='45.43842329749' lon='12.3264752539'>
    <tag k='addr:housenumber' v='2372' />
    <tag k='addr:place' v='San Polo' />
  </node>
  <node id='-37871828' action='modify' visible='true' lat='45.4386154857' lon='12.32421715446'>
    <tag k='addr:housenumber' v='2465e' />
    <tag k='addr:place' v='San Polo' />
  </node>
  <node id='-37871829' action='modify' visible='true' lat='45.43963006818' lon='12.33297312663'>
    <tag k='addr:housenumber' v='1616' />
    <tag k='addr:place' v='San Polo' />
  </node>
  <node id='-37871830' action='modify' visible='true' lat='45.43685923709' lon='12.32845957254'>
    <tag k='addr:housenumber' v='2692' />
    <tag k='addr:place' v='San Polo' />
  </node>
  <node id='-37871831' action='modify' visible='true' lat='45.43900444484' lon='12.32839896218'>
    <tag k='addr:housenumber' v='2284' />
    <tag k='addr:place' v='San Polo' />
  </node>
  <node id='-37871832' action='modify' visible='true' lat='45.43861641466' lon='12.32711450081'>
    <tag k='addr:housenumber' v='2360' />
    <tag k='addr:place' v='San Polo' />
  </node>
  <node id='-37871833' action='modify' visible='true' lat='45.43624216937' lon='12.32632673258'>
    <tag k='addr:housenumber' v='3021a' />
    <tag k='addr:place' v='San Polo' />
  </node>
  <node id='-37871834' action='modify' visible='true' lat='45.43924792361' lon='12.33449569234'>
    <tag k='addr:housenumber' v='245' />
    <tag k='addr:place' v='San Polo' />
  </node>
  <node id='-37871835' action='modify' visible='true' lat='45.43980544342' lon='12.33411205772'>
    <tag k='addr:housenumber' v='338' />
    <tag k='addr:place' v='San Polo' />
  </node>
  <node id='-37871836' action='modify' visible='true' lat='45.43948534336' lon='12.33252412869'>
    <tag k='addr:housenumber' v='1706' />
    <tag k='addr:place' v='San Polo' />
  </node>
  <node id='-37871837' action='modify' visible='true' lat='45.43759044288' lon='12.33195425695'>
    <tag k='addr:housenumber' v='1245' />
    <tag k='addr:place' v='San Polo' />
  </node>
  <node id='-37871838' action='modify' visible='true' lat='45.43890794758' lon='12.32893432455'>
    <tag k='addr:housenumber' v='2307' />
    <tag k='addr:place' v='San Polo' />
  </node>
  <node id='-37871839' action='modify' visible='true' lat='45.43998902512' lon='12.33251315742'>
    <tag k='addr:housenumber' v='1832' />
    <tag k='addr:place' v='San Polo' />
  </node>
  <node id='-37871840' action='modify' visible='true' lat='45.43799505277' lon='12.33303580315'>
    <tag k='addr:housenumber' v='1052' />
    <tag k='addr:place' v='San Polo' />
  </node>
  <node id='-37871841' action='modify' visible='true' lat='45.4399591485' lon='12.33237670508'>
    <tag k='addr:housenumber' v='1844' />
    <tag k='addr:place' v='San Polo' />
  </node>
  <node id='-37871842' action='modify' visible='true' lat='45.4369713035' lon='12.3296446107'>
    <tag k='addr:housenumber' v='2089' />
    <tag k='addr:place' v='San Polo' />
  </node>
  <node id='-37871843' action='modify' visible='true' lat='45.43883011376' lon='12.32847105197'>
    <tag k='addr:housenumber' v='2291' />
    <tag k='addr:place' v='San Polo' />
  </node>
  <node id='-37871844' action='modify' visible='true' lat='45.43654150152' lon='12.32575428269'>
    <tag k='addr:housenumber' v='3120' />
    <tag k='addr:place' v='San Polo' />
  </node>
  <node id='-37871845' action='modify' visible='true' lat='45.43909736077' lon='12.33162833657'>
    <tag k='addr:housenumber' v='1872' />
    <tag k='addr:place' v='San Polo' />
  </node>
  <node id='-37871846' action='modify' visible='true' lat='45.43703581538' lon='12.33144992451'>
    <tag k='addr:housenumber' v='1388' />
    <tag k='addr:place' v='San Polo' />
  </node>
  <node id='-37871847' action='modify' visible='true' lat='45.43921303799' lon='12.33450418409'>
    <tag k='addr:housenumber' v='238a' />
    <tag k='addr:place' v='San Polo' />
  </node>
  <node id='-37871848' action='modify' visible='true' lat='45.43709119073' lon='12.33108121155'>
    <tag k='addr:housenumber' v='1449c' />
    <tag k='addr:place' v='San Polo' />
  </node>
  <node id='-37871849' action='modify' visible='true' lat='45.43837515645' lon='12.33389026417'>
    <tag k='addr:housenumber' v='781' />
    <tag k='addr:place' v='San Polo' />
  </node>
  <node id='-37871850' action='modify' visible='true' lat='45.43742936458' lon='12.33171588113'>
    <tag k='addr:housenumber' v='1342' />
    <tag k='addr:place' v='San Polo' />
  </node>
  <node id='-37871851' action='modify' visible='true' lat='45.43803778443' lon='12.32643542239'>
    <tag k='addr:housenumber' v='2475a' />
    <tag k='addr:place' v='San Polo' />
  </node>
  <node id='-37871852' action='modify' visible='true' lat='45.4370103466' lon='12.32886548538'>
    <tag k='addr:housenumber' v='2732' />
    <tag k='addr:place' v='San Polo' />
  </node>
  <node id='-37871853' action='modify' visible='true' lat='45.43811927283' lon='12.33300593599'>
    <tag k='addr:housenumber' v='996' />
    <tag k='addr:place' v='San Polo' />
  </node>
  <node id='-37871854' action='modify' visible='true' lat='45.43627203349' lon='12.32687426546'>
    <tag k='addr:housenumber' v='2951' />
    <tag k='addr:place' v='San Polo' />
  </node>
  <node id='-37871855' action='modify' visible='true' lat='45.43797282161' lon='12.33340875211'>
    <tag k='addr:housenumber' v='1026' />
    <tag k='addr:place' v='San Polo' />
  </node>
  <node id='-37871856' action='modify' visible='true' lat='45.44040823169' lon='12.33260217802'>
    <tag k='addr:housenumber' v='1811' />
    <tag k='addr:place' v='San Polo' />
  </node>
  <node id='-37871857' action='modify' visible='true' lat='45.43798904458' lon='12.33208036176'>
    <tag k='addr:housenumber' v='1284a' />
    <tag k='addr:place' v='San Polo' />
  </node>
  <node id='-37871858' action='modify' visible='true' lat='45.4363771079' lon='12.32638810159'>
    <tag k='addr:housenumber' v='3027a' />
    <tag k='addr:place' v='San Polo' />
  </node>
  <node id='-37871859' action='modify' visible='true' lat='45.4399565639' lon='12.33263140439'>
    <tag k='addr:housenumber' v='1830' />
    <tag k='addr:place' v='San Polo' />
  </node>
  <node id='-37871860' action='modify' visible='true' lat='45.43627936612' lon='12.3287770647'>
    <tag k='addr:housenumber' v='2761' />
    <tag k='addr:place' v='San Polo' />
  </node>
  <node id='-37871861' action='modify' visible='true' lat='45.43966810381' lon='12.33250526433'>
    <tag k='addr:housenumber' v='1684' />
    <tag k='addr:place' v='San Polo' />
  </node>
  <node id='-37871862' action='modify' visible='true' lat='45.43769627944' lon='12.32633793749'>
    <tag k='addr:housenumber' v='2549b' />
    <tag k='addr:place' v='San Polo' />
  </node>
  <node id='-37871863' action='modify' visible='true' lat='45.43794985658' lon='12.33230680318'>
    <tag k='addr:housenumber' v='1271' />
    <tag k='addr:place' v='San Polo' />
  </node>
  <node id='-37871864' action='modify' visible='true' lat='45.43780400386' lon='12.33174276484'>
    <tag k='addr:housenumber' v='1316' />
    <tag k='addr:place' v='San Polo' />
  </node>
  <node id='-37871865' action='modify' visible='true' lat='45.43704912636' lon='12.32997660394'>
    <tag k='addr:housenumber' v='2023' />
    <tag k='addr:place' v='San Polo' />
  </node>
  <node id='-37871866' action='modify' visible='true' lat='45.43753882708' lon='12.33298791359'>
    <tag k='addr:housenumber' v='1088' />
    <tag k='addr:place' v='San Polo' />
  </node>
  <node id='-37871867' action='modify' visible='true' lat='45.43673163116' lon='12.32965842231'>
    <tag k='addr:housenumber' v='2081' />
    <tag k='addr:place' v='San Polo' />
  </node>
  <node id='-37871868' action='modify' visible='true' lat='45.43976383928' lon='12.3324719586'>
    <tag k='addr:housenumber' v='1762' />
    <tag k='addr:place' v='San Polo' />
  </node>
  <node id='-37871869' action='modify' visible='true' lat='45.43909646554' lon='12.33197669861'>
    <tag k='addr:housenumber' v='1877' />
    <tag k='addr:place' v='San Polo' />
  </node>
  <node id='-37871870' action='modify' visible='true' lat='45.43848775081' lon='12.3353107715'>
    <tag k='addr:housenumber' v='81' />
    <tag k='addr:place' v='San Polo' />
  </node>
  <node id='-37871871' action='modify' visible='true' lat='45.43664444009' lon='12.32830315959'>
    <tag k='addr:housenumber' v='2699' />
    <tag k='addr:place' v='San Polo' />
  </node>
  <node id='-37871872' action='modify' visible='true' lat='45.4380782916' lon='12.32901903803'>
    <tag k='addr:housenumber' v='2150' />
    <tag k='addr:place' v='San Polo' />
  </node>
  <node id='-37871873' action='modify' visible='true' lat='45.43782242608' lon='12.32717008295'>
    <tag k='addr:housenumber' v='2535' />
    <tag k='addr:place' v='San Polo' />
  </node>
  <node id='-37871874' action='modify' visible='true' lat='45.43715258265' lon='12.32771315316'>
    <tag k='addr:housenumber' v='2585' />
    <tag k='addr:place' v='San Polo' />
  </node>
  <node id='-37871875' action='modify' visible='true' lat='45.43854283485' lon='12.32632938828'>
    <tag k='addr:housenumber' v='2451' />
    <tag k='addr:place' v='San Polo' />
  </node>
  <node id='-37871876' action='modify' visible='true' lat='45.43660718615' lon='12.32848672844'>
    <tag k='addr:housenumber' v='2750' />
    <tag k='addr:place' v='San Polo' />
  </node>
  <node id='-37871877' action='modify' visible='true' lat='45.43824989951' lon='12.3271180047'>
    <tag k='addr:housenumber' v='2392' />
    <tag k='addr:place' v='San Polo' />
  </node>
  <node id='-37871878' action='modify' visible='true' lat='45.43826042665' lon='12.32660807103'>
    <tag k='addr:housenumber' v='2381a' />
    <tag k='addr:place' v='San Polo' />
  </node>
  <node id='-37871879' action='modify' visible='true' lat='45.43733797655' lon='12.32427173814'>
    <tag k='addr:housenumber' v='3077' />
    <tag k='addr:place' v='San Polo' />
  </node>
  <node id='-37871880' action='modify' visible='true' lat='45.43634364838' lon='12.32774384547'>
    <tag k='addr:housenumber' v='2826' />
    <tag k='addr:place' v='San Polo' />
  </node>
  <node id='-37871881' action='modify' visible='true' lat='45.43941209501' lon='12.33402684377'>
    <tag k='addr:housenumber' v='301a' />
    <tag k='addr:place' v='San Polo' />
  </node>
  <node id='-37871882' action='modify' visible='true' lat='45.43744702584' lon='12.33147224696'>
    <tag k='addr:housenumber' v='1477' />
    <tag k='addr:place' v='San Polo' />
  </node>
  <node id='-37871883' action='modify' visible='true' lat='45.43908258874' lon='12.3342053647'>
    <tag k='addr:housenumber' v='395a' />
    <tag k='addr:place' v='San Polo' />
  </node>
  <node id='-37871884' action='modify' visible='true' lat='45.43852445165' lon='12.32606506913'>
    <tag k='addr:housenumber' v='2445' />
    <tag k='addr:place' v='San Polo' />
  </node>
  <node id='-37871885' action='modify' visible='true' lat='45.43756901916' lon='12.33304100937'>
    <tag k='addr:housenumber' v='1089' />
    <tag k='addr:place' v='San Polo' />
  </node>
  <node id='-37871886' action='modify' visible='true' lat='45.43818417452' lon='12.32643757136'>
    <tag k='addr:housenumber' v='2406' />
    <tag k='addr:place' v='San Polo' />
  </node>
  <node id='-37871887' action='modify' visible='true' lat='45.43817347433' lon='12.32681604356'>
    <tag k='addr:housenumber' v='2396' />
    <tag k='addr:place' v='San Polo' />
  </node>
  <node id='-37871888' action='modify' visible='true' lat='45.43845889049' lon='12.33288931473'>
    <tag k='addr:housenumber' v='951a' />
    <tag k='addr:place' v='San Polo' />
  </node>
  <node id='-37871889' action='modify' visible='true' lat='45.43899049545' lon='12.32948909937'>
    <tag k='addr:housenumber' v='2221a' />
    <tag k='addr:place' v='San Polo' />
  </node>
  <node id='-37871890' action='modify' visible='true' lat='45.43907832972' lon='12.33399655115'>
    <tag k='addr:housenumber' v='399' />
    <tag k='addr:place' v='San Polo' />
  </node>
  <node id='-37871891' action='modify' visible='true' lat='45.43611091125' lon='12.32617010299'>
    <tag k='addr:housenumber' v='3024b' />
    <tag k='addr:place' v='San Polo' />
  </node>
  <node id='-37871892' action='modify' visible='true' lat='45.43878111371' lon='12.33472467207'>
    <tag k='addr:housenumber' v='53' />
    <tag k='addr:place' v='San Polo' />
  </node>
  <node id='-37871893' action='modify' visible='true' lat='45.43956663362' lon='12.33293924966'>
    <tag k='addr:housenumber' v='1616a' />
    <tag k='addr:place' v='San Polo' />
  </node>
  <node id='-37871894' action='modify' visible='true' lat='45.43925352101' lon='12.3348236842'>
    <tag k='addr:housenumber' v='227' />
    <tag k='addr:place' v='San Polo' />
  </node>
  <node id='-37871895' action='modify' visible='true' lat='45.43863613355' lon='12.33569364876'>
    <tag k='addr:housenumber' v='136a' />
    <tag k='addr:place' v='San Polo' />
  </node>
  <node id='-37871896' action='modify' visible='true' lat='45.43941603413' lon='12.33448608041'>
    <tag k='addr:housenumber' v='258' />
    <tag k='addr:place' v='San Polo' />
  </node>
  <node id='-37871897' action='modify' visible='true' lat='45.43829361733' lon='12.32916418962'>
    <tag k='addr:housenumber' v='2163a' />
    <tag k='addr:place' v='San Polo' />
  </node>
  <node id='-37871898' action='modify' visible='true' lat='45.43711709681' lon='12.32439284748'>
    <tag k='addr:housenumber' v='3097a' />
    <tag k='addr:place' v='San Polo' />
  </node>
  <node id='-37871899' action='modify' visible='true' lat='45.43891069167' lon='12.33332069808'>
    <tag k='addr:housenumber' v='847b' />
    <tag k='addr:place' v='San Polo' />
  </node>
  <node id='-37871900' action='modify' visible='true' lat='45.43878122548' lon='12.33442587637'>
    <tag k='addr:housenumber' v='479' />
    <tag k='addr:place' v='San Polo' />
  </node>
  <node id='-37871901' action='modify' visible='true' lat='45.43854337438' lon='12.3263617578'>
    <tag k='addr:housenumber' v='2413' />
    <tag k='addr:place' v='San Polo' />
  </node>
  <node id='-37871902' action='modify' visible='true' lat='45.43618145878' lon='12.32903595769'>
    <tag k='addr:housenumber' v='2763' />
    <tag k='addr:place' v='San Polo' />
  </node>
  <node id='-37871903' action='modify' visible='true' lat='45.4391864272' lon='12.32928757587'>
    <tag k='addr:housenumber' v='2216' />
    <tag k='addr:place' v='San Polo' />
  </node>
  <node id='-37871904' action='modify' visible='true' lat='45.43720431704' lon='12.33285106064'>
    <tag k='addr:housenumber' v='1122' />
    <tag k='addr:place' v='San Polo' />
  </node>
  <node id='-37871905' action='modify' visible='true' lat='45.43650267292' lon='12.32720655747'>
    <tag k='addr:housenumber' v='2959' />
    <tag k='addr:place' v='San Polo' />
  </node>
  <node id='-37871906' action='modify' visible='true' lat='45.43591243613' lon='12.32742788834'>
    <tag k='addr:housenumber' v='2869' />
    <tag k='addr:place' v='San Polo' />
  </node>
  <node id='-37871907' action='modify' visible='true' lat='45.43760678294' lon='12.3347469789'>
    <tag k='addr:housenumber' v='737' />
    <tag k='addr:place' v='San Polo' />
  </node>
  <node id='-37871908' action='modify' visible='true' lat='45.43790910559' lon='12.33524865385'>
    <tag k='addr:housenumber' v='726' />
    <tag k='addr:place' v='San Polo' />
  </node>
  <node id='-37871909' action='modify' visible='true' lat='45.43878370727' lon='12.33107930939'>
    <tag k='addr:housenumber' v='1929' />
    <tag k='addr:place' v='San Polo' />
  </node>
  <node id='-37871910' action='modify' visible='true' lat='45.43665055443' lon='12.33131694539'>
    <tag k='addr:housenumber' v='1430a' />
    <tag k='addr:place' v='San Polo' />
  </node>
  <node id='-37871911' action='modify' visible='true' lat='45.43923126821' lon='12.32905046384'>
    <tag k='addr:housenumber' v='2256' />
    <tag k='addr:place' v='San Polo' />
  </node>
  <node id='-37871912' action='modify' visible='true' lat='45.43663756144' lon='12.328264223'>
    <tag k='addr:housenumber' v='2703' />
    <tag k='addr:place' v='San Polo' />
  </node>
  <node id='-37871913' action='modify' visible='true' lat='45.43738408321' lon='12.32461692264'>
    <tag k='addr:housenumber' v='3073d' />
    <tag k='addr:place' v='San Polo' />
  </node>
  <node id='-37871914' action='modify' visible='true' lat='45.43989892409' lon='12.33233393516'>
    <tag k='addr:housenumber' v='1846' />
    <tag k='addr:place' v='San Polo' />
  </node>
  <node id='-37871915' action='modify' visible='true' lat='45.43891400301' lon='12.32948449161'>
    <tag k='addr:housenumber' v='2223' />
    <tag k='addr:place' v='San Polo' />
  </node>
  <node id='-37871916' action='modify' visible='true' lat='45.43796096246' lon='12.32789861543'>
    <tag k='addr:housenumber' v='2521' />
    <tag k='addr:place' v='San Polo' />
  </node>
  <node id='-37871917' action='modify' visible='true' lat='45.43869728221' lon='12.3294780312'>
    <tag k='addr:housenumber' v='2198' />
    <tag k='addr:place' v='San Polo' />
  </node>
  <node id='-37871918' action='modify' visible='true' lat='45.43835786911' lon='12.33386889509'>
    <tag k='addr:housenumber' v='782' />
    <tag k='addr:place' v='San Polo' />
  </node>
  <node id='-37871919' action='modify' visible='true' lat='45.43904203414' lon='12.33408431271'>
    <tag k='addr:housenumber' v='398' />
    <tag k='addr:place' v='San Polo' />
  </node>
  <node id='-37871920' action='modify' visible='true' lat='45.44003577973' lon='12.33328356497'>
    <tag k='addr:housenumber' v='1644' />
    <tag k='addr:place' v='San Polo' />
  </node>
  <node id='-37871921' action='modify' visible='true' lat='45.43771555559' lon='12.3343815144'>
    <tag k='addr:housenumber' v='672' />
    <tag k='addr:place' v='San Polo' />
  </node>
  <node id='-37871922' action='modify' visible='true' lat='45.4393341774' lon='12.33419393998'>
    <tag k='addr:housenumber' v='276' />
    <tag k='addr:place' v='San Polo' />
  </node>
  <node id='-37871923' action='modify' visible='true' lat='45.43805185836' lon='12.3323849746'>
    <tag k='addr:housenumber' v='1262' />
    <tag k='addr:place' v='San Polo' />
  </node>
  <node id='-37871924' action='modify' visible='true' lat='45.43977848855' lon='12.33286711853'>
    <tag k='addr:housenumber' v='1662' />
    <tag k='addr:place' v='San Polo' />
  </node>
  <node id='-37871925' action='modify' visible='true' lat='45.4388308422' lon='12.333192684'>
    <tag k='addr:housenumber' v='877' />
    <tag k='addr:place' v='San Polo' />
  </node>
  <node id='-37871926' action='modify' visible='true' lat='45.43834397172' lon='12.33216285034'>
    <tag k='addr:housenumber' v='939' />
    <tag k='addr:place' v='San Polo' />
  </node>
  <node id='-37871927' action='modify' visible='true' lat='45.4380383184' lon='12.33202407788'>
    <tag k='addr:housenumber' v='1284' />
    <tag k='addr:place' v='San Polo' />
  </node>
  <node id='-37871928' action='modify' visible='true' lat='45.43694352073' lon='12.32933755005'>
    <tag k='addr:housenumber' v='2095' />
    <tag k='addr:place' v='San Polo' />
  </node>
  <node id='-37871929' action='modify' visible='true' lat='45.43993793677' lon='12.33318550762'>
    <tag k='addr:housenumber' v='1648' />
    <tag k='addr:place' v='San Polo' />
  </node>
  <node id='-37871930' action='modify' visible='true' lat='45.4394282339' lon='12.32893253327'>
    <tag k='addr:housenumber' v='2265' />
    <tag k='addr:place' v='San Polo' />
  </node>
  <node id='-37871931' action='modify' visible='true' lat='45.43802948252' lon='12.33314001725'>
    <tag k='addr:housenumber' v='1050' />
    <tag k='addr:place' v='San Polo' />
  </node>
  <node id='-37871932' action='modify' visible='true' lat='45.43796144471' lon='12.33294379386'>
    <tag k='addr:housenumber' v='1053a' />
    <tag k='addr:place' v='San Polo' />
  </node>
  <node id='-37871933' action='modify' visible='true' lat='45.43797704146' lon='12.33007067213'>
    <tag k='addr:housenumber' v='2174' />
    <tag k='addr:place' v='San Polo' />
  </node>
  <node id='-37871934' action='modify' visible='true' lat='45.43946093407' lon='12.33235308582'>
    <tag k='addr:housenumber' v='1722' />
    <tag k='addr:place' v='San Polo' />
  </node>
  <node id='-37871935' action='modify' visible='true' lat='45.43915050454' lon='12.33422680139'>
    <tag k='addr:housenumber' v='267' />
    <tag k='addr:place' v='San Polo' />
  </node>
  <node id='-37871936' action='modify' visible='true' lat='45.44025703903' lon='12.33298257287'>
    <tag k='addr:housenumber' v='1790' />
    <tag k='addr:place' v='San Polo' />
  </node>
  <node id='-37871937' action='modify' visible='true' lat='45.43839744709' lon='12.32823722357'>
    <tag k='addr:housenumber' v='2347' />
    <tag k='addr:place' v='San Polo' />
  </node>
  <node id='-37871938' action='modify' visible='true' lat='45.43663101372' lon='12.32853042999'>
    <tag k='addr:housenumber' v='2749a' />
    <tag k='addr:place' v='San Polo' />
  </node>
  <node id='-37871939' action='modify' visible='true' lat='45.43786606962' lon='12.33319826709'>
    <tag k='addr:housenumber' v='1040' />
    <tag k='addr:place' v='San Polo' />
  </node>
  <node id='-37871940' action='modify' visible='true' lat='45.43836531939' lon='12.32881097869'>
    <tag k='addr:housenumber' v='2326' />
    <tag k='addr:place' v='San Polo' />
  </node>
  <node id='-37871941' action='modify' visible='true' lat='45.43714823008' lon='12.33360453363'>
    <tag k='addr:housenumber' v='1098a' />
    <tag k='addr:place' v='San Polo' />
  </node>
  <node id='-37871942' action='modify' visible='true' lat='45.43922133497' lon='12.33253954441'>
    <tag k='addr:housenumber' v='1565' />
    <tag k='addr:place' v='San Polo' />
  </node>
  <node id='-37871943' action='modify' visible='true' lat='45.43635777713' lon='12.32600083052'>
    <tag k='addr:housenumber' v='3038' />
    <tag k='addr:place' v='San Polo' />
  </node>
  <node id='-37871944' action='modify' visible='true' lat='45.43851852811' lon='12.33387122704'>
    <tag k='addr:housenumber' v='799' />
    <tag k='addr:place' v='San Polo' />
  </node>
  <node id='-37871945' action='modify' visible='true' lat='45.43821005516' lon='12.33317114381'>
    <tag k='addr:housenumber' v='987' />
    <tag k='addr:place' v='San Polo' />
  </node>
  <node id='-37871946' action='modify' visible='true' lat='45.43969802344' lon='12.33423782753'>
    <tag k='addr:housenumber' v='330' />
    <tag k='addr:place' v='San Polo' />
  </node>
  <node id='-37871947' action='modify' visible='true' lat='45.43742237243' lon='12.3304452674'>
    <tag k='addr:housenumber' v='1958' />
    <tag k='addr:place' v='San Polo' />
  </node>
  <node id='-37871948' action='modify' visible='true' lat='45.43687718181' lon='12.33106693714'>
    <tag k='addr:housenumber' v='1446' />
    <tag k='addr:place' v='San Polo' />
  </node>
  <node id='-37871949' action='modify' visible='true' lat='45.43877555694' lon='12.33363025433'>
    <tag k='addr:housenumber' v='452' />
    <tag k='addr:place' v='San Polo' />
  </node>
  <node id='-37871950' action='modify' visible='true' lat='45.43948747521' lon='12.33428784554'>
    <tag k='addr:housenumber' v='287' />
    <tag k='addr:place' v='San Polo' />
  </node>
  <node id='-37871951' action='modify' visible='true' lat='45.44004414485' lon='12.33335489866'>
    <tag k='addr:housenumber' v='1626' />
    <tag k='addr:place' v='San Polo' />
  </node>
  <node id='-37871952' action='modify' visible='true' lat='45.43663114724' lon='12.32729239112'>
    <tag k='addr:housenumber' v='2986' />
    <tag k='addr:place' v='San Polo' />
  </node>
  <node id='-37871953' action='modify' visible='true' lat='45.43824718527' lon='12.3324882242'>
    <tag k='addr:housenumber' v='1263b' />
    <tag k='addr:place' v='San Polo' />
  </node>
  <node id='-37871954' action='modify' visible='true' lat='45.43939067801' lon='12.33446359668'>
    <tag k='addr:housenumber' v='259' />
    <tag k='addr:place' v='San Polo' />
  </node>
  <node id='-37871955' action='modify' visible='true' lat='45.43753042442' lon='12.3314040644'>
    <tag k='addr:housenumber' v='1481' />
    <tag k='addr:place' v='San Polo' />
  </node>
  <node id='-37871956' action='modify' visible='true' lat='45.43708479909' lon='12.32936452773'>
    <tag k='addr:housenumber' v='2115' />
    <tag k='addr:place' v='San Polo' />
  </node>
  <node id='-37871957' action='modify' visible='true' lat='45.43681421639' lon='12.32974521324'>
    <tag k='addr:housenumber' v='2078' />
    <tag k='addr:place' v='San Polo' />
  </node>
  <node id='-37871958' action='modify' visible='true' lat='45.43875412333' lon='12.33385303348'>
    <tag k='addr:housenumber' v='441' />
    <tag k='addr:place' v='San Polo' />
  </node>
  <node id='-37871959' action='modify' visible='true' lat='45.43813878112' lon='12.33260453431'>
    <tag k='addr:housenumber' v='1254' />
    <tag k='addr:place' v='San Polo' />
  </node>
  <node id='-37871960' action='modify' visible='true' lat='45.43715485854' lon='12.33262775995'>
    <tag k='addr:housenumber' v='1181' />
    <tag k='addr:place' v='San Polo' />
  </node>
  <node id='-37871961' action='modify' visible='true' lat='45.43913275999' lon='12.32909530007'>
    <tag k='addr:housenumber' v='2243' />
    <tag k='addr:place' v='San Polo' />
  </node>
  <node id='-37871962' action='modify' visible='true' lat='45.43654572218' lon='12.32557771259'>
    <tag k='addr:housenumber' v='3115' />
    <tag k='addr:place' v='San Polo' />
  </node>
  <node id='-37871963' action='modify' visible='true' lat='45.43702680968' lon='12.33259586195'>
    <tag k='addr:housenumber' v='1173' />
    <tag k='addr:place' v='San Polo' />
  </node>
  <node id='-37871964' action='modify' visible='true' lat='45.43675530813' lon='12.33050676373'>
    <tag k='addr:housenumber' v='2000b' />
    <tag k='addr:place' v='San Polo' />
  </node>
  <node id='-37871965' action='modify' visible='true' lat='45.43683424691' lon='12.3306232966'>
    <tag k='addr:housenumber' v='1984' />
    <tag k='addr:place' v='San Polo' />
  </node>
  <node id='-37871966' action='modify' visible='true' lat='45.4374441096' lon='12.32789754013'>
    <tag k='addr:housenumber' v='2609' />
    <tag k='addr:place' v='San Polo' />
  </node>
  <node id='-37871967' action='modify' visible='true' lat='45.43649422915' lon='12.32742967511'>
    <tag k='addr:housenumber' v='2980' />
    <tag k='addr:place' v='San Polo' />
  </node>
  <node id='-37871968' action='modify' visible='true' lat='45.43642615566' lon='12.32720121153'>
    <tag k='addr:housenumber' v='2835' />
    <tag k='addr:place' v='San Polo' />
  </node>
  <node id='-37871969' action='modify' visible='true' lat='45.43725719334' lon='12.33110435419'>
    <tag k='addr:housenumber' v='1465b' />
    <tag k='addr:place' v='San Polo' />
  </node>
  <node id='-37871970' action='modify' visible='true' lat='45.43680717446' lon='12.32973288941'>
    <tag k='addr:housenumber' v='2079' />
    <tag k='addr:place' v='San Polo' />
  </node>
  <node id='-37871971' action='modify' visible='true' lat='45.43908594498' lon='12.33544895065'>
    <tag k='addr:housenumber' v='196' />
    <tag k='addr:place' v='San Polo' />
  </node>
  <node id='-37871972' action='modify' visible='true' lat='45.43702763696' lon='12.33102596211'>
    <tag k='addr:housenumber' v='1448' />
    <tag k='addr:place' v='San Polo' />
  </node>
  <node id='-37871973' action='modify' visible='true' lat='45.44005054371' lon='12.33239120794'>
    <tag k='addr:housenumber' v='1835' />
    <tag k='addr:place' v='San Polo' />
  </node>
  <node id='-37871974' action='modify' visible='true' lat='45.4399807727' lon='12.3322507733'>
    <tag k='addr:housenumber' v='1844a' />
    <tag k='addr:place' v='San Polo' />
  </node>
  <node id='-37871975' action='modify' visible='true' lat='45.43968338404' lon='12.33247737215'>
    <tag k='addr:housenumber' v='1686' />
    <tag k='addr:place' v='San Polo' />
  </node>
  <node id='-37871976' action='modify' visible='true' lat='45.43869172219' lon='12.3357078913'>
    <tag k='addr:housenumber' v='136' />
    <tag k='addr:place' v='San Polo' />
  </node>
  <node id='-37871977' action='modify' visible='true' lat='45.43633425664' lon='12.32984217444'>
    <tag k='addr:housenumber' v='2047' />
    <tag k='addr:place' v='San Polo' />
  </node>
  <node id='-37871978' action='modify' visible='true' lat='45.43909596664' lon='12.33476041671'>
    <tag k='addr:housenumber' v='222a' />
    <tag k='addr:place' v='San Polo' />
  </node>
  <node id='-37871979' action='modify' visible='true' lat='45.43711035209' lon='12.32849671958'>
    <tag k='addr:housenumber' v='2660' />
    <tag k='addr:place' v='San Polo' />
  </node>
  <node id='-37871980' action='modify' visible='true' lat='45.43812259608' lon='12.33396769563'>
    <tag k='addr:housenumber' v='660' />
    <tag k='addr:place' v='San Polo' />
  </node>
  <node id='-37871981' action='modify' visible='true' lat='45.43669838803' lon='12.32842588484'>
    <tag k='addr:housenumber' v='2697' />
    <tag k='addr:place' v='San Polo' />
  </node>
  <node id='-37871982' action='modify' visible='true' lat='45.43775081861' lon='12.33198359659'>
    <tag k='addr:housenumber' v='1301' />
    <tag k='addr:place' v='San Polo' />
  </node>
  <node id='-37871983' action='modify' visible='true' lat='45.43953128257' lon='12.33315166611'>
    <tag k='addr:housenumber' v='1604' />
    <tag k='addr:place' v='San Polo' />
  </node>
  <node id='-37871984' action='modify' visible='true' lat='45.43910952931' lon='12.33380449262'>
    <tag k='addr:housenumber' v='828' />
    <tag k='addr:place' v='San Polo' />
  </node>
  <node id='-37871985' action='modify' visible='true' lat='45.4378125623' lon='12.33263279791'>
    <tag k='addr:housenumber' v='1077a' />
    <tag k='addr:place' v='San Polo' />
  </node>
  <node id='-37871986' action='modify' visible='true' lat='45.43670966426' lon='12.32868786821'>
    <tag k='addr:housenumber' v='2746' />
    <tag k='addr:place' v='San Polo' />
  </node>
  <node id='-37871987' action='modify' visible='true' lat='45.43590416192' lon='12.32637003699'>
    <tag k='addr:housenumber' v='2935' />
    <tag k='addr:place' v='San Polo' />
  </node>
  <node id='-37871988' action='modify' visible='true' lat='45.43811623836' lon='12.32641202666'>
    <tag k='addr:housenumber' v='2473' />
    <tag k='addr:place' v='San Polo' />
  </node>
  <node id='-37871989' action='modify' visible='true' lat='45.43832108617' lon='12.33347708408'>
    <tag k='addr:housenumber' v='970a' />
    <tag k='addr:place' v='San Polo' />
  </node>
  <node id='-37871990' action='modify' visible='true' lat='45.43715623925' lon='12.33362560278'>
    <tag k='addr:housenumber' v='1098b' />
    <tag k='addr:place' v='San Polo' />
  </node>
  <node id='-37871991' action='modify' visible='true' lat='45.43871593703' lon='12.33481826723'>
    <tag k='addr:housenumber' v='56' />
    <tag k='addr:place' v='San Polo' />
  </node>
  <node id='-37871992' action='modify' visible='true' lat='45.43854981005' lon='12.33264197962'>
    <tag k='addr:housenumber' v='921' />
    <tag k='addr:place' v='San Polo' />
  </node>
  <node id='-37871993' action='modify' visible='true' lat='45.43783802029' lon='12.32697175307'>
    <tag k='addr:housenumber' v='2498c' />
    <tag k='addr:place' v='San Polo' />
  </node>
  <node id='-37871994' action='modify' visible='true' lat='45.43965191916' lon='12.33235156885'>
    <tag k='addr:housenumber' v='1758' />
    <tag k='addr:place' v='San Polo' />
  </node>
  <node id='-37871995' action='modify' visible='true' lat='45.43797240917' lon='12.32726146682'>
    <tag k='addr:housenumber' v='2529' />
    <tag k='addr:place' v='San Polo' />
  </node>
  <node id='-37871996' action='modify' visible='true' lat='45.43581426505' lon='12.3274035786'>
    <tag k='addr:housenumber' v='2869a' />
    <tag k='addr:place' v='San Polo' />
  </node>
  <node id='-37871997' action='modify' visible='true' lat='45.4384229504' lon='12.33523710217'>
    <tag k='addr:housenumber' v='69' />
    <tag k='addr:place' v='San Polo' />
  </node>
  <node id='-37871998' action='modify' visible='true' lat='45.4382971108' lon='12.33420379324'>
    <tag k='addr:housenumber' v='638' />
    <tag k='addr:place' v='San Polo' />
  </node>
  <node id='-37871999' action='modify' visible='true' lat='45.43768565463' lon='12.33258580501'>
    <tag k='addr:housenumber' v='1133' />
    <tag k='addr:place' v='San Polo' />
  </node>
  <node id='-37872000' action='modify' visible='true' lat='45.43721279626' lon='12.3273169751'>
    <tag k='addr:housenumber' v='2593' />
    <tag k='addr:place' v='San Polo' />
  </node>
  <node id='-37872001' action='modify' visible='true' lat='45.43609900525' lon='12.32743099885'>
    <tag k='addr:housenumber' v='2845a' />
    <tag k='addr:place' v='San Polo' />
  </node>
  <node id='-37872002' action='modify' visible='true' lat='45.43799195057' lon='12.32733050569'>
    <tag k='addr:housenumber' v='2527' />
    <tag k='addr:place' v='San Polo' />
  </node>
  <node id='-37872003' action='modify' visible='true' lat='45.43833827529' lon='12.33365197423'>
    <tag k='addr:housenumber' v='792' />
    <tag k='addr:place' v='San Polo' />
  </node>
  <node id='-37872004' action='modify' visible='true' lat='45.43636822554' lon='12.32962921046'>
    <tag k='addr:housenumber' v='2068' />
    <tag k='addr:place' v='San Polo' />
  </node>
  <node id='-37872005' action='modify' visible='true' lat='45.43802871039' lon='12.32736507242'>
    <tag k='addr:housenumber' v='2508' />
    <tag k='addr:place' v='San Polo' />
  </node>
  <node id='-37872006' action='modify' visible='true' lat='45.438920593' lon='12.32852604181'>
    <tag k='addr:housenumber' v='2285' />
    <tag k='addr:place' v='San Polo' />
  </node>
  <node id='-37872007' action='modify' visible='true' lat='45.43703925265' lon='12.32421459245'>
    <tag k='addr:housenumber' v='3089' />
    <tag k='addr:place' v='San Polo' />
  </node>
  <node id='-37872008' action='modify' visible='true' lat='45.43634282157' lon='12.32975531435'>
    <tag k='addr:housenumber' v='2050' />
    <tag k='addr:place' v='San Polo' />
  </node>
  <node id='-37872009' action='modify' visible='true' lat='45.43696609058' lon='12.32475815111'>
    <tag k='addr:housenumber' v='3061' />
    <tag k='addr:place' v='San Polo' />
  </node>
  <node id='-37872010' action='modify' visible='true' lat='45.43896516624' lon='12.33242132454'>
    <tag k='addr:housenumber' v='1555' />
    <tag k='addr:place' v='San Polo' />
  </node>
  <node id='-37872011' action='modify' visible='true' lat='45.43785973633' lon='12.33101311846'>
    <tag k='addr:housenumber' v='1949' />
    <tag k='addr:place' v='San Polo' />
  </node>
  <node id='-37872012' action='modify' visible='true' lat='45.43850745879' lon='12.33389813339'>
    <tag k='addr:housenumber' v='797' />
    <tag k='addr:place' v='San Polo' />
  </node>
  <node id='-37872013' action='modify' visible='true' lat='45.43898308195' lon='12.33422389158'>
    <tag k='addr:housenumber' v='393' />
    <tag k='addr:place' v='San Polo' />
  </node>
  <node id='-37872014' action='modify' visible='true' lat='45.43708802905' lon='12.33001783242'>
    <tag k='addr:housenumber' v='2022' />
    <tag k='addr:place' v='San Polo' />
  </node>
  <node id='-37872015' action='modify' visible='true' lat='45.43750689238' lon='12.33260908372'>
    <tag k='addr:housenumber' v='1142' />
    <tag k='addr:place' v='San Polo' />
  </node>
  <node id='-37872016' action='modify' visible='true' lat='45.43546439639' lon='12.32819384787'>
    <tag k='addr:housenumber' v='2809' />
    <tag k='addr:place' v='San Polo' />
  </node>
  <node id='-37872017' action='modify' visible='true' lat='45.43865062408' lon='12.32607101002'>
    <tag k='addr:housenumber' v='2438' />
    <tag k='addr:place' v='San Polo' />
  </node>
  <node id='-37872018' action='modify' visible='true' lat='45.43951649127' lon='12.33411110267'>
    <tag k='addr:housenumber' v='303' />
    <tag k='addr:place' v='San Polo' />
  </node>
  <node id='-37872019' action='modify' visible='true' lat='45.43850219656' lon='12.33497319718'>
    <tag k='addr:housenumber' v='62a' />
    <tag k='addr:place' v='San Polo' />
  </node>
  <node id='-37872020' action='modify' visible='true' lat='45.43770820415' lon='12.33195638743'>
    <tag k='addr:housenumber' v='1305' />
    <tag k='addr:place' v='San Polo' />
  </node>
  <node id='-37872021' action='modify' visible='true' lat='45.43898260062' lon='12.33481324588'>
    <tag k='addr:housenumber' v='107' />
    <tag k='addr:place' v='San Polo' />
  </node>
  <node id='-37872022' action='modify' visible='true' lat='45.43804116614' lon='12.32674408369'>
    <tag k='addr:housenumber' v='2489' />
    <tag k='addr:place' v='San Polo' />
  </node>
  <node id='-37872023' action='modify' visible='true' lat='45.43805632869' lon='12.32649495739'>
    <tag k='addr:housenumber' v='2486' />
    <tag k='addr:place' v='San Polo' />
  </node>
  <node id='-37872024' action='modify' visible='true' lat='45.43759317352' lon='12.33181257939'>
    <tag k='addr:housenumber' v='1324' />
    <tag k='addr:place' v='San Polo' />
  </node>
  <node id='-37872025' action='modify' visible='true' lat='45.43948854234' lon='12.33433136778'>
    <tag k='addr:housenumber' v='282' />
    <tag k='addr:place' v='San Polo' />
  </node>
  <node id='-37872026' action='modify' visible='true' lat='45.43931098965' lon='12.33439219773'>
    <tag k='addr:housenumber' v='263' />
    <tag k='addr:place' v='San Polo' />
  </node>
  <node id='-37872027' action='modify' visible='true' lat='45.43958901839' lon='12.32880932656'>
    <tag k='addr:housenumber' v='2269' />
    <tag k='addr:place' v='San Polo' />
  </node>
  <node id='-37872028' action='modify' visible='true' lat='45.43929117834' lon='12.3340791717'>
    <tag k='addr:housenumber' v='296' />
    <tag k='addr:place' v='San Polo' />
  </node>
  <node id='-37872029' action='modify' visible='true' lat='45.43704215923' lon='12.33144733907'>
    <tag k='addr:housenumber' v='1366' />
    <tag k='addr:place' v='San Polo' />
  </node>
  <node id='-37872030' action='modify' visible='true' lat='45.43855707646' lon='12.32847777605'>
    <tag k='addr:housenumber' v='2343' />
    <tag k='addr:place' v='San Polo' />
  </node>
  <node id='-37872031' action='modify' visible='true' lat='45.43847899036' lon='12.33439072274'>
    <tag k='addr:housenumber' v='555' />
    <tag k='addr:place' v='San Polo' />
  </node>
  <node id='-37872032' action='modify' visible='true' lat='45.43965623331' lon='12.33252692107'>
    <tag k='addr:housenumber' v='1687' />
    <tag k='addr:place' v='San Polo' />
  </node>
  <node id='-37872033' action='modify' visible='true' lat='45.43886070432' lon='12.33330156445'>
    <tag k='addr:housenumber' v='847a' />
    <tag k='addr:place' v='San Polo' />
  </node>
  <node id='-37872034' action='modify' visible='true' lat='45.43936661058' lon='12.33330153563'>
    <tag k='addr:housenumber' v='364' />
    <tag k='addr:place' v='San Polo' />
  </node>
  <node id='-37872035' action='modify' visible='true' lat='45.4364105229' lon='12.32820765547'>
    <tag k='addr:housenumber' v='2716' />
    <tag k='addr:place' v='San Polo' />
  </node>
  <node id='-37872036' action='modify' visible='true' lat='45.43831833099' lon='12.3298431825'>
    <tag k='addr:housenumber' v='2182' />
    <tag k='addr:place' v='San Polo' />
  </node>
  <node id='-37872037' action='modify' visible='true' lat='45.43839260719' lon='12.33324608663'>
    <tag k='addr:housenumber' v='983a' />
    <tag k='addr:place' v='San Polo' />
  </node>
  <node id='-37872038' action='modify' visible='true' lat='45.43657273268' lon='12.32837264822'>
    <tag k='addr:housenumber' v='2718a' />
    <tag k='addr:place' v='San Polo' />
  </node>
  <node id='-37872039' action='modify' visible='true' lat='45.43779531423' lon='12.32873730847'>
    <tag k='addr:housenumber' v='2136' />
    <tag k='addr:place' v='San Polo' />
  </node>
  <node id='-37872040' action='modify' visible='true' lat='45.43674679695' lon='12.32691413006'>
    <tag k='addr:housenumber' v='3005' />
    <tag k='addr:place' v='San Polo' />
  </node>
  <node id='-37872041' action='modify' visible='true' lat='45.4388761849' lon='12.32859930621'>
    <tag k='addr:housenumber' v='2286a' />
    <tag k='addr:place' v='San Polo' />
  </node>
  <node id='-37872042' action='modify' visible='true' lat='45.43884822047' lon='12.33417691244'>
    <tag k='addr:housenumber' v='412' />
    <tag k='addr:place' v='San Polo' />
  </node>
  <node id='-37872043' action='modify' visible='true' lat='45.43713549419' lon='12.32740520613'>
    <tag k='addr:housenumber' v='2594' />
    <tag k='addr:place' v='San Polo' />
  </node>
  <node id='-37872044' action='modify' visible='true' lat='45.43782722974' lon='12.33352064513'>
    <tag k='addr:housenumber' v='1023a' />
    <tag k='addr:place' v='San Polo' />
  </node>
  <node id='-37872045' action='modify' visible='true' lat='45.43922659632' lon='12.33243575217'>
    <tag k='addr:housenumber' v='1736' />
    <tag k='addr:place' v='San Polo' />
  </node>
  <node id='-37872046' action='modify' visible='true' lat='45.43950822083' lon='12.32874494825'>
    <tag k='addr:housenumber' v='2267a' />
    <tag k='addr:place' v='San Polo' />
  </node>
  <node id='-37872047' action='modify' visible='true' lat='45.43611680126' lon='12.32686070213'>
    <tag k='addr:housenumber' v='2915' />
    <tag k='addr:place' v='San Polo' />
  </node>
  <node id='-37872048' action='modify' visible='true' lat='45.43796217872' lon='12.32920837047'>
    <tag k='addr:housenumber' v='2153' />
    <tag k='addr:place' v='San Polo' />
  </node>
  <node id='-37872049' action='modify' visible='true' lat='45.43945734496' lon='12.33231775544'>
    <tag k='addr:housenumber' v='1726' />
    <tag k='addr:place' v='San Polo' />
  </node>
  <node id='-37872050' action='modify' visible='true' lat='45.43608682698' lon='12.32774584835'>
    <tag k='addr:housenumber' v='2821' />
    <tag k='addr:place' v='San Polo' />
  </node>
  <node id='-37872051' action='modify' visible='true' lat='45.43692942396' lon='12.32847221152'>
    <tag k='addr:housenumber' v='2672a' />
    <tag k='addr:place' v='San Polo' />
  </node>
  <node id='-37872052' action='modify' visible='true' lat='45.4386624323' lon='12.33560103187'>
    <tag k='addr:housenumber' v='130' />
    <tag k='addr:place' v='San Polo' />
  </node>
  <node id='-37872053' action='modify' visible='true' lat='45.43712531718' lon='12.33042173285'>
    <tag k='addr:housenumber' v='1993a' />
    <tag k='addr:place' v='San Polo' />
  </node>
  <node id='-37872054' action='modify' visible='true' lat='45.43923520756' lon='12.33494199609'>
    <tag k='addr:housenumber' v='220' />
    <tag k='addr:place' v='San Polo' />
  </node>
  <node id='-37872055' action='modify' visible='true' lat='45.43857029307' lon='12.33407920822'>
    <tag k='addr:housenumber' v='776' />
    <tag k='addr:place' v='San Polo' />
  </node>
  <node id='-37872056' action='modify' visible='true' lat='45.43770223703' lon='12.3238481371'>
    <tag k='addr:housenumber' v='3078h' />
    <tag k='addr:place' v='San Polo' />
  </node>
  <node id='-37872057' action='modify' visible='true' lat='45.43601347966' lon='12.32673054885'>
    <tag k='addr:housenumber' v='2921' />
    <tag k='addr:place' v='San Polo' />
  </node>
  <node id='-37872058' action='modify' visible='true' lat='45.43863453175' lon='12.33253888866'>
    <tag k='addr:housenumber' v='919' />
    <tag k='addr:place' v='San Polo' />
  </node>
  <node id='-37872059' action='modify' visible='true' lat='45.43772176595' lon='12.33193518416'>
    <tag k='addr:housenumber' v='1306b' />
    <tag k='addr:place' v='San Polo' />
  </node>
  <node id='-37872060' action='modify' visible='true' lat='45.43880635255' lon='12.33097669383'>
    <tag k='addr:housenumber' v='1916' />
    <tag k='addr:place' v='San Polo' />
  </node>
  <node id='-37872061' action='modify' visible='true' lat='45.43555199312' lon='12.32703122445'>
    <tag k='addr:housenumber' v='2901' />
    <tag k='addr:place' v='San Polo' />
  </node>
  <node id='-37872062' action='modify' visible='true' lat='45.43810878503' lon='12.33297702298'>
    <tag k='addr:housenumber' v='995' />
    <tag k='addr:place' v='San Polo' />
  </node>
  <node id='-37872063' action='modify' visible='true' lat='45.43602511631' lon='12.32660687297'>
    <tag k='addr:housenumber' v='2928a' />
    <tag k='addr:place' v='San Polo' />
  </node>
  <node id='-37872064' action='modify' visible='true' lat='45.43907180952' lon='12.33223880804'>
    <tag k='addr:housenumber' v='1887' />
    <tag k='addr:place' v='San Polo' />
  </node>
  <node id='-37872065' action='modify' visible='true' lat='45.43832980361' lon='12.33416001166'>
    <tag k='addr:housenumber' v='639' />
    <tag k='addr:place' v='San Polo' />
  </node>
  <node id='-37872066' action='modify' visible='true' lat='45.43842173221' lon='12.33372424212'>
    <tag k='addr:housenumber' v='803' />
    <tag k='addr:place' v='San Polo' />
  </node>
  <node id='-37872067' action='modify' visible='true' lat='45.43799925145' lon='12.33179340735'>
    <tag k='addr:housenumber' v='1296' />
    <tag k='addr:place' v='San Polo' />
  </node>
  <node id='-37872068' action='modify' visible='true' lat='45.43764703364' lon='12.32619246423'>
    <tag k='addr:housenumber' v='2556b' />
    <tag k='addr:place' v='San Polo' />
  </node>
  <node id='-37872069' action='modify' visible='true' lat='45.43760961369' lon='12.33311242761'>
    <tag k='addr:housenumber' v='1091' />
    <tag k='addr:place' v='San Polo' />
  </node>
  <node id='-37872070' action='modify' visible='true' lat='45.43901852642' lon='12.33466367486'>
    <tag k='addr:housenumber' v='224' />
    <tag k='addr:place' v='San Polo' />
  </node>
  <node id='-37872071' action='modify' visible='true' lat='45.43769499441' lon='12.3319347002'>
    <tag k='addr:housenumber' v='1308' />
    <tag k='addr:place' v='San Polo' />
  </node>
  <node id='-37872072' action='modify' visible='true' lat='45.43705562625' lon='12.3241862879'>
    <tag k='addr:housenumber' v='3086' />
    <tag k='addr:place' v='San Polo' />
  </node>
  <node id='-37872073' action='modify' visible='true' lat='45.43787688607' lon='12.3332344613'>
    <tag k='addr:housenumber' v='1039a' />
    <tag k='addr:place' v='San Polo' />
  </node>
  <node id='-37872074' action='modify' visible='true' lat='45.4383291761' lon='12.32540873387'>
    <tag k='addr:housenumber' v='2456' />
    <tag k='addr:place' v='San Polo' />
  </node>
  <node id='-37872075' action='modify' visible='true' lat='45.4361054729' lon='12.32852179351'>
    <tag k='addr:housenumber' v='2785' />
    <tag k='addr:place' v='San Polo' />
  </node>
  <node id='-37872076' action='modify' visible='true' lat='45.43769210492' lon='12.33489830548'>
    <tag k='addr:housenumber' v='734' />
    <tag k='addr:place' v='San Polo' />
  </node>
  <node id='-37872077' action='modify' visible='true' lat='45.43793553612' lon='12.33158776789'>
    <tag k='addr:housenumber' v='1318' />
    <tag k='addr:place' v='San Polo' />
  </node>
  <node id='-37872078' action='modify' visible='true' lat='45.43972258329' lon='12.33305710468'>
    <tag k='addr:housenumber' v='1618' />
    <tag k='addr:place' v='San Polo' />
  </node>
  <node id='-37872079' action='modify' visible='true' lat='45.43789645527' lon='12.32882613216'>
    <tag k='addr:housenumber' v='2138' />
    <tag k='addr:place' v='San Polo' />
  </node>
  <node id='-37872080' action='modify' visible='true' lat='45.43846446477' lon='12.3338556729'>
    <tag k='addr:housenumber' v='796' />
    <tag k='addr:place' v='San Polo' />
  </node>
  <node id='-37872081' action='modify' visible='true' lat='45.43826981746' lon='12.33251334733'>
    <tag k='addr:housenumber' v='945a' />
    <tag k='addr:place' v='San Polo' />
  </node>
  <node id='-37872082' action='modify' visible='true' lat='45.43930407192' lon='12.33301770526'>
    <tag k='addr:housenumber' v='1580' />
    <tag k='addr:place' v='San Polo' />
  </node>
  <node id='-37872083' action='modify' visible='true' lat='45.43840287504' lon='12.33246005917'>
    <tag k='addr:housenumber' v='945b' />
    <tag k='addr:place' v='San Polo' />
  </node>
  <node id='-37872084' action='modify' visible='true' lat='45.43733468755' lon='12.33133911578'>
    <tag k='addr:housenumber' v='1411' />
    <tag k='addr:place' v='San Polo' />
  </node>
  <node id='-37872085' action='modify' visible='true' lat='45.43669926627' lon='12.32866424964'>
    <tag k='addr:housenumber' v='2747' />
    <tag k='addr:place' v='San Polo' />
  </node>
  <node id='-37872086' action='modify' visible='true' lat='45.43780755874' lon='12.33508347212'>
    <tag k='addr:housenumber' v='730' />
    <tag k='addr:place' v='San Polo' />
  </node>
  <node id='-37872087' action='modify' visible='true' lat='45.43964044795' lon='12.33420430576'>
    <tag k='addr:housenumber' v='311' />
    <tag k='addr:place' v='San Polo' />
  </node>
  <node id='-37872088' action='modify' visible='true' lat='45.43622170821' lon='12.32588504971'>
    <tag k='addr:housenumber' v='3040e' />
    <tag k='addr:place' v='San Polo' />
  </node>
  <node id='-37872089' action='modify' visible='true' lat='45.43598399757' lon='12.32731319878'>
    <tag k='addr:housenumber' v='2867' />
    <tag k='addr:place' v='San Polo' />
  </node>
  <node id='-37872090' action='modify' visible='true' lat='45.43999088663' lon='12.3326710849'>
    <tag k='addr:housenumber' v='1829' />
    <tag k='addr:place' v='San Polo' />
  </node>
  <node id='-37872091' action='modify' visible='true' lat='45.43935130625' lon='12.3324863789'>
    <tag k='addr:housenumber' v='1734' />
    <tag k='addr:place' v='San Polo' />
  </node>
  <node id='-37872092' action='modify' visible='true' lat='45.43769417973' lon='12.33188852355'>
    <tag k='addr:housenumber' v='1309' />
    <tag k='addr:place' v='San Polo' />
  </node>
  <node id='-37872093' action='modify' visible='true' lat='45.43859413028' lon='12.33138202584'>
    <tag k='addr:housenumber' v='1900' />
    <tag k='addr:place' v='San Polo' />
  </node>
  <node id='-37872094' action='modify' visible='true' lat='45.43879311885' lon='12.33201571133'>
    <tag k='addr:housenumber' v='1537' />
    <tag k='addr:place' v='San Polo' />
  </node>
  <node id='-37872095' action='modify' visible='true' lat='45.43903359963' lon='12.33410472013'>
    <tag k='addr:housenumber' v='397' />
    <tag k='addr:place' v='San Polo' />
  </node>
  <node id='-37872096' action='modify' visible='true' lat='45.43751759225' lon='12.32334055366'>
    <tag k='addr:housenumber' v='3084a' />
    <tag k='addr:place' v='San Polo' />
  </node>
  <node id='-37872097' action='modify' visible='true' lat='45.43553279972' lon='12.32783826428'>
    <tag k='addr:housenumber' v='2877' />
    <tag k='addr:place' v='San Polo' />
  </node>
  <node id='-37872098' action='modify' visible='true' lat='45.43937341327' lon='12.33308641199'>
    <tag k='addr:housenumber' v='1591a' />
    <tag k='addr:place' v='San Polo' />
  </node>
  <node id='-37872099' action='modify' visible='true' lat='45.43862331508' lon='12.326310646'>
    <tag k='addr:housenumber' v='2434' />
    <tag k='addr:place' v='San Polo' />
  </node>
  <node id='-37872100' action='modify' visible='true' lat='45.43608062636' lon='12.32705218214'>
    <tag k='addr:housenumber' v='2862' />
    <tag k='addr:place' v='San Polo' />
  </node>
  <node id='-37872101' action='modify' visible='true' lat='45.43920912948' lon='12.33358697447'>
    <tag k='addr:housenumber' v='833' />
    <tag k='addr:place' v='San Polo' />
  </node>
  <node id='-37872102' action='modify' visible='true' lat='45.43674818731' lon='12.32990396426'>
    <tag k='addr:housenumber' v='2029' />
    <tag k='addr:place' v='San Polo' />
  </node>
  <node id='-37872103' action='modify' visible='true' lat='45.43658612401' lon='12.32844834303'>
    <tag k='addr:housenumber' v='2750a' />
    <tag k='addr:place' v='San Polo' />
  </node>
  <node id='-37872104' action='modify' visible='true' lat='45.43697702296' lon='12.33105574542'>
    <tag k='addr:housenumber' v='1447a' />
    <tag k='addr:place' v='San Polo' />
  </node>
  <node id='-37872105' action='modify' visible='true' lat='45.4374611344' lon='12.33150537404'>
    <tag k='addr:housenumber' v='1478' />
    <tag k='addr:place' v='San Polo' />
  </node>
  <node id='-37872106' action='modify' visible='true' lat='45.43935382354' lon='12.33202812657'>
    <tag k='addr:housenumber' v='1750' />
    <tag k='addr:place' v='San Polo' />
  </node>
  <node id='-37872107' action='modify' visible='true' lat='45.43798939444' lon='12.32643316737'>
    <tag k='addr:housenumber' v='2477' />
    <tag k='addr:place' v='San Polo' />
  </node>
  <node id='-37872108' action='modify' visible='true' lat='45.4369091076' lon='12.32864770233'>
    <tag k='addr:housenumber' v='2730b' />
    <tag k='addr:place' v='San Polo' />
  </node>
  <node id='-37872109' action='modify' visible='true' lat='45.43708828779' lon='12.33303599573'>
    <tag k='addr:housenumber' v='1109' />
    <tag k='addr:place' v='San Polo' />
  </node>
  <node id='-37872110' action='modify' visible='true' lat='45.43706362376' lon='12.32924648238'>
    <tag k='addr:housenumber' v='2112' />
    <tag k='addr:place' v='San Polo' />
  </node>
  <node id='-37872111' action='modify' visible='true' lat='45.43984363689' lon='12.33316730989'>
    <tag k='addr:housenumber' v='1621' />
    <tag k='addr:place' v='San Polo' />
  </node>
  <node id='-37872112' action='modify' visible='true' lat='45.43816180754' lon='12.33110927712'>
    <tag k='addr:housenumber' v='1504' />
    <tag k='addr:place' v='San Polo' />
  </node>
  <node id='-37872113' action='modify' visible='true' lat='45.4387675845' lon='12.33426685242'>
    <tag k='addr:housenumber' v='415' />
    <tag k='addr:place' v='San Polo' />
  </node>
  <node id='-37872114' action='modify' visible='true' lat='45.43884062703' lon='12.33327662826'>
    <tag k='addr:housenumber' v='881' />
    <tag k='addr:place' v='San Polo' />
  </node>
  <node id='-37872115' action='modify' visible='true' lat='45.43755580552' lon='12.33449531911'>
    <tag k='addr:housenumber' v='676' />
    <tag k='addr:place' v='San Polo' />
  </node>
  <node id='-37872116' action='modify' visible='true' lat='45.43750294825' lon='12.32864620393'>
    <tag k='addr:housenumber' v='2649' />
    <tag k='addr:place' v='San Polo' />
  </node>
  <node id='-37872117' action='modify' visible='true' lat='45.43953870456' lon='12.33388208724'>
    <tag k='addr:housenumber' v='322' />
    <tag k='addr:place' v='San Polo' />
  </node>
  <node id='-37872118' action='modify' visible='true' lat='45.43694552109' lon='12.33065933591'>
    <tag k='addr:housenumber' v='1976a' />
    <tag k='addr:place' v='San Polo' />
  </node>
  <node id='-37872119' action='modify' visible='true' lat='45.4371013385' lon='12.3300501952'>
    <tag k='addr:housenumber' v='2019' />
    <tag k='addr:place' v='San Polo' />
  </node>
  <node id='-37872120' action='modify' visible='true' lat='45.43706482461' lon='12.33142797628'>
    <tag k='addr:housenumber' v='1404' />
    <tag k='addr:place' v='San Polo' />
  </node>
  <node id='-37872121' action='modify' visible='true' lat='45.43716022419' lon='12.33059939478'>
    <tag k='addr:housenumber' v='1973' />
    <tag k='addr:place' v='San Polo' />
  </node>
  <node id='-37872122' action='modify' visible='true' lat='45.43686302566' lon='12.32980964643'>
    <tag k='addr:housenumber' v='2085' />
    <tag k='addr:place' v='San Polo' />
  </node>
  <node id='-37872123' action='modify' visible='true' lat='45.43734651697' lon='12.33214816922'>
    <tag k='addr:housenumber' v='1213' />
    <tag k='addr:place' v='San Polo' />
  </node>
  <node id='-37872124' action='modify' visible='true' lat='45.43936538421' lon='12.33304527237'>
    <tag k='addr:housenumber' v='1579' />
    <tag k='addr:place' v='San Polo' />
  </node>
  <node id='-37872125' action='modify' visible='true' lat='45.43828755224' lon='12.33319295457'>
    <tag k='addr:housenumber' v='986' />
    <tag k='addr:place' v='San Polo' />
  </node>
  <node id='-37872126' action='modify' visible='true' lat='45.43710515879' lon='12.33204738705'>
    <tag k='addr:housenumber' v='1208' />
    <tag k='addr:place' v='San Polo' />
  </node>
  <node id='-37872127' action='modify' visible='true' lat='45.43759365745' lon='12.3319965095'>
    <tag k='addr:housenumber' v='1231' />
    <tag k='addr:place' v='San Polo' />
  </node>
  <node id='-37872128' action='modify' visible='true' lat='45.43853290557' lon='12.33378165381'>
    <tag k='addr:housenumber' v='801a' />
    <tag k='addr:place' v='San Polo' />
  </node>
  <node id='-37872129' action='modify' visible='true' lat='45.43881116838' lon='12.33374954873'>
    <tag k='addr:housenumber' v='443' />
    <tag k='addr:place' v='San Polo' />
  </node>
  <node id='-37872130' action='modify' visible='true' lat='45.43901484036' lon='12.32857529634'>
    <tag k='addr:housenumber' v='2274' />
    <tag k='addr:place' v='San Polo' />
  </node>
  <node id='-37872131' action='modify' visible='true' lat='45.43785280849' lon='12.32715432126'>
    <tag k='addr:housenumber' v='2534' />
    <tag k='addr:place' v='San Polo' />
  </node>
  <node id='-37872132' action='modify' visible='true' lat='45.43886872842' lon='12.33412552689'>
    <tag k='addr:housenumber' v='413' />
    <tag k='addr:place' v='San Polo' />
  </node>
  <node id='-37872133' action='modify' visible='true' lat='45.43682687252' lon='12.33223670565'>
    <tag k='addr:housenumber' v='1207' />
    <tag k='addr:place' v='San Polo' />
  </node>
  <node id='-37872134' action='modify' visible='true' lat='45.43664544203' lon='12.32855786279'>
    <tag k='addr:housenumber' v='2749' />
    <tag k='addr:place' v='San Polo' />
  </node>
  <node id='-37872135' action='modify' visible='true' lat='45.43722443982' lon='12.33105920717'>
    <tag k='addr:housenumber' v='1458' />
    <tag k='addr:place' v='San Polo' />
  </node>
  <node id='-37872136' action='modify' visible='true' lat='45.43778980764' lon='12.33399430703'>
    <tag k='addr:housenumber' v='711' />
    <tag k='addr:place' v='San Polo' />
  </node>
  <node id='-37872137' action='modify' visible='true' lat='45.43853006318' lon='12.33372080392'>
    <tag k='addr:housenumber' v='458' />
    <tag k='addr:place' v='San Polo' />
  </node>
  <node id='-37872138' action='modify' visible='true' lat='45.43879903606' lon='12.3320227335'>
    <tag k='addr:housenumber' v='1539' />
    <tag k='addr:place' v='San Polo' />
  </node>
  <node id='-37872139' action='modify' visible='true' lat='45.43566065806' lon='12.32825469655'>
    <tag k='addr:housenumber' v='2811b' />
    <tag k='addr:place' v='San Polo' />
  </node>
  <node id='-37872140' action='modify' visible='true' lat='45.43786568986' lon='12.33314312467'>
    <tag k='addr:housenumber' v='1041' />
    <tag k='addr:place' v='San Polo' />
  </node>
  <node id='-37872141' action='modify' visible='true' lat='45.43653219132' lon='12.33022679572'>
    <tag k='addr:housenumber' v='2031' />
    <tag k='addr:place' v='San Polo' />
  </node>
  <node id='-37872142' action='modify' visible='true' lat='45.43943437781' lon='12.33423276193'>
    <tag k='addr:housenumber' v='291' />
    <tag k='addr:place' v='San Polo' />
  </node>
  <node id='-37872143' action='modify' visible='true' lat='45.43811148671' lon='12.33196634308'>
    <tag k='addr:housenumber' v='1277' />
    <tag k='addr:place' v='San Polo' />
  </node>
  <node id='-37872144' action='modify' visible='true' lat='45.43878918523' lon='12.33373266849'>
    <tag k='addr:housenumber' v='445' />
    <tag k='addr:place' v='San Polo' />
  </node>
  <node id='-37872145' action='modify' visible='true' lat='45.43772778352' lon='12.33250978985'>
    <tag k='addr:housenumber' v='1136' />
    <tag k='addr:place' v='San Polo' />
  </node>
  <node id='-37872146' action='modify' visible='true' lat='45.43921526684' lon='12.33228526989'>
    <tag k='addr:housenumber' v='1744' />
    <tag k='addr:place' v='San Polo' />
  </node>
  <node id='-37872147' action='modify' visible='true' lat='45.43658789282' lon='12.32972358671'>
    <tag k='addr:housenumber' v='2072' />
    <tag k='addr:place' v='San Polo' />
  </node>
  <node id='-37872148' action='modify' visible='true' lat='45.43672070674' lon='12.3270980541'>
    <tag k='addr:housenumber' v='2993' />
    <tag k='addr:place' v='San Polo' />
  </node>
  <node id='-37872149' action='modify' visible='true' lat='45.43900851196' lon='12.33497760483'>
    <tag k='addr:housenumber' v='214' />
    <tag k='addr:place' v='San Polo' />
  </node>
  <node id='-37872150' action='modify' visible='true' lat='45.43759185434' lon='12.32448576405'>
    <tag k='addr:housenumber' v='3073f' />
    <tag k='addr:place' v='San Polo' />
  </node>
  <node id='-37872151' action='modify' visible='true' lat='45.43961762158' lon='12.33287616694'>
    <tag k='addr:housenumber' v='1692' />
    <tag k='addr:place' v='San Polo' />
  </node>
  <node id='-37872152' action='modify' visible='true' lat='45.4371635679' lon='12.33221769683'>
    <tag k='addr:housenumber' v='1210' />
    <tag k='addr:place' v='San Polo' />
  </node>
  <node id='-37872153' action='modify' visible='true' lat='45.43767207654' lon='12.32687959241'>
    <tag k='addr:housenumber' v='2543a' />
    <tag k='addr:place' v='San Polo' />
  </node>
  <node id='-37872154' action='modify' visible='true' lat='45.43884612297' lon='12.32922983618'>
    <tag k='addr:housenumber' v='2230' />
    <tag k='addr:place' v='San Polo' />
  </node>
  <node id='-37872155' action='modify' visible='true' lat='45.43650262836' lon='12.32751150903'>
    <tag k='addr:housenumber' v='2984' />
    <tag k='addr:place' v='San Polo' />
  </node>
  <node id='-37872156' action='modify' visible='true' lat='45.43855902589' lon='12.33267657693'>
    <tag k='addr:housenumber' v='915' />
    <tag k='addr:place' v='San Polo' />
  </node>
  <node id='-37872157' action='modify' visible='true' lat='45.43578973676' lon='12.32765692842'>
    <tag k='addr:housenumber' v='2870a' />
    <tag k='addr:place' v='San Polo' />
  </node>
  <node id='-37872158' action='modify' visible='true' lat='45.43756803507' lon='12.32830431853'>
    <tag k='addr:housenumber' v='2639' />
    <tag k='addr:place' v='San Polo' />
  </node>
  <node id='-37872159' action='modify' visible='true' lat='45.43922138904' lon='12.3317757621'>
    <tag k='addr:housenumber' v='1879' />
    <tag k='addr:place' v='San Polo' />
  </node>
  <node id='-37872160' action='modify' visible='true' lat='45.43674193138' lon='12.33105175861'>
    <tag k='addr:housenumber' v='1436a' />
    <tag k='addr:place' v='San Polo' />
  </node>
  <node id='-37872161' action='modify' visible='true' lat='45.43689717617' lon='12.33060469663'>
    <tag k='addr:housenumber' v='1985' />
    <tag k='addr:place' v='San Polo' />
  </node>
  <node id='-37872162' action='modify' visible='true' lat='45.4385069611' lon='12.33409889232'>
    <tag k='addr:housenumber' v='602' />
    <tag k='addr:place' v='San Polo' />
  </node>
  <node id='-37872163' action='modify' visible='true' lat='45.43886294728' lon='12.33240223352'>
    <tag k='addr:housenumber' v='1551' />
    <tag k='addr:place' v='San Polo' />
  </node>
  <node id='-37872164' action='modify' visible='true' lat='45.43932926299' lon='12.33217517866'>
    <tag k='addr:housenumber' v='1742' />
    <tag k='addr:place' v='San Polo' />
  </node>
  <node id='-37872165' action='modify' visible='true' lat='45.43889923923' lon='12.33493683302'>
    <tag k='addr:housenumber' v='103' />
    <tag k='addr:place' v='San Polo' />
  </node>
  <node id='-37872166' action='modify' visible='true' lat='45.43895713447' lon='12.33447195914'>
    <tag k='addr:housenumber' v='388' />
    <tag k='addr:place' v='San Polo' />
  </node>
  <node id='-37872167' action='modify' visible='true' lat='45.43979007723' lon='12.33197149829'>
    <tag k='addr:housenumber' v='1852' />
    <tag k='addr:place' v='San Polo' />
  </node>
  <node id='-37872168' action='modify' visible='true' lat='45.43915850804' lon='12.33400816285'>
    <tag k='addr:housenumber' v='822' />
    <tag k='addr:place' v='San Polo' />
  </node>
  <node id='-37872169' action='modify' visible='true' lat='45.43828542891' lon='12.3310516575'>
    <tag k='addr:housenumber' v='1496a' />
    <tag k='addr:place' v='San Polo' />
  </node>
  <node id='-37872170' action='modify' visible='true' lat='45.43988306881' lon='12.33293241973'>
    <tag k='addr:housenumber' v='1664a' />
    <tag k='addr:place' v='San Polo' />
  </node>
  <node id='-37872171' action='modify' visible='true' lat='45.43898246511' lon='12.32958437593'>
    <tag k='addr:housenumber' v='2212a' />
    <tag k='addr:place' v='San Polo' />
  </node>
  <node id='-37872172' action='modify' visible='true' lat='45.43855481082' lon='12.33141988449'>
    <tag k='addr:housenumber' v='1899' />
    <tag k='addr:place' v='San Polo' />
  </node>
  <node id='-37872173' action='modify' visible='true' lat='45.43794844057' lon='12.3353161987'>
    <tag k='addr:housenumber' v='725' />
    <tag k='addr:place' v='San Polo' />
  </node>
  <node id='-37872174' action='modify' visible='true' lat='45.436936092' lon='12.32891830519'>
    <tag k='addr:housenumber' v='2733a' />
    <tag k='addr:place' v='San Polo' />
  </node>
  <node id='-37872175' action='modify' visible='true' lat='45.43795827922' lon='12.32721154639'>
    <tag k='addr:housenumber' v='2530' />
    <tag k='addr:place' v='San Polo' />
  </node>
  <node id='-37872176' action='modify' visible='true' lat='45.43765168718' lon='12.32676426993'>
    <tag k='addr:housenumber' v='2545' />
    <tag k='addr:place' v='San Polo' />
  </node>
  <node id='-37872177' action='modify' visible='true' lat='45.43804381266' lon='12.32741627266'>
    <tag k='addr:housenumber' v='2509' />
    <tag k='addr:place' v='San Polo' />
  </node>
  <node id='-37872178' action='modify' visible='true' lat='45.43747315047' lon='12.33422913894'>
    <tag k='addr:housenumber' v='747' />
    <tag k='addr:place' v='San Polo' />
  </node>
  <node id='-37872179' action='modify' visible='true' lat='45.43871534391' lon='12.32882420782'>
    <tag k='addr:housenumber' v='2312c' />
    <tag k='addr:place' v='San Polo' />
  </node>
  <node id='-37872180' action='modify' visible='true' lat='45.43815039652' lon='12.32778716028'>
    <tag k='addr:housenumber' v='2514' />
    <tag k='addr:place' v='San Polo' />
  </node>
  <node id='-37872181' action='modify' visible='true' lat='45.4385824982' lon='12.33420357397'>
    <tag k='addr:housenumber' v='560' />
    <tag k='addr:place' v='San Polo' />
  </node>
  <node id='-37872182' action='modify' visible='true' lat='45.43644962787' lon='12.32570727846'>
    <tag k='addr:housenumber' v='3123' />
    <tag k='addr:place' v='San Polo' />
  </node>
  <node id='-37872183' action='modify' visible='true' lat='45.43888113199' lon='12.33203159906'>
    <tag k='addr:housenumber' v='1893' />
    <tag k='addr:place' v='San Polo' />
  </node>
  <node id='-37872184' action='modify' visible='true' lat='45.43740471158' lon='12.33136937187'>
    <tag k='addr:housenumber' v='1475' />
    <tag k='addr:place' v='San Polo' />
  </node>
  <node id='-37872185' action='modify' visible='true' lat='45.43897401913' lon='12.33392034799'>
    <tag k='addr:housenumber' v='430' />
    <tag k='addr:place' v='San Polo' />
  </node>
  <node id='-37872186' action='modify' visible='true' lat='45.43695597818' lon='12.33043539031'>
    <tag k='addr:housenumber' v='1997a' />
    <tag k='addr:place' v='San Polo' />
  </node>
  <node id='-37872187' action='modify' visible='true' lat='45.43761392405' lon='12.33091127145'>
    <tag k='addr:housenumber' v='1952' />
    <tag k='addr:place' v='San Polo' />
  </node>
  <node id='-37872188' action='modify' visible='true' lat='45.43648871487' lon='12.32884338004'>
    <tag k='addr:housenumber' v='2758' />
    <tag k='addr:place' v='San Polo' />
  </node>
  <node id='-37872189' action='modify' visible='true' lat='45.43780661289' lon='12.33398154644'>
    <tag k='addr:housenumber' v='710' />
    <tag k='addr:place' v='San Polo' />
  </node>
  <node id='-37872190' action='modify' visible='true' lat='45.43660881751' lon='12.32662838463'>
    <tag k='addr:housenumber' v='3012' />
    <tag k='addr:place' v='San Polo' />
  </node>
  <node id='-37872191' action='modify' visible='true' lat='45.43689595382' lon='12.32984422176'>
    <tag k='addr:housenumber' v='2027' />
    <tag k='addr:place' v='San Polo' />
  </node>
  <node id='-37872192' action='modify' visible='true' lat='45.43716146207' lon='12.32808860743'>
    <tag k='addr:housenumber' v='2605b' />
    <tag k='addr:place' v='San Polo' />
  </node>
  <node id='-37872193' action='modify' visible='true' lat='45.43800807354' lon='12.33456371603'>
    <tag k='addr:housenumber' v='618' />
    <tag k='addr:place' v='San Polo' />
  </node>
  <node id='-37872194' action='modify' visible='true' lat='45.43925348144' lon='12.32903087898'>
    <tag k='addr:housenumber' v='2251' />
    <tag k='addr:place' v='San Polo' />
  </node>
  <node id='-37872195' action='modify' visible='true' lat='45.43883798627' lon='12.32911006355'>
    <tag k='addr:housenumber' v='2204' />
    <tag k='addr:place' v='San Polo' />
  </node>
  <node id='-37872196' action='modify' visible='true' lat='45.43764080648' lon='12.3324771424'>
    <tag k='addr:housenumber' v='1138' />
    <tag k='addr:place' v='San Polo' />
  </node>
  <node id='-37872197' action='modify' visible='true' lat='45.43708843245' lon='12.32844667565'>
    <tag k='addr:housenumber' v='2659a' />
    <tag k='addr:place' v='San Polo' />
  </node>
  <node id='-37872198' action='modify' visible='true' lat='45.43774734039' lon='12.33498490912'>
    <tag k='addr:housenumber' v='732' />
    <tag k='addr:place' v='San Polo' />
  </node>
  <node id='-37872199' action='modify' visible='true' lat='45.43930948521' lon='12.33382469044'>
    <tag k='addr:housenumber' v='373' />
    <tag k='addr:place' v='San Polo' />
  </node>
  <node id='-37872200' action='modify' visible='true' lat='45.43663384746' lon='12.32724216758'>
    <tag k='addr:housenumber' v='2989' />
    <tag k='addr:place' v='San Polo' />
  </node>
  <node id='-37872201' action='modify' visible='true' lat='45.43877000186' lon='12.33110791717'>
    <tag k='addr:housenumber' v='1928' />
    <tag k='addr:place' v='San Polo' />
  </node>
  <node id='-37872202' action='modify' visible='true' lat='45.43862390489' lon='12.33342795072'>
    <tag k='addr:housenumber' v='810' />
    <tag k='addr:place' v='San Polo' />
  </node>
  <node id='-37872203' action='modify' visible='true' lat='45.43942008521' lon='12.33489526475'>
    <tag k='addr:housenumber' v='182' />
    <tag k='addr:place' v='San Polo' />
  </node>
  <node id='-37872204' action='modify' visible='true' lat='45.43757473483' lon='12.3282985516'>
    <tag k='addr:housenumber' v='2638' />
    <tag k='addr:place' v='San Polo' />
  </node>
  <node id='-37872205' action='modify' visible='true' lat='45.43840009544' lon='12.32700805242'>
    <tag k='addr:housenumber' v='2364' />
    <tag k='addr:place' v='San Polo' />
  </node>
  <node id='-37872206' action='modify' visible='true' lat='45.43793948283' lon='12.33158176748'>
    <tag k='addr:housenumber' v='1319' />
    <tag k='addr:place' v='San Polo' />
  </node>
  <node id='-37872207' action='modify' visible='true' lat='45.4393879965' lon='12.33321676742'>
    <tag k='addr:housenumber' v='1589' />
    <tag k='addr:place' v='San Polo' />
  </node>
  <node id='-37872208' action='modify' visible='true' lat='45.43878000691' lon='12.33196310566'>
    <tag k='addr:housenumber' v='1895' />
    <tag k='addr:place' v='San Polo' />
  </node>
  <node id='-37872209' action='modify' visible='true' lat='45.43739281924' lon='12.32508071858'>
    <tag k='addr:housenumber' v='3072' />
    <tag k='addr:place' v='San Polo' />
  </node>
  <node id='-37872210' action='modify' visible='true' lat='45.43929114167' lon='12.33223575803'>
    <tag k='addr:housenumber' v='1740' />
    <tag k='addr:place' v='San Polo' />
  </node>
  <node id='-37872211' action='modify' visible='true' lat='45.43837213678' lon='12.33362682248'>
    <tag k='addr:housenumber' v='805' />
    <tag k='addr:place' v='San Polo' />
  </node>
  <node id='-37872212' action='modify' visible='true' lat='45.43721505289' lon='12.32427569321'>
    <tag k='addr:housenumber' v='3085' />
    <tag k='addr:place' v='San Polo' />
  </node>
  <node id='-37872213' action='modify' visible='true' lat='45.43882788659' lon='12.33423164794'>
    <tag k='addr:housenumber' v='410' />
    <tag k='addr:place' v='San Polo' />
  </node>
  <node id='-37872214' action='modify' visible='true' lat='45.43675724928' lon='12.33132350574'>
    <tag k='addr:housenumber' v='1423' />
    <tag k='addr:place' v='San Polo' />
  </node>
  <node id='-37872215' action='modify' visible='true' lat='45.43993113647' lon='12.33280159839'>
    <tag k='addr:housenumber' v='1674' />
    <tag k='addr:place' v='San Polo' />
  </node>
  <node id='-37872216' action='modify' visible='true' lat='45.43784492594' lon='12.32669696907'>
    <tag k='addr:housenumber' v='2496' />
    <tag k='addr:place' v='San Polo' />
  </node>
  <node id='-37872217' action='modify' visible='true' lat='45.44016632761' lon='12.33334315503'>
    <tag k='addr:housenumber' v='1780' />
    <tag k='addr:place' v='San Polo' />
  </node>
  <node id='-37872218' action='modify' visible='true' lat='45.43972171842' lon='12.33297047032'>
    <tag k='addr:housenumber' v='1657' />
    <tag k='addr:place' v='San Polo' />
  </node>
  <node id='-37872219' action='modify' visible='true' lat='45.43755492458' lon='12.33421681301'>
    <tag k='addr:housenumber' v='719' />
    <tag k='addr:place' v='San Polo' />
  </node>
  <node id='-37872220' action='modify' visible='true' lat='45.43890978747' lon='12.33505647061'>
    <tag k='addr:housenumber' v='210' />
    <tag k='addr:place' v='San Polo' />
  </node>
  <node id='-37872221' action='modify' visible='true' lat='45.43559274029' lon='12.3282809678'>
    <tag k='addr:housenumber' v='2811a' />
    <tag k='addr:place' v='San Polo' />
  </node>
  <node id='-37872222' action='modify' visible='true' lat='45.43844434963' lon='12.32969214525'>
    <tag k='addr:housenumber' v='2193' />
    <tag k='addr:place' v='San Polo' />
  </node>
  <node id='-37872223' action='modify' visible='true' lat='45.43980534192' lon='12.3330566245'>
    <tag k='addr:housenumber' v='1654' />
    <tag k='addr:place' v='San Polo' />
  </node>
  <node id='-37872224' action='modify' visible='true' lat='45.43557257787' lon='12.327355982'>
    <tag k='addr:housenumber' v='2891' />
    <tag k='addr:place' v='San Polo' />
  </node>
  <node id='-37872225' action='modify' visible='true' lat='45.43571125754' lon='12.32679006864'>
    <tag k='addr:housenumber' v='2907' />
    <tag k='addr:place' v='San Polo' />
  </node>
  <node id='-37872226' action='modify' visible='true' lat='45.43665999239' lon='12.33003422399'>
    <tag k='addr:housenumber' v='2030' />
    <tag k='addr:place' v='San Polo' />
  </node>
  <node id='-37872227' action='modify' visible='true' lat='45.43782290625' lon='12.33471651617'>
    <tag k='addr:housenumber' v='626a' />
    <tag k='addr:place' v='San Polo' />
  </node>
  <node id='-37872228' action='modify' visible='true' lat='45.43851088344' lon='12.33107006502'>
    <tag k='addr:housenumber' v='1935' />
    <tag k='addr:place' v='San Polo' />
  </node>
  <node id='-37872229' action='modify' visible='true' lat='45.43842236865' lon='12.3247829012'>
    <tag k='addr:housenumber' v='2461a' />
    <tag k='addr:place' v='San Polo' />
  </node>
  <node id='-37872230' action='modify' visible='true' lat='45.4395474273' lon='12.3328980863'>
    <tag k='addr:housenumber' v='1598' />
    <tag k='addr:place' v='San Polo' />
  </node>
  <node id='-37872231' action='modify' visible='true' lat='45.43773808481' lon='12.33223878227'>
    <tag k='addr:housenumber' v='1228' />
    <tag k='addr:place' v='San Polo' />
  </node>
  <node id='-37872232' action='modify' visible='true' lat='45.43901074345' lon='12.32964875283'>
    <tag k='addr:housenumber' v='2211a' />
    <tag k='addr:place' v='San Polo' />
  </node>
  <node id='-37872233' action='modify' visible='true' lat='45.43862299306' lon='12.3331164618'>
    <tag k='addr:housenumber' v='890' />
    <tag k='addr:place' v='San Polo' />
  </node>
  <node id='-37872234' action='modify' visible='true' lat='45.43680069499' lon='12.33111003898'>
    <tag k='addr:housenumber' v='1440' />
    <tag k='addr:place' v='San Polo' />
  </node>
  <node id='-37872235' action='modify' visible='true' lat='45.43778708025' lon='12.33208715342'>
    <tag k='addr:housenumber' v='1298a' />
    <tag k='addr:place' v='San Polo' />
  </node>
  <node id='-37872236' action='modify' visible='true' lat='45.43859350257' lon='12.33410302161'>
    <tag k='addr:housenumber' v='775' />
    <tag k='addr:place' v='San Polo' />
  </node>
  <node id='-37872237' action='modify' visible='true' lat='45.43902353718' lon='12.33218003223'>
    <tag k='addr:housenumber' v='1888' />
    <tag k='addr:place' v='San Polo' />
  </node>
  <node id='-37872238' action='modify' visible='true' lat='45.43757485517' lon='12.32809456045'>
    <tag k='addr:housenumber' v='2621' />
    <tag k='addr:place' v='San Polo' />
  </node>
  <node id='-37872239' action='modify' visible='true' lat='45.43824192713' lon='12.33475916336'>
    <tag k='addr:housenumber' v='541p' />
    <tag k='addr:place' v='San Polo' />
  </node>
  <node id='-37872240' action='modify' visible='true' lat='45.43939906811' lon='12.33419510713'>
    <tag k='addr:housenumber' v='292' />
    <tag k='addr:place' v='San Polo' />
  </node>
  <node id='-37872241' action='modify' visible='true' lat='45.43668359729' lon='12.32863217087'>
    <tag k='addr:housenumber' v='2748' />
    <tag k='addr:place' v='San Polo' />
  </node>
  <node id='-37872242' action='modify' visible='true' lat='45.44014776881' lon='12.33311679713'>
    <tag k='addr:housenumber' v='1631' />
    <tag k='addr:place' v='San Polo' />
  </node>
  <node id='-37872243' action='modify' visible='true' lat='45.43831980444' lon='12.32550456686'>
    <tag k='addr:housenumber' v='2455' />
    <tag k='addr:place' v='San Polo' />
  </node>
  <node id='-37872244' action='modify' visible='true' lat='45.43647996176' lon='12.32572808508'>
    <tag k='addr:housenumber' v='3122' />
    <tag k='addr:place' v='San Polo' />
  </node>
  <node id='-37872245' action='modify' visible='true' lat='45.4380124809' lon='12.33308959476'>
    <tag k='addr:housenumber' v='1051' />
    <tag k='addr:place' v='San Polo' />
  </node>
  <node id='-37872246' action='modify' visible='true' lat='45.43616688394' lon='12.32903059948'>
    <tag k='addr:housenumber' v='2766' />
    <tag k='addr:place' v='San Polo' />
  </node>
  <node id='-37872247' action='modify' visible='true' lat='45.4378828708' lon='12.33468596395'>
    <tag k='addr:housenumber' v='620' />
    <tag k='addr:place' v='San Polo' />
  </node>
  <node id='-37872248' action='modify' visible='true' lat='45.43913875953' lon='12.33481697418'>
    <tag k='addr:housenumber' v='222' />
    <tag k='addr:place' v='San Polo' />
  </node>
  <node id='-37872249' action='modify' visible='true' lat='45.43654701089' lon='12.32787997649'>
    <tag k='addr:housenumber' v='2713' />
    <tag k='addr:place' v='San Polo' />
  </node>
  <node id='-37872250' action='modify' visible='true' lat='45.4392112441' lon='12.33517495573'>
    <tag k='addr:housenumber' v='189' />
    <tag k='addr:place' v='San Polo' />
  </node>
  <node id='-37872251' action='modify' visible='true' lat='45.43710224552' lon='12.3282532749'>
    <tag k='addr:housenumber' v='2658' />
    <tag k='addr:place' v='San Polo' />
  </node>
  <node id='-37872252' action='modify' visible='true' lat='45.43868300593' lon='12.33556943195'>
    <tag k='addr:housenumber' v='129' />
    <tag k='addr:place' v='San Polo' />
  </node>
  <node id='-37872253' action='modify' visible='true' lat='45.43823190745' lon='12.33506840834'>
    <tag k='addr:housenumber' v='525' />
    <tag k='addr:place' v='San Polo' />
  </node>
  <node id='-37872254' action='modify' visible='true' lat='45.4372742432' lon='12.32805253431'>
    <tag k='addr:housenumber' v='2614b' />
    <tag k='addr:place' v='San Polo' />
  </node>
  <node id='-37872255' action='modify' visible='true' lat='45.43852055055' lon='12.32716880681'>
    <tag k='addr:housenumber' v='2361' />
    <tag k='addr:place' v='San Polo' />
  </node>
  <node id='-37872256' action='modify' visible='true' lat='45.43879655281' lon='12.32851771127'>
    <tag k='addr:housenumber' v='2289' />
    <tag k='addr:place' v='San Polo' />
  </node>
  <node id='-37872257' action='modify' visible='true' lat='45.43597474936' lon='12.32862726548'>
    <tag k='addr:housenumber' v='2782' />
    <tag k='addr:place' v='San Polo' />
  </node>
  <node id='-37872258' action='modify' visible='true' lat='45.43946835134' lon='12.33252046756'>
    <tag k='addr:housenumber' v='1715' />
    <tag k='addr:place' v='San Polo' />
  </node>
  <node id='-37872259' action='modify' visible='true' lat='45.43902348485' lon='12.33475621048'>
    <tag k='addr:housenumber' v='109' />
    <tag k='addr:place' v='San Polo' />
  </node>
  <node id='-37872260' action='modify' visible='true' lat='45.43822256801' lon='12.33095604445'>
    <tag k='addr:housenumber' v='1498a' />
    <tag k='addr:place' v='San Polo' />
  </node>
  <node id='-37872261' action='modify' visible='true' lat='45.43917489975' lon='12.33522126711'>
    <tag k='addr:housenumber' v='191' />
    <tag k='addr:place' v='San Polo' />
  </node>
  <node id='-37872262' action='modify' visible='true' lat='45.43945680451' lon='12.33349789838'>
    <tag k='addr:housenumber' v='361' />
    <tag k='addr:place' v='San Polo' />
  </node>
  <node id='-37872263' action='modify' visible='true' lat='45.43833614465' lon='12.3253361388'>
    <tag k='addr:housenumber' v='2457' />
    <tag k='addr:place' v='San Polo' />
  </node>
  <node id='-37872264' action='modify' visible='true' lat='45.44023363424' lon='12.33258373619'>
    <tag k='addr:housenumber' v='1814' />
    <tag k='addr:place' v='San Polo' />
  </node>
  <node id='-37872265' action='modify' visible='true' lat='45.43657543326' lon='12.32674903534'>
    <tag k='addr:housenumber' v='2963' />
    <tag k='addr:place' v='San Polo' />
  </node>
  <node id='-37872266' action='modify' visible='true' lat='45.43910233448' lon='12.33196262445'>
    <tag k='addr:housenumber' v='1889a' />
    <tag k='addr:place' v='San Polo' />
  </node>
  <node id='-37872267' action='modify' visible='true' lat='45.43614049495' lon='12.32693097443'>
    <tag k='addr:housenumber' v='2916a' />
    <tag k='addr:place' v='San Polo' />
  </node>
  <node id='-37872268' action='modify' visible='true' lat='45.43675684909' lon='12.32856215774'>
    <tag k='addr:housenumber' v='2695' />
    <tag k='addr:place' v='San Polo' />
  </node>
  <node id='-37872269' action='modify' visible='true' lat='45.43727611784' lon='12.3274091798'>
    <tag k='addr:housenumber' v='2568' />
    <tag k='addr:place' v='San Polo' />
  </node>
  <node id='-37872270' action='modify' visible='true' lat='45.43955161649' lon='12.33240802521'>
    <tag k='addr:housenumber' v='1710' />
    <tag k='addr:place' v='San Polo' />
  </node>
  <node id='-37872271' action='modify' visible='true' lat='45.43704762114' lon='12.32830895006'>
    <tag k='addr:housenumber' v='2658b' />
    <tag k='addr:place' v='San Polo' />
  </node>
  <node id='-37872272' action='modify' visible='true' lat='45.43883804064' lon='12.33420682071'>
    <tag k='addr:housenumber' v='411' />
    <tag k='addr:place' v='San Polo' />
  </node>
  <node id='-37872273' action='modify' visible='true' lat='45.43657079262' lon='12.32842017224'>
    <tag k='addr:housenumber' v='2751' />
    <tag k='addr:place' v='San Polo' />
  </node>
  <node id='-37872274' action='modify' visible='true' lat='45.43905340415' lon='12.3294264741'>
    <tag k='addr:housenumber' v='2220' />
    <tag k='addr:place' v='San Polo' />
  </node>
  <node id='-37872275' action='modify' visible='true' lat='45.43798889215' lon='12.33345735799'>
    <tag k='addr:housenumber' v='1017' />
    <tag k='addr:place' v='San Polo' />
  </node>
  <node id='-37872276' action='modify' visible='true' lat='45.436596431' lon='12.33002365546'>
    <tag k='addr:housenumber' v='2036' />
    <tag k='addr:place' v='San Polo' />
  </node>
  <node id='-37872277' action='modify' visible='true' lat='45.43653687261' lon='12.33137443019'>
    <tag k='addr:housenumber' v='1429' />
    <tag k='addr:place' v='San Polo' />
  </node>
  <node id='-37872278' action='modify' visible='true' lat='45.4377746408' lon='12.32719487283'>
    <tag k='addr:housenumber' v='2536' />
    <tag k='addr:place' v='San Polo' />
  </node>
  <node id='-37872279' action='modify' visible='true' lat='45.43807933993' lon='12.33289490792'>
    <tag k='addr:housenumber' v='993' />
    <tag k='addr:place' v='San Polo' />
  </node>
  <node id='-37872280' action='modify' visible='true' lat='45.43940555952' lon='12.33275263178'>
    <tag k='addr:housenumber' v='1572' />
    <tag k='addr:place' v='San Polo' />
  </node>
  <node id='-37872281' action='modify' visible='true' lat='45.43705085809' lon='12.33140091821'>
    <tag k='addr:housenumber' v='1420a' />
    <tag k='addr:place' v='San Polo' />
  </node>
  <node id='-37872282' action='modify' visible='true' lat='45.43723402063' lon='12.33101068476'>
    <tag k='addr:housenumber' v='1465' />
    <tag k='addr:place' v='San Polo' />
  </node>
  <node id='-37872283' action='modify' visible='true' lat='45.43686193992' lon='12.32876503701'>
    <tag k='addr:housenumber' v='2736b' />
    <tag k='addr:place' v='San Polo' />
  </node>
  <node id='-37872284' action='modify' visible='true' lat='45.4370423753' lon='12.33105182848'>
    <tag k='addr:housenumber' v='1449' />
    <tag k='addr:place' v='San Polo' />
  </node>
  <node id='-37872285' action='modify' visible='true' lat='45.43907321152' lon='12.33394182766'>
    <tag k='addr:housenumber' v='821' />
    <tag k='addr:place' v='San Polo' />
  </node>
  <node id='-37872286' action='modify' visible='true' lat='45.43851277446' lon='12.33386228481'>
    <tag k='addr:housenumber' v='800' />
    <tag k='addr:place' v='San Polo' />
  </node>
  <node id='-37872287' action='modify' visible='true' lat='45.43816667455' lon='12.33392390849'>
    <tag k='addr:housenumber' v='659' />
    <tag k='addr:place' v='San Polo' />
  </node>
  <node id='-37872288' action='modify' visible='true' lat='45.43680728135' lon='12.32887698636'>
    <tag k='addr:housenumber' v='2737' />
    <tag k='addr:place' v='San Polo' />
  </node>
  <node id='-37872289' action='modify' visible='true' lat='45.43846472435' lon='12.32669168046'>
    <tag k='addr:housenumber' v='2376' />
    <tag k='addr:place' v='San Polo' />
  </node>
  <node id='-37872290' action='modify' visible='true' lat='45.43849517679' lon='12.32634120342'>
    <tag k='addr:housenumber' v='2453' />
    <tag k='addr:place' v='San Polo' />
  </node>
  <node id='-37872291' action='modify' visible='true' lat='45.43796193772' lon='12.32715774724'>
    <tag k='addr:housenumber' v='2505' />
    <tag k='addr:place' v='San Polo' />
  </node>
  <node id='-37872292' action='modify' visible='true' lat='45.43884036388' lon='12.33500807003'>
    <tag k='addr:housenumber' v='101' />
    <tag k='addr:place' v='San Polo' />
  </node>
  <node id='-37872293' action='modify' visible='true' lat='45.44022658227' lon='12.33294654555'>
    <tag k='addr:housenumber' v='1791' />
    <tag k='addr:place' v='San Polo' />
  </node>
  <node id='-37872294' action='modify' visible='true' lat='45.43810010132' lon='12.33195063222'>
    <tag k='addr:housenumber' v='1283' />
    <tag k='addr:place' v='San Polo' />
  </node>
  <node id='-37872295' action='modify' visible='true' lat='45.43773925968' lon='12.32378335677'>
    <tag k='addr:housenumber' v='3078f' />
    <tag k='addr:place' v='San Polo' />
  </node>
  <node id='-37872296' action='modify' visible='true' lat='45.43887723695' lon='12.33474516934'>
    <tag k='addr:housenumber' v='88' />
    <tag k='addr:place' v='San Polo' />
  </node>
  <node id='-37872297' action='modify' visible='true' lat='45.43913616195' lon='12.33325179208'>
    <tag k='addr:housenumber' v='854a' />
    <tag k='addr:place' v='San Polo' />
  </node>
  <node id='-37872298' action='modify' visible='true' lat='45.43892444465' lon='12.32900830586'>
    <tag k='addr:housenumber' v='2237' />
    <tag k='addr:place' v='San Polo' />
  </node>
  <node id='-37872299' action='modify' visible='true' lat='45.43800080604' lon='12.32868220925'>
    <tag k='addr:housenumber' v='2146a' />
    <tag k='addr:place' v='San Polo' />
  </node>
  <node id='-37872300' action='modify' visible='true' lat='45.43666493375' lon='12.32723553365'>
    <tag k='addr:housenumber' v='2987' />
    <tag k='addr:place' v='San Polo' />
  </node>
  <node id='-37872301' action='modify' visible='true' lat='45.43776468334' lon='12.33178835587'>
    <tag k='addr:housenumber' v='1314' />
    <tag k='addr:place' v='San Polo' />
  </node>
  <node id='-37872302' action='modify' visible='true' lat='45.43676705882' lon='12.32965991603'>
    <tag k='addr:housenumber' v='2084a' />
    <tag k='addr:place' v='San Polo' />
  </node>
  <node id='-37872303' action='modify' visible='true' lat='45.43680767587' lon='12.32851027364'>
    <tag k='addr:housenumber' v='2694' />
    <tag k='addr:place' v='San Polo' />
  </node>
  <node id='-37872304' action='modify' visible='true' lat='45.43998370819' lon='12.33222293326'>
    <tag k='addr:housenumber' v='1845' />
    <tag k='addr:place' v='San Polo' />
  </node>
  <node id='-37872305' action='modify' visible='true' lat='45.43860976846' lon='12.32834073681'>
    <tag k='addr:housenumber' v='2305' />
    <tag k='addr:place' v='San Polo' />
  </node>
  <node id='-37872306' action='modify' visible='true' lat='45.44008043654' lon='12.33277597917'>
    <tag k='addr:housenumber' v='1797' />
    <tag k='addr:place' v='San Polo' />
  </node>
  <node id='-37872307' action='modify' visible='true' lat='45.43947611357' lon='12.33427600345'>
    <tag k='addr:housenumber' v='288' />
    <tag k='addr:place' v='San Polo' />
  </node>
  <node id='-37872308' action='modify' visible='true' lat='45.43864766759' lon='12.32610151271'>
    <tag k='addr:housenumber' v='2437' />
    <tag k='addr:place' v='San Polo' />
  </node>
  <node id='-37872309' action='modify' visible='true' lat='45.43743370168' lon='12.32791745794'>
    <tag k='addr:housenumber' v='2609a' />
    <tag k='addr:place' v='San Polo' />
  </node>
  <node id='-37872310' action='modify' visible='true' lat='45.43814710317' lon='12.33092207813'>
    <tag k='addr:housenumber' v='1498b' />
    <tag k='addr:place' v='San Polo' />
  </node>
  <node id='-37872311' action='modify' visible='true' lat='45.43867532308' lon='12.33418230749'>
    <tag k='addr:housenumber' v='418' />
    <tag k='addr:place' v='San Polo' />
  </node>
  <node id='-37872312' action='modify' visible='true' lat='45.43892833788' lon='12.33507746932'>
    <tag k='addr:housenumber' v='211' />
    <tag k='addr:place' v='San Polo' />
  </node>
  <node id='-37872313' action='modify' visible='true' lat='45.43889673899' lon='12.32861307737'>
    <tag k='addr:housenumber' v='2279a' />
    <tag k='addr:place' v='San Polo' />
  </node>
  <node id='-37872314' action='modify' visible='true' lat='45.43664277308' lon='12.33165257158'>
    <tag k='addr:housenumber' v='1382' />
    <tag k='addr:place' v='San Polo' />
  </node>
  <node id='-37872315' action='modify' visible='true' lat='45.43660515269' lon='12.33167821873'>
    <tag k='addr:housenumber' v='1382a' />
    <tag k='addr:place' v='San Polo' />
  </node>
  <node id='-37872316' action='modify' visible='true' lat='45.43801637863' lon='12.32673864684'>
    <tag k='addr:housenumber' v='2490' />
    <tag k='addr:place' v='San Polo' />
  </node>
  <node id='-37872317' action='modify' visible='true' lat='45.4367654511' lon='12.33156797342'>
    <tag k='addr:housenumber' v='1383a' />
    <tag k='addr:place' v='San Polo' />
  </node>
  <node id='-37872318' action='modify' visible='true' lat='45.43830138764' lon='12.32364767457'>
    <tag k='addr:housenumber' v='3073s' />
    <tag k='addr:place' v='San Polo' />
  </node>
  <node id='-37872319' action='modify' visible='true' lat='45.43671991554' lon='12.33159868512'>
    <tag k='addr:housenumber' v='1383' />
    <tag k='addr:place' v='San Polo' />
  </node>
  <node id='-37872320' action='modify' visible='true' lat='45.4401079032' lon='12.33304144718'>
    <tag k='addr:housenumber' v='1632' />
    <tag k='addr:place' v='San Polo' />
  </node>
  <node id='-37872321' action='modify' visible='true' lat='45.44008664439' lon='12.3326323443'>
    <tag k='addr:housenumber' v='1799' />
    <tag k='addr:place' v='San Polo' />
  </node>
  <node id='-37872322' action='modify' visible='true' lat='45.43917017751' lon='12.33537096513'>
    <tag k='addr:housenumber' v='148' />
    <tag k='addr:place' v='San Polo' />
  </node>
  <node id='-37872323' action='modify' visible='true' lat='45.43808935955' lon='12.32352467293'>
    <tag k='addr:housenumber' v='3080t' />
    <tag k='addr:place' v='San Polo' />
  </node>
  <node id='-37872324' action='modify' visible='true' lat='45.43757186841' lon='12.33173657391'>
    <tag k='addr:housenumber' v='1328' />
    <tag k='addr:place' v='San Polo' />
  </node>
  <node id='-37872325' action='modify' visible='true' lat='45.43715494942' lon='12.32793341441'>
    <tag k='addr:housenumber' v='2601' />
    <tag k='addr:place' v='San Polo' />
  </node>
  <node id='-37872326' action='modify' visible='true' lat='45.43744264427' lon='12.33161511976'>
    <tag k='addr:housenumber' v='1344' />
    <tag k='addr:place' v='San Polo' />
  </node>
  <node id='-37872327' action='modify' visible='true' lat='45.43779735025' lon='12.32602897983'>
    <tag k='addr:housenumber' v='2553' />
    <tag k='addr:place' v='San Polo' />
  </node>
  <node id='-37872328' action='modify' visible='true' lat='45.43858630912' lon='12.326180832'>
    <tag k='addr:housenumber' v='2449' />
    <tag k='addr:place' v='San Polo' />
  </node>
  <node id='-37872329' action='modify' visible='true' lat='45.43854464907' lon='12.33405293971'>
    <tag k='addr:housenumber' v='777' />
    <tag k='addr:place' v='San Polo' />
  </node>
  <node id='-37872330' action='modify' visible='true' lat='45.43830900021' lon='12.33075561467'>
    <tag k='addr:housenumber' v='1942' />
    <tag k='addr:place' v='San Polo' />
  </node>
  <node id='-37872331' action='modify' visible='true' lat='45.43923164783' lon='12.33432312099'>
    <tag k='addr:housenumber' v='266' />
    <tag k='addr:place' v='San Polo' />
  </node>
  <node id='-37872332' action='modify' visible='true' lat='45.43805052774' lon='12.32956572813'>
    <tag k='addr:housenumber' v='2158' />
    <tag k='addr:place' v='San Polo' />
  </node>
  <node id='-37872333' action='modify' visible='true' lat='45.43870126833' lon='12.32954956249'>
    <tag k='addr:housenumber' v='2196' />
    <tag k='addr:place' v='San Polo' />
  </node>
  <node id='-37872334' action='modify' visible='true' lat='45.43926767732' lon='12.32925335947'>
    <tag k='addr:housenumber' v='2241' />
    <tag k='addr:place' v='San Polo' />
  </node>
  <node id='-37872335' action='modify' visible='true' lat='45.43625928626' lon='12.32634075367'>
    <tag k='addr:housenumber' v='3020c' />
    <tag k='addr:place' v='San Polo' />
  </node>
  <node id='-37872336' action='modify' visible='true' lat='45.43677885861' lon='12.32678187201'>
    <tag k='addr:housenumber' v='3006' />
    <tag k='addr:place' v='San Polo' />
  </node>
  <node id='-37872337' action='modify' visible='true' lat='45.43824532409' lon='12.33218824128'>
    <tag k='addr:housenumber' v='1265b' />
    <tag k='addr:place' v='San Polo' />
  </node>
  <node id='-37872338' action='modify' visible='true' lat='45.43763950389' lon='12.33411025377'>
    <tag k='addr:housenumber' v='717' />
    <tag k='addr:place' v='San Polo' />
  </node>
  <node id='-37872339' action='modify' visible='true' lat='45.4367062801' lon='12.32712182011'>
    <tag k='addr:housenumber' v='2992' />
    <tag k='addr:place' v='San Polo' />
  </node>
  <node id='-37872340' action='modify' visible='true' lat='45.43909205392' lon='12.3294468436'>
    <tag k='addr:housenumber' v='2214a' />
    <tag k='addr:place' v='San Polo' />
  </node>
  <node id='-37872341' action='modify' visible='true' lat='45.43662084661' lon='12.3289921462'>
    <tag k='addr:housenumber' v='2757b' />
    <tag k='addr:place' v='San Polo' />
  </node>
  <node id='-37872342' action='modify' visible='true' lat='45.43853498627' lon='12.33296671189'>
    <tag k='addr:housenumber' v='910' />
    <tag k='addr:place' v='San Polo' />
  </node>
  <node id='-37872343' action='modify' visible='true' lat='45.4377461186' lon='12.33402466654'>
    <tag k='addr:housenumber' v='712' />
    <tag k='addr:place' v='San Polo' />
  </node>
  <node id='-37872344' action='modify' visible='true' lat='45.43845593643' lon='12.33284809059'>
    <tag k='addr:housenumber' v='912' />
    <tag k='addr:place' v='San Polo' />
  </node>
  <node id='-37872345' action='modify' visible='true' lat='45.43759312774' lon='12.3284863678'>
    <tag k='addr:housenumber' v='2647' />
    <tag k='addr:place' v='San Polo' />
  </node>
  <node id='-37872346' action='modify' visible='true' lat='45.43827845802' lon='12.33422531811'>
    <tag k='addr:housenumber' v='637' />
    <tag k='addr:place' v='San Polo' />
  </node>
  <node id='-37872347' action='modify' visible='true' lat='45.43627617836' lon='12.32876163433'>
    <tag k='addr:housenumber' v='2767' />
    <tag k='addr:place' v='San Polo' />
  </node>
  <node id='-37872348' action='modify' visible='true' lat='45.43925426468' lon='12.33413264502'>
    <tag k='addr:housenumber' v='271' />
    <tag k='addr:place' v='San Polo' />
  </node>
  <node id='-37872349' action='modify' visible='true' lat='45.43714660793' lon='12.33042741806'>
    <tag k='addr:housenumber' v='1992' />
    <tag k='addr:place' v='San Polo' />
  </node>
  <node id='-37872350' action='modify' visible='true' lat='45.43877588137' lon='12.33479178562'>
    <tag k='addr:housenumber' v='41' />
    <tag k='addr:place' v='San Polo' />
  </node>
  <node id='-37872351' action='modify' visible='true' lat='45.43793095292' lon='12.33321011269'>
    <tag k='addr:housenumber' v='1037' />
    <tag k='addr:place' v='San Polo' />
  </node>
  <node id='-37872352' action='modify' visible='true' lat='45.43663083048' lon='12.32971579013'>
    <tag k='addr:housenumber' v='2073a' />
    <tag k='addr:place' v='San Polo' />
  </node>
  <node id='-37872353' action='modify' visible='true' lat='45.438651142' lon='12.33130944013'>
    <tag k='addr:housenumber' v='1909' />
    <tag k='addr:place' v='San Polo' />
  </node>
  <node id='-37872354' action='modify' visible='true' lat='45.43790759817' lon='12.33205482965'>
    <tag k='addr:housenumber' v='1287' />
    <tag k='addr:place' v='San Polo' />
  </node>
  <node id='-37872355' action='modify' visible='true' lat='45.4366292661' lon='12.32677315544'>
    <tag k='addr:housenumber' v='2966' />
    <tag k='addr:place' v='San Polo' />
  </node>
  <node id='-37872356' action='modify' visible='true' lat='45.4382518589' lon='12.32920827902'>
    <tag k='addr:housenumber' v='2161' />
    <tag k='addr:place' v='San Polo' />
  </node>
  <node id='-37872357' action='modify' visible='true' lat='45.43708540452' lon='12.33101374834'>
    <tag k='addr:housenumber' v='1449a' />
    <tag k='addr:place' v='San Polo' />
  </node>
  <node id='-37872358' action='modify' visible='true' lat='45.43750266679' lon='12.324201994'>
    <tag k='addr:housenumber' v='3078o' />
    <tag k='addr:place' v='San Polo' />
  </node>
  <node id='-37872359' action='modify' visible='true' lat='45.43683415061' lon='12.32514943491'>
    <tag k='addr:housenumber' v='3057' />
    <tag k='addr:place' v='San Polo' />
  </node>
  <node id='-37872360' action='modify' visible='true' lat='45.43691503429' lon='12.32891123363'>
    <tag k='addr:housenumber' v='2740b' />
    <tag k='addr:place' v='San Polo' />
  </node>
  <node id='-37872361' action='modify' visible='true' lat='45.43744915276' lon='12.3295090905'>
    <tag k='addr:housenumber' v='2122' />
    <tag k='addr:place' v='San Polo' />
  </node>
  <node id='-37872362' action='modify' visible='true' lat='45.43868820276' lon='12.32883303946'>
    <tag k='addr:housenumber' v='2316' />
    <tag k='addr:place' v='San Polo' />
  </node>
  <node id='-37872363' action='modify' visible='true' lat='45.43672991272' lon='12.3284114313'>
    <tag k='addr:housenumber' v='2702' />
    <tag k='addr:place' v='San Polo' />
  </node>
  <node id='-37872364' action='modify' visible='true' lat='45.4383740477' lon='12.32360147107'>
    <tag k='addr:housenumber' v='3073n' />
    <tag k='addr:place' v='San Polo' />
  </node>
  <node id='-37872365' action='modify' visible='true' lat='45.43652292746' lon='12.33013968903'>
    <tag k='addr:housenumber' v='2033a' />
    <tag k='addr:place' v='San Polo' />
  </node>
  <node id='-37872366' action='modify' visible='true' lat='45.43683498695' lon='12.32869866933'>
    <tag k='addr:housenumber' v='2729' />
    <tag k='addr:place' v='San Polo' />
  </node>
  <node id='-37872367' action='modify' visible='true' lat='45.43671685903' lon='12.33035630673'>
    <tag k='addr:housenumber' v='2004' />
    <tag k='addr:place' v='San Polo' />
  </node>
  <node id='-37872368' action='modify' visible='true' lat='45.4394571429' lon='12.33451974058'>
    <tag k='addr:housenumber' v='257' />
    <tag k='addr:place' v='San Polo' />
  </node>
  <node id='-37872369' action='modify' visible='true' lat='45.43806719396' lon='12.33140859578'>
    <tag k='addr:housenumber' v='1501a' />
    <tag k='addr:place' v='San Polo' />
  </node>
  <node id='-37872370' action='modify' visible='true' lat='45.43719543183' lon='12.33171099933'>
    <tag k='addr:housenumber' v='1349' />
    <tag k='addr:place' v='San Polo' />
  </node>
  <node id='-37872371' action='modify' visible='true' lat='45.43947193166' lon='12.33254545994'>
    <tag k='addr:housenumber' v='1705' />
    <tag k='addr:place' v='San Polo' />
  </node>
  <node id='-37872372' action='modify' visible='true' lat='45.43647611515' lon='12.327058613'>
    <tag k='addr:housenumber' v='2961' />
    <tag k='addr:place' v='San Polo' />
  </node>
  <node id='-37872373' action='modify' visible='true' lat='45.4382851585' lon='12.33351949267'>
    <tag k='addr:housenumber' v='970' />
    <tag k='addr:place' v='San Polo' />
  </node>
  <node id='-37872374' action='modify' visible='true' lat='45.43808589659' lon='12.33489396218'>
    <tag k='addr:housenumber' v='539' />
    <tag k='addr:place' v='San Polo' />
  </node>
  <node id='-37872375' action='modify' visible='true' lat='45.43707454155' lon='12.33061897507'>
    <tag k='addr:housenumber' v='1976' />
    <tag k='addr:place' v='San Polo' />
  </node>
  <node id='-37872376' action='modify' visible='true' lat='45.43833856276' lon='12.33218715005'>
    <tag k='addr:housenumber' v='940a' />
    <tag k='addr:place' v='San Polo' />
  </node>
  <node id='-37872377' action='modify' visible='true' lat='45.4396653154' lon='12.33429503152'>
    <tag k='addr:housenumber' v='310' />
    <tag k='addr:place' v='San Polo' />
  </node>
  <node id='-37872378' action='modify' visible='true' lat='45.43911178641' lon='12.33440438985'>
    <tag k='addr:housenumber' v='235' />
    <tag k='addr:place' v='San Polo' />
  </node>
  <node id='-37872379' action='modify' visible='true' lat='45.43759107689' lon='12.33177179942'>
    <tag k='addr:housenumber' v='1327' />
    <tag k='addr:place' v='San Polo' />
  </node>
  <node id='-37872380' action='modify' visible='true' lat='45.4373726695' lon='12.33426097023'>
    <tag k='addr:housenumber' v='746' />
    <tag k='addr:place' v='San Polo' />
  </node>
  <node id='-37872381' action='modify' visible='true' lat='45.43778950972' lon='12.32454111765'>
    <tag k='addr:housenumber' v='3080c' />
    <tag k='addr:place' v='San Polo' />
  </node>
  <node id='-37872382' action='modify' visible='true' lat='45.43878969982' lon='12.33378848639'>
    <tag k='addr:housenumber' v='442a' />
    <tag k='addr:place' v='San Polo' />
  </node>
  <node id='-37872383' action='modify' visible='true' lat='45.43663917438' lon='12.32850104937'>
    <tag k='addr:housenumber' v='2721' />
    <tag k='addr:place' v='San Polo' />
  </node>
  <node id='-37872384' action='modify' visible='true' lat='45.43862742189' lon='12.3329673429'>
    <tag k='addr:housenumber' v='907' />
    <tag k='addr:place' v='San Polo' />
  </node>
  <node id='-37872385' action='modify' visible='true' lat='45.43902012903' lon='12.33343667486'>
    <tag k='addr:housenumber' v='849a' />
    <tag k='addr:place' v='San Polo' />
  </node>
  <node id='-37872386' action='modify' visible='true' lat='45.43810524348' lon='12.33590291102'>
    <tag k='addr:housenumber' v='7' />
    <tag k='addr:place' v='San Polo' />
  </node>
  <node id='-37872387' action='modify' visible='true' lat='45.43678702792' lon='12.32708511791'>
    <tag k='addr:housenumber' v='2994' />
    <tag k='addr:place' v='San Polo' />
  </node>
  <node id='-37872388' action='modify' visible='true' lat='45.4378206113' lon='12.3320929304'>
    <tag k='addr:housenumber' v='1295' />
    <tag k='addr:place' v='San Polo' />
  </node>
  <node id='-37872389' action='modify' visible='true' lat='45.43905863445' lon='12.33397671696'>
    <tag k='addr:housenumber' v='401a' />
    <tag k='addr:place' v='San Polo' />
  </node>
  <node id='-37872390' action='modify' visible='true' lat='45.43850873122' lon='12.32633773772'>
    <tag k='addr:housenumber' v='2452' />
    <tag k='addr:place' v='San Polo' />
  </node>
  <node id='-37872391' action='modify' visible='true' lat='45.4364333133' lon='12.32843168514'>
    <tag k='addr:housenumber' v='2717b' />
    <tag k='addr:place' v='San Polo' />
  </node>
  <node id='-37872392' action='modify' visible='true' lat='45.43765609671' lon='12.3343905118'>
    <tag k='addr:housenumber' v='677a' />
    <tag k='addr:place' v='San Polo' />
  </node>
  <node id='-37872393' action='modify' visible='true' lat='45.43839805784' lon='12.33533747112'>
    <tag k='addr:housenumber' v='25' />
    <tag k='addr:place' v='San Polo' />
  </node>
  <node id='-37872394' action='modify' visible='true' lat='45.43676656487' lon='12.3298699821'>
    <tag k='addr:housenumber' v='2077a' />
    <tag k='addr:place' v='San Polo' />
  </node>
  <node id='-37872395' action='modify' visible='true' lat='45.43757961584' lon='12.33269087699'>
    <tag k='addr:housenumber' v='1130' />
    <tag k='addr:place' v='San Polo' />
  </node>
  <node id='-37872396' action='modify' visible='true' lat='45.43932278594' lon='12.33411246105'>
    <tag k='addr:housenumber' v='295' />
    <tag k='addr:place' v='San Polo' />
  </node>
  <node id='-37872397' action='modify' visible='true' lat='45.43761807962' lon='12.33219242752'>
    <tag k='addr:housenumber' v='1224' />
    <tag k='addr:place' v='San Polo' />
  </node>
  <node id='-37872398' action='modify' visible='true' lat='45.43634792076' lon='12.32985140469'>
    <tag k='addr:housenumber' v='2042' />
    <tag k='addr:place' v='San Polo' />
  </node>
  <node id='-37872399' action='modify' visible='true' lat='45.43882611746' lon='12.32936313631'>
    <tag k='addr:housenumber' v='2225a' />
    <tag k='addr:place' v='San Polo' />
  </node>
  <node id='-37872400' action='modify' visible='true' lat='45.43775821497' lon='12.33257568779'>
    <tag k='addr:housenumber' v='1067' />
    <tag k='addr:place' v='San Polo' />
  </node>
  <node id='-37872401' action='modify' visible='true' lat='45.43607140327' lon='12.32712197369'>
    <tag k='addr:housenumber' v='2862b' />
    <tag k='addr:place' v='San Polo' />
  </node>
  <node id='-37872402' action='modify' visible='true' lat='45.43889316289' lon='12.3281337077'>
    <tag k='addr:housenumber' v='2297' />
    <tag k='addr:place' v='San Polo' />
  </node>
  <node id='-37872403' action='modify' visible='true' lat='45.43676574383' lon='12.32518604908'>
    <tag k='addr:housenumber' v='3056' />
    <tag k='addr:place' v='San Polo' />
  </node>
  <node id='-37872404' action='modify' visible='true' lat='45.43653818332' lon='12.32656270113'>
    <tag k='addr:housenumber' v='3015' />
    <tag k='addr:place' v='San Polo' />
  </node>
  <node id='-37872405' action='modify' visible='true' lat='45.43618017329' lon='12.32826173706'>
    <tag k='addr:housenumber' v='2795' />
    <tag k='addr:place' v='San Polo' />
  </node>
  <node id='-37872406' action='modify' visible='true' lat='45.43563874223' lon='12.32771088464'>
    <tag k='addr:housenumber' v='2873' />
    <tag k='addr:place' v='San Polo' />
  </node>
  <node id='-37872407' action='modify' visible='true' lat='45.43812051883' lon='12.33213955361'>
    <tag k='addr:housenumber' v='1268' />
    <tag k='addr:place' v='San Polo' />
  </node>
  <node id='-37872408' action='modify' visible='true' lat='45.43634155749' lon='12.32984709736'>
    <tag k='addr:housenumber' v='2044' />
    <tag k='addr:place' v='San Polo' />
  </node>
  <node id='-37872409' action='modify' visible='true' lat='45.43907524456' lon='12.33201640023'>
    <tag k='addr:housenumber' v='1878' />
    <tag k='addr:place' v='San Polo' />
  </node>
  <node id='-37872410' action='modify' visible='true' lat='45.4383930267' lon='12.32489732816'>
    <tag k='addr:housenumber' v='2460a' />
    <tag k='addr:place' v='San Polo' />
  </node>
  <node id='-37872411' action='modify' visible='true' lat='45.43923421105' lon='12.33207135089'>
    <tag k='addr:housenumber' v='1747' />
    <tag k='addr:place' v='San Polo' />
  </node>
  <node id='-37872412' action='modify' visible='true' lat='45.4387169905' lon='12.33110239543'>
    <tag k='addr:housenumber' v='1919' />
    <tag k='addr:place' v='San Polo' />
  </node>
  <node id='-37872413' action='modify' visible='true' lat='45.43614203687' lon='12.32697348647'>
    <tag k='addr:housenumber' v='2859' />
    <tag k='addr:place' v='San Polo' />
  </node>
  <node id='-37872414' action='modify' visible='true' lat='45.43686112252' lon='12.33265622176'>
    <tag k='addr:housenumber' v='1175' />
    <tag k='addr:place' v='San Polo' />
  </node>
  <node id='-37872415' action='modify' visible='true' lat='45.435929248' lon='12.32645619464'>
    <tag k='addr:housenumber' v='2925a' />
    <tag k='addr:place' v='San Polo' />
  </node>
  <node id='-37872416' action='modify' visible='true' lat='45.43696685309' lon='12.33258141963'>
    <tag k='addr:housenumber' v='1176' />
    <tag k='addr:place' v='San Polo' />
  </node>
  <node id='-37872417' action='modify' visible='true' lat='45.43713429585' lon='12.3306071329'>
    <tag k='addr:housenumber' v='1974' />
    <tag k='addr:place' v='San Polo' />
  </node>
  <node id='-37872418' action='modify' visible='true' lat='45.43840867776' lon='12.33322858927'>
    <tag k='addr:housenumber' v='984' />
    <tag k='addr:place' v='San Polo' />
  </node>
  <node id='-37872419' action='modify' visible='true' lat='45.43904380182' lon='12.33492693009'>
    <tag k='addr:housenumber' v='216' />
    <tag k='addr:place' v='San Polo' />
  </node>
  <node id='-37872420' action='modify' visible='true' lat='45.43695845405' lon='12.33258727312'>
    <tag k='addr:housenumber' v='1174' />
    <tag k='addr:place' v='San Polo' />
  </node>
  <node id='-37872421' action='modify' visible='true' lat='45.43716994766' lon='12.33074170392'>
    <tag k='addr:housenumber' v='1969' />
    <tag k='addr:place' v='San Polo' />
  </node>
  <node id='-37872422' action='modify' visible='true' lat='45.4368687054' lon='12.32898522914'>
    <tag k='addr:housenumber' v='2740a' />
    <tag k='addr:place' v='San Polo' />
  </node>
  <node id='-37872423' action='modify' visible='true' lat='45.43798139541' lon='12.32349168858'>
    <tag k='addr:housenumber' v='3080z' />
    <tag k='addr:place' v='San Polo' />
  </node>
  <node id='-37872424' action='modify' visible='true' lat='45.43615369744' lon='12.32800151945'>
    <tag k='addr:housenumber' v='2805a' />
    <tag k='addr:place' v='San Polo' />
  </node>
  <node id='-37872425' action='modify' visible='true' lat='45.43639790423' lon='12.32980351247'>
    <tag k='addr:housenumber' v='2051' />
    <tag k='addr:place' v='San Polo' />
  </node>
  <node id='-37872426' action='modify' visible='true' lat='45.43690112235' lon='12.32833390267'>
    <tag k='addr:housenumber' v='2682' />
    <tag k='addr:place' v='San Polo' />
  </node>
  <node id='-37872427' action='modify' visible='true' lat='45.43724887164' lon='12.32733034786'>
    <tag k='addr:housenumber' v='2566a' />
    <tag k='addr:place' v='San Polo' />
  </node>
  <node id='-37872428' action='modify' visible='true' lat='45.43707524051' lon='12.33155507396'>
    <tag k='addr:housenumber' v='1364' />
    <tag k='addr:place' v='San Polo' />
  </node>
  <node id='-37872429' action='modify' visible='true' lat='45.43965607624' lon='12.33431343895'>
    <tag k='addr:housenumber' v='309' />
    <tag k='addr:place' v='San Polo' />
  </node>
  <node id='-37872430' action='modify' visible='true' lat='45.43917774413' lon='12.32925957391'>
    <tag k='addr:housenumber' v='2217' />
    <tag k='addr:place' v='San Polo' />
  </node>
  <node id='-37872431' action='modify' visible='true' lat='45.43723133708' lon='12.33063499537'>
    <tag k='addr:housenumber' v='1968' />
    <tag k='addr:place' v='San Polo' />
  </node>
  <node id='-37872432' action='modify' visible='true' lat='45.43850565585' lon='12.33292110585'>
    <tag k='addr:housenumber' v='911' />
    <tag k='addr:place' v='San Polo' />
  </node>
  <node id='-37872433' action='modify' visible='true' lat='45.43818993927' lon='12.33169172985'>
    <tag k='addr:housenumber' v='1510' />
    <tag k='addr:place' v='San Polo' />
  </node>
  <node id='-37872434' action='modify' visible='true' lat='45.43809299517' lon='12.32487467672'>
    <tag k='addr:housenumber' v='2464q' />
    <tag k='addr:place' v='San Polo' />
  </node>
  <node id='-37872435' action='modify' visible='true' lat='45.43861650114' lon='12.32601044579'>
    <tag k='addr:housenumber' v='2440' />
    <tag k='addr:place' v='San Polo' />
  </node>
  <node id='-37872436' action='modify' visible='true' lat='45.44021651788' lon='12.3332591353'>
    <tag k='addr:housenumber' v='1778' />
    <tag k='addr:place' v='San Polo' />
  </node>
  <node id='-37872437' action='modify' visible='true' lat='45.43986745912' lon='12.33319038944'>
    <tag k='addr:housenumber' v='1622' />
    <tag k='addr:place' v='San Polo' />
  </node>
  <node id='-37872438' action='modify' visible='true' lat='45.43907417624' lon='12.33346249467'>
    <tag k='addr:housenumber' v='849c' />
    <tag k='addr:place' v='San Polo' />
  </node>
  <node id='-37872439' action='modify' visible='true' lat='45.44019517492' lon='12.33329493254'>
    <tag k='addr:housenumber' v='1779' />
    <tag k='addr:place' v='San Polo' />
  </node>
  <node id='-37872440' action='modify' visible='true' lat='45.43923504733' lon='12.33417805065'>
    <tag k='addr:housenumber' v='272' />
    <tag k='addr:place' v='San Polo' />
  </node>
  <node id='-37872441' action='modify' visible='true' lat='45.43614539252' lon='12.32755432572'>
    <tag k='addr:housenumber' v='2843' />
    <tag k='addr:place' v='San Polo' />
  </node>
  <node id='-37872442' action='modify' visible='true' lat='45.43790267168' lon='12.32645767574'>
    <tag k='addr:housenumber' v='2484' />
    <tag k='addr:place' v='San Polo' />
  </node>
  <node id='-37872443' action='modify' visible='true' lat='45.43893660396' lon='12.33516059394'>
    <tag k='addr:housenumber' v='119' />
    <tag k='addr:place' v='San Polo' />
  </node>
  <node id='-37872444' action='modify' visible='true' lat='45.43986642398' lon='12.33258378311'>
    <tag k='addr:housenumber' v='1765' />
    <tag k='addr:place' v='San Polo' />
  </node>
  <node id='-37872445' action='modify' visible='true' lat='45.4375219839' lon='12.33148827082'>
    <tag k='addr:housenumber' v='1478a' />
    <tag k='addr:place' v='San Polo' />
  </node>
  <node id='-37872446' action='modify' visible='true' lat='45.43794720297' lon='12.3271724145'>
    <tag k='addr:housenumber' v='2531' />
    <tag k='addr:place' v='San Polo' />
  </node>
  <node id='-37872447' action='modify' visible='true' lat='45.43910521551' lon='12.33422469055'>
    <tag k='addr:housenumber' v='395' />
    <tag k='addr:place' v='San Polo' />
  </node>
  <node id='-37872448' action='modify' visible='true' lat='45.43890656052' lon='12.33497744951'>
    <tag k='addr:housenumber' v='117' />
    <tag k='addr:place' v='San Polo' />
  </node>
  <node id='-37872449' action='modify' visible='true' lat='45.43639910948' lon='12.32966379109'>
    <tag k='addr:housenumber' v='2067' />
    <tag k='addr:place' v='San Polo' />
  </node>
  <node id='-37872450' action='modify' visible='true' lat='45.43798353838' lon='12.32730078582'>
    <tag k='addr:housenumber' v='2528' />
    <tag k='addr:place' v='San Polo' />
  </node>
  <node id='-37872451' action='modify' visible='true' lat='45.43853466095' lon='12.32424996175'>
    <tag k='addr:housenumber' v='2464i' />
    <tag k='addr:place' v='San Polo' />
  </node>
  <node id='-37872452' action='modify' visible='true' lat='45.43808737401' lon='12.32641716466'>
    <tag k='addr:housenumber' v='2474' />
    <tag k='addr:place' v='San Polo' />
  </node>
  <node id='-37872453' action='modify' visible='true' lat='45.43879566453' lon='12.33476353034'>
    <tag k='addr:housenumber' v='42' />
    <tag k='addr:place' v='San Polo' />
  </node>
  <node id='-37872454' action='modify' visible='true' lat='45.43919440449' lon='12.33448597271'>
    <tag k='addr:housenumber' v='238' />
    <tag k='addr:place' v='San Polo' />
  </node>
  <node id='-37872455' action='modify' visible='true' lat='45.4382058815' lon='12.33205821101'>
    <tag k='addr:housenumber' v='1278b' />
    <tag k='addr:place' v='San Polo' />
  </node>
  <node id='-37872456' action='modify' visible='true' lat='45.43851355314' lon='12.33510644629'>
    <tag k='addr:housenumber' v='65' />
    <tag k='addr:place' v='San Polo' />
  </node>
  <node id='-37872457' action='modify' visible='true' lat='45.43748469262' lon='12.33133330693'>
    <tag k='addr:housenumber' v='1489' />
    <tag k='addr:place' v='San Polo' />
  </node>
  <node id='-37872458' action='modify' visible='true' lat='45.43582389878' lon='12.32760754816'>
    <tag k='addr:housenumber' v='2870b' />
    <tag k='addr:place' v='San Polo' />
  </node>
  <node id='-37872459' action='modify' visible='true' lat='45.43800891048' lon='12.32739042429'>
    <tag k='addr:housenumber' v='2526' />
    <tag k='addr:place' v='San Polo' />
  </node>
  <node id='-37872460' action='modify' visible='true' lat='45.43831993238' lon='12.32607142839'>
    <tag k='addr:housenumber' v='2454' />
    <tag k='addr:place' v='San Polo' />
  </node>
  <node id='-37872461' action='modify' visible='true' lat='45.44002820962' lon='12.33237913352'>
    <tag k='addr:housenumber' v='1843' />
    <tag k='addr:place' v='San Polo' />
  </node>
  <node id='-37872462' action='modify' visible='true' lat='45.43910485435' lon='12.3293574873'>
    <tag k='addr:housenumber' v='2219' />
    <tag k='addr:place' v='San Polo' />
  </node>
  <node id='-37872463' action='modify' visible='true' lat='45.43942806895' lon='12.3345447556'>
    <tag k='addr:housenumber' v='255' />
    <tag k='addr:place' v='San Polo' />
  </node>
  <node id='-37872464' action='modify' visible='true' lat='45.43710553414' lon='12.33249874095'>
    <tag k='addr:housenumber' v='1179' />
    <tag k='addr:place' v='San Polo' />
  </node>
  <node id='-37872465' action='modify' visible='true' lat='45.43997017451' lon='12.33249977939'>
    <tag k='addr:housenumber' v='1848a' />
    <tag k='addr:place' v='San Polo' />
  </node>
  <node id='-37872466' action='modify' visible='true' lat='45.43813144459' lon='12.33226035412'>
    <tag k='addr:housenumber' v='1264' />
    <tag k='addr:place' v='San Polo' />
  </node>
  <node id='-37872467' action='modify' visible='true' lat='45.43636329981' lon='12.32986071463'>
    <tag k='addr:housenumber' v='2040' />
    <tag k='addr:place' v='San Polo' />
  </node>
  <node id='-37872468' action='modify' visible='true' lat='45.44004069976' lon='12.33240969809'>
    <tag k='addr:housenumber' v='1834' />
    <tag k='addr:place' v='San Polo' />
  </node>
  <node id='-37872469' action='modify' visible='true' lat='45.43887450532' lon='12.33438961957'>
    <tag k='addr:housenumber' v='408' />
    <tag k='addr:place' v='San Polo' />
  </node>
  <node id='-37872470' action='modify' visible='true' lat='45.43864182276' lon='12.33108295615'>
    <tag k='addr:housenumber' v='1911' />
    <tag k='addr:place' v='San Polo' />
  </node>
  <node id='-37872471' action='modify' visible='true' lat='45.43828706884' lon='12.32560549322'>
    <tag k='addr:housenumber' v='2468b' />
    <tag k='addr:place' v='San Polo' />
  </node>
  <node id='-37872472' action='modify' visible='true' lat='45.4401017178' lon='12.33224792253'>
    <tag k='addr:housenumber' v='1841' />
    <tag k='addr:place' v='San Polo' />
  </node>
  <node id='-37872473' action='modify' visible='true' lat='45.436874305' lon='12.32880040436'>
    <tag k='addr:housenumber' v='2734' />
    <tag k='addr:place' v='San Polo' />
  </node>
  <node id='-37872474' action='modify' visible='true' lat='45.4394351475' lon='12.3321315337'>
    <tag k='addr:housenumber' v='1753' />
    <tag k='addr:place' v='San Polo' />
  </node>
  <node id='-37872475' action='modify' visible='true' lat='45.43881273861' lon='12.3291466737'>
    <tag k='addr:housenumber' v='2203' />
    <tag k='addr:place' v='San Polo' />
  </node>
  <node id='-37872476' action='modify' visible='true' lat='45.43866565333' lon='12.32657329589'>
    <tag k='addr:housenumber' v='2416a' />
    <tag k='addr:place' v='San Polo' />
  </node>
  <node id='-37872477' action='modify' visible='true' lat='45.43893665371' lon='12.33208504592'>
    <tag k='addr:housenumber' v='1891' />
    <tag k='addr:place' v='San Polo' />
  </node>
  <node id='-37872478' action='modify' visible='true' lat='45.43926611421' lon='12.33197399864'>
    <tag k='addr:housenumber' v='1882' />
    <tag k='addr:place' v='San Polo' />
  </node>
  <node id='-37872479' action='modify' visible='true' lat='45.43685452968' lon='12.33108327542'>
    <tag k='addr:housenumber' v='1445' />
    <tag k='addr:place' v='San Polo' />
  </node>
  <node id='-37872480' action='modify' visible='true' lat='45.43857139672' lon='12.33200302883'>
    <tag k='addr:housenumber' v='1530' />
    <tag k='addr:place' v='San Polo' />
  </node>
  <node id='-37872481' action='modify' visible='true' lat='45.43841681954' lon='12.32642920996'>
    <tag k='addr:housenumber' v='2372a' />
    <tag k='addr:place' v='San Polo' />
  </node>
  <node id='-37872482' action='modify' visible='true' lat='45.43812113204' lon='12.33150792238'>
    <tag k='addr:housenumber' v='1500a' />
    <tag k='addr:place' v='San Polo' />
  </node>
  <node id='-37872483' action='modify' visible='true' lat='45.43942349106' lon='12.33298949613'>
    <tag k='addr:housenumber' v='1594' />
    <tag k='addr:place' v='San Polo' />
  </node>
  <node id='-37872484' action='modify' visible='true' lat='45.43797273022' lon='12.32751464772'>
    <tag k='addr:housenumber' v='2518a' />
    <tag k='addr:place' v='San Polo' />
  </node>
  <node id='-37872485' action='modify' visible='true' lat='45.4383349403' lon='12.32521614486'>
    <tag k='addr:housenumber' v='2467' />
    <tag k='addr:place' v='San Polo' />
  </node>
  <node id='-37872486' action='modify' visible='true' lat='45.43823235883' lon='12.33366465912'>
    <tag k='addr:housenumber' v='788' />
    <tag k='addr:place' v='San Polo' />
  </node>
  <node id='-37872487' action='modify' visible='true' lat='45.43609691854' lon='12.32765082501'>
    <tag k='addr:housenumber' v='2822' />
    <tag k='addr:place' v='San Polo' />
  </node>
  <node id='-37872488' action='modify' visible='true' lat='45.43921185945' lon='12.33480297002'>
    <tag k='addr:housenumber' v='226b' />
    <tag k='addr:place' v='San Polo' />
  </node>
  <node id='-37872489' action='modify' visible='true' lat='45.43920460866' lon='12.33251904463'>
    <tag k='addr:housenumber' v='1564' />
    <tag k='addr:place' v='San Polo' />
  </node>
  <node id='-37872490' action='modify' visible='true' lat='45.43919928851' lon='12.33213742632'>
    <tag k='addr:housenumber' v='1746a' />
    <tag k='addr:place' v='San Polo' />
  </node>
  <node id='-37872491' action='modify' visible='true' lat='45.43814058459' lon='12.33438086854'>
    <tag k='addr:housenumber' v='632' />
    <tag k='addr:place' v='San Polo' />
  </node>
  <node id='-37872492' action='modify' visible='true' lat='45.43902205985' lon='12.33480657434'>
    <tag k='addr:housenumber' v='111' />
    <tag k='addr:place' v='San Polo' />
  </node>
  <node id='-37872493' action='modify' visible='true' lat='45.43862343068' lon='12.33178912815'>
    <tag k='addr:housenumber' v='1517' />
    <tag k='addr:place' v='San Polo' />
  </node>
  <node id='-37872494' action='modify' visible='true' lat='45.4378787868' lon='12.33281571742'>
    <tag k='addr:housenumber' v='1061' />
    <tag k='addr:place' v='San Polo' />
  </node>
  <node id='-37872495' action='modify' visible='true' lat='45.43617814878' lon='12.32889442996'>
    <tag k='addr:housenumber' v='2762' />
    <tag k='addr:place' v='San Polo' />
  </node>
  <node id='-37872496' action='modify' visible='true' lat='45.44008646207' lon='12.33301620443'>
    <tag k='addr:housenumber' v='1633' />
    <tag k='addr:place' v='San Polo' />
  </node>
  <node id='-37872497' action='modify' visible='true' lat='45.43823212725' lon='12.32984733312'>
    <tag k='addr:housenumber' v='2181' />
    <tag k='addr:place' v='San Polo' />
  </node>
  <node id='-37872498' action='modify' visible='true' lat='45.43967263618' lon='12.3324969954'>
    <tag k='addr:housenumber' v='1685' />
    <tag k='addr:place' v='San Polo' />
  </node>
  <node id='-37872499' action='modify' visible='true' lat='45.43940637858' lon='12.33296047817'>
    <tag k='addr:housenumber' v='1577' />
    <tag k='addr:place' v='San Polo' />
  </node>
  <node id='-37872500' action='modify' visible='true' lat='45.4371841648' lon='12.32803095295'>
    <tag k='addr:housenumber' v='2603a' />
    <tag k='addr:place' v='San Polo' />
  </node>
  <node id='-37872501' action='modify' visible='true' lat='45.4387605008' lon='12.33290886996'>
    <tag k='addr:housenumber' v='894' />
    <tag k='addr:place' v='San Polo' />
  </node>
  <node id='-37872502' action='modify' visible='true' lat='45.43809937552' lon='12.33399141312'>
    <tag k='addr:housenumber' v='661' />
    <tag k='addr:place' v='San Polo' />
  </node>
  <node id='-37872503' action='modify' visible='true' lat='45.43801932127' lon='12.33541385073'>
    <tag k='addr:housenumber' v='722' />
    <tag k='addr:place' v='San Polo' />
  </node>
  <node id='-37872504' action='modify' visible='true' lat='45.43904404289' lon='12.33477596227'>
    <tag k='addr:housenumber' v='110' />
    <tag k='addr:place' v='San Polo' />
  </node>
  <node id='-37872505' action='modify' visible='true' lat='45.43873635818' lon='12.33398846893'>
    <tag k='addr:housenumber' v='420' />
    <tag k='addr:place' v='San Polo' />
  </node>
  <node id='-37872506' action='modify' visible='true' lat='45.43737982431' lon='12.33267394912'>
    <tag k='addr:housenumber' v='1145' />
    <tag k='addr:place' v='San Polo' />
  </node>
  <node id='-37872507' action='modify' visible='true' lat='45.43787596847' lon='12.32645699186'>
    <tag k='addr:housenumber' v='2483a' />
    <tag k='addr:place' v='San Polo' />
  </node>
  <node id='-37872508' action='modify' visible='true' lat='45.43708120286' lon='12.32452916946'>
    <tag k='addr:housenumber' v='3098' />
    <tag k='addr:place' v='San Polo' />
  </node>
  <node id='-37872509' action='modify' visible='true' lat='45.43564474898' lon='12.32728467281'>
    <tag k='addr:housenumber' v='2889a' />
    <tag k='addr:place' v='San Polo' />
  </node>
  <node id='-37872510' action='modify' visible='true' lat='45.43801348958' lon='12.32981893643'>
    <tag k='addr:housenumber' v='2168' />
    <tag k='addr:place' v='San Polo' />
  </node>
  <node id='-37872511' action='modify' visible='true' lat='45.43850357123' lon='12.32742739012'>
    <tag k='addr:housenumber' v='2355a' />
    <tag k='addr:place' v='San Polo' />
  </node>
  <node id='-37872512' action='modify' visible='true' lat='45.43944049465' lon='12.33278834804'>
    <tag k='addr:housenumber' v='1573' />
    <tag k='addr:place' v='San Polo' />
  </node>
  <node id='-37872513' action='modify' visible='true' lat='45.43867204229' lon='12.33257729504'>
    <tag k='addr:housenumber' v='917' />
    <tag k='addr:place' v='San Polo' />
  </node>
  <node id='-37872514' action='modify' visible='true' lat='45.43677355067' lon='12.33048123745'>
    <tag k='addr:housenumber' v='2000a' />
    <tag k='addr:place' v='San Polo' />
  </node>
  <node id='-37872515' action='modify' visible='true' lat='45.4365611442' lon='12.32738727985'>
    <tag k='addr:housenumber' v='2979' />
    <tag k='addr:place' v='San Polo' />
  </node>
  <node id='-37872516' action='modify' visible='true' lat='45.43587693689' lon='12.32750603609'>
    <tag k='addr:housenumber' v='2871' />
    <tag k='addr:place' v='San Polo' />
  </node>
  <node id='-37872517' action='modify' visible='true' lat='45.43774898468' lon='12.33202333938'>
    <tag k='addr:housenumber' v='1302' />
    <tag k='addr:place' v='San Polo' />
  </node>
  <node id='-37872518' action='modify' visible='true' lat='45.43723995192' lon='12.32875270306'>
    <tag k='addr:housenumber' v='2669' />
    <tag k='addr:place' v='San Polo' />
  </node>
  <node id='-37872519' action='modify' visible='true' lat='45.43842237188' lon='12.33120629422'>
    <tag k='addr:housenumber' v='1514a' />
    <tag k='addr:place' v='San Polo' />
  </node>
  <node id='-37872520' action='modify' visible='true' lat='45.43756570202' lon='12.3240896955'>
    <tag k='addr:housenumber' v='3078m' />
    <tag k='addr:place' v='San Polo' />
  </node>
  <node id='-37872521' action='modify' visible='true' lat='45.43669223705' lon='12.32981669792'>
    <tag k='addr:housenumber' v='2076' />
    <tag k='addr:place' v='San Polo' />
  </node>
  <node id='-37872522' action='modify' visible='true' lat='45.43698039132' lon='12.33037559672'>
    <tag k='addr:housenumber' v='2006' />
    <tag k='addr:place' v='San Polo' />
  </node>
  <node id='-37872523' action='modify' visible='true' lat='45.43590619267' lon='12.32812049885'>
    <tag k='addr:housenumber' v='2809c' />
    <tag k='addr:place' v='San Polo' />
  </node>
  <node id='-37872524' action='modify' visible='true' lat='45.43949112788' lon='12.3335250754'>
    <tag k='addr:housenumber' v='360a' />
    <tag k='addr:place' v='San Polo' />
  </node>
  <node id='-37872525' action='modify' visible='true' lat='45.43764745834' lon='12.32939818515'>
    <tag k='addr:housenumber' v='2125a' />
    <tag k='addr:place' v='San Polo' />
  </node>
  <node id='-37872526' action='modify' visible='true' lat='45.43831760996' lon='12.3291162598'>
    <tag k='addr:housenumber' v='2162d' />
    <tag k='addr:place' v='San Polo' />
  </node>
  <node id='-37872527' action='modify' visible='true' lat='45.43651989557' lon='12.32876323478'>
    <tag k='addr:housenumber' v='2757a' />
    <tag k='addr:place' v='San Polo' />
  </node>
  <node id='-37872528' action='modify' visible='true' lat='45.43712828956' lon='12.32458623006'>
    <tag k='addr:housenumber' v='3074' />
    <tag k='addr:place' v='San Polo' />
  </node>
  <node id='-37872529' action='modify' visible='true' lat='45.43828540533' lon='12.32363809092'>
    <tag k='addr:housenumber' v='3073t' />
    <tag k='addr:place' v='San Polo' />
  </node>
  <node id='-37872530' action='modify' visible='true' lat='45.44028727424' lon='12.33267967304'>
    <tag k='addr:housenumber' v='1803a' />
    <tag k='addr:place' v='San Polo' />
  </node>
  <node id='-37872531' action='modify' visible='true' lat='45.43618697025' lon='12.3272216337'>
    <tag k='addr:housenumber' v='2851a' />
    <tag k='addr:place' v='San Polo' />
  </node>
  <node id='-37872532' action='modify' visible='true' lat='45.43943055649' lon='12.33236128847'>
    <tag k='addr:housenumber' v='1729' />
    <tag k='addr:place' v='San Polo' />
  </node>
  <node id='-37872533' action='modify' visible='true' lat='45.43958312636' lon='12.33446050521'>
    <tag k='addr:housenumber' v='283' />
    <tag k='addr:place' v='San Polo' />
  </node>
  <node id='-37872534' action='modify' visible='true' lat='45.4395098077' lon='12.33406623553'>
    <tag k='addr:housenumber' v='312a' />
    <tag k='addr:place' v='San Polo' />
  </node>
  <node id='-37872535' action='modify' visible='true' lat='45.43951236727' lon='12.33223037804'>
    <tag k='addr:housenumber' v='1725a' />
    <tag k='addr:place' v='San Polo' />
  </node>
  <node id='-37872536' action='modify' visible='true' lat='45.43938499369' lon='12.33300426318'>
    <tag k='addr:housenumber' v='1578' />
    <tag k='addr:place' v='San Polo' />
  </node>
  <node id='-37872537' action='modify' visible='true' lat='45.43703779015' lon='12.32769174957'>
    <tag k='addr:housenumber' v='2599' />
    <tag k='addr:place' v='San Polo' />
  </node>
  <node id='-37872538' action='modify' visible='true' lat='45.43596224273' lon='12.32669135312'>
    <tag k='addr:housenumber' v='2922' />
    <tag k='addr:place' v='San Polo' />
  </node>
  <node id='-37872539' action='modify' visible='true' lat='45.44010320135' lon='12.33280258828'>
    <tag k='addr:housenumber' v='1796' />
    <tag k='addr:place' v='San Polo' />
  </node>
  <node id='-37872540' action='modify' visible='true' lat='45.43852306151' lon='12.33357494485'>
    <tag k='addr:housenumber' v='460' />
    <tag k='addr:place' v='San Polo' />
  </node>
  <node id='-37872541' action='modify' visible='true' lat='45.43620865551' lon='12.32784331827'>
    <tag k='addr:housenumber' v='2816' />
    <tag k='addr:place' v='San Polo' />
  </node>
  <node id='-37872542' action='modify' visible='true' lat='45.43793348449' lon='12.3328691317'>
    <tag k='addr:housenumber' v='1069' />
    <tag k='addr:place' v='San Polo' />
  </node>
  <node id='-37872543' action='modify' visible='true' lat='45.43925860171' lon='12.3322881066'>
    <tag k='addr:housenumber' v='1738' />
    <tag k='addr:place' v='San Polo' />
  </node>
  <node id='-37872544' action='modify' visible='true' lat='45.43980388352' lon='12.33385447516'>
    <tag k='addr:housenumber' v='341' />
    <tag k='addr:place' v='San Polo' />
  </node>
  <node id='-37872545' action='modify' visible='true' lat='45.43729525257' lon='12.33407775607'>
    <tag k='addr:housenumber' v='744' />
    <tag k='addr:place' v='San Polo' />
  </node>
  <node id='-37872546' action='modify' visible='true' lat='45.43863833563' lon='12.32397209667'>
    <tag k='addr:housenumber' v='2464n' />
    <tag k='addr:place' v='San Polo' />
  </node>
  <node id='-37872547' action='modify' visible='true' lat='45.43706230818' lon='12.32422785615'>
    <tag k='addr:housenumber' v='3091' />
    <tag k='addr:place' v='San Polo' />
  </node>
  <node id='-37872548' action='modify' visible='true' lat='45.43786696969' lon='12.32339992402'>
    <tag k='addr:housenumber' v='3077i' />
    <tag k='addr:place' v='San Polo' />
  </node>
  <node id='-37872549' action='modify' visible='true' lat='45.43763170635' lon='12.33226139732'>
    <tag k='addr:housenumber' v='1189' />
    <tag k='addr:place' v='San Polo' />
  </node>
  <node id='-37872550' action='modify' visible='true' lat='45.43957342373' lon='12.33236980953'>
    <tag k='addr:housenumber' v='1711' />
    <tag k='addr:place' v='San Polo' />
  </node>
  <node id='-37872551' action='modify' visible='true' lat='45.43842519723' lon='12.32859389081'>
    <tag k='addr:housenumber' v='2342' />
    <tag k='addr:place' v='San Polo' />
  </node>
  <node id='-37872552' action='modify' visible='true' lat='45.43835072881' lon='12.33357450917'>
    <tag k='addr:housenumber' v='806' />
    <tag k='addr:place' v='San Polo' />
  </node>
  <node id='-37872553' action='modify' visible='true' lat='45.4359908238' lon='12.32656630012'>
    <tag k='addr:housenumber' v='2926' />
    <tag k='addr:place' v='San Polo' />
  </node>
  <node id='-37872554' action='modify' visible='true' lat='45.43716532483' lon='12.3245038165'>
    <tag k='addr:housenumber' v='3075' />
    <tag k='addr:place' v='San Polo' />
  </node>
  <node id='-37872555' action='modify' visible='true' lat='45.43757958909' lon='12.32943972671'>
    <tag k='addr:housenumber' v='2124' />
    <tag k='addr:place' v='San Polo' />
  </node>
  <node id='-37872556' action='modify' visible='true' lat='45.43549864651' lon='12.32745026039'>
    <tag k='addr:housenumber' v='2894' />
    <tag k='addr:place' v='San Polo' />
  </node>
  <node id='-37872557' action='modify' visible='true' lat='45.43760799346' lon='12.33409992357'>
    <tag k='addr:housenumber' v='752' />
    <tag k='addr:place' v='San Polo' />
  </node>
  <node id='-37872558' action='modify' visible='true' lat='45.43541809919' lon='12.32755370399'>
    <tag k='addr:housenumber' v='2895' />
    <tag k='addr:place' v='San Polo' />
  </node>
  <node id='-37872559' action='modify' visible='true' lat='45.43783081609' lon='12.33372705316'>
    <tag k='addr:housenumber' v='762' />
    <tag k='addr:place' v='San Polo' />
  </node>
  <node id='-37872560' action='modify' visible='true' lat='45.43742377254' lon='12.33172263629'>
    <tag k='addr:housenumber' v='1343' />
    <tag k='addr:place' v='San Polo' />
  </node>
  <node id='-37872561' action='modify' visible='true' lat='45.43880087203' lon='12.32630851181'>
    <tag k='addr:housenumber' v='2426' />
    <tag k='addr:place' v='San Polo' />
  </node>
  <node id='-37872562' action='modify' visible='true' lat='45.43742311634' lon='12.33190460494'>
    <tag k='addr:housenumber' v='1220' />
    <tag k='addr:place' v='San Polo' />
  </node>
  <node id='-37872563' action='modify' visible='true' lat='45.43910698796' lon='12.32914124439'>
    <tag k='addr:housenumber' v='2240a' />
    <tag k='addr:place' v='San Polo' />
  </node>
  <node id='-37872564' action='modify' visible='true' lat='45.43637248364' lon='12.32545164681'>
    <tag k='addr:housenumber' v='3110' />
    <tag k='addr:place' v='San Polo' />
  </node>
  <node id='-37872565' action='modify' visible='true' lat='45.43673757502' lon='12.32875110836'>
    <tag k='addr:housenumber' v='2725' />
    <tag k='addr:place' v='San Polo' />
  </node>
  <node id='-37872566' action='modify' visible='true' lat='45.43913740957' lon='12.33374854128'>
    <tag k='addr:housenumber' v='830' />
    <tag k='addr:place' v='San Polo' />
  </node>
  <node id='-37872567' action='modify' visible='true' lat='45.43874854074' lon='12.32628052083'>
    <tag k='addr:housenumber' v='2430' />
    <tag k='addr:place' v='San Polo' />
  </node>
  <node id='-37872568' action='modify' visible='true' lat='45.43617477509' lon='12.32724910587'>
    <tag k='addr:housenumber' v='2850' />
    <tag k='addr:place' v='San Polo' />
  </node>
  <node id='-37872569' action='modify' visible='true' lat='45.43848919017' lon='12.32719036228'>
    <tag k='addr:housenumber' v='2361a' />
    <tag k='addr:place' v='San Polo' />
  </node>
  <node id='-37872570' action='modify' visible='true' lat='45.43947541911' lon='12.33351263729'>
    <tag k='addr:housenumber' v='360b' />
    <tag k='addr:place' v='San Polo' />
  </node>
  <node id='-37872571' action='modify' visible='true' lat='45.4371804543' lon='12.32768510014'>
    <tag k='addr:housenumber' v='2584' />
    <tag k='addr:place' v='San Polo' />
  </node>
  <node id='-37872572' action='modify' visible='true' lat='45.43933752319' lon='12.33482253232'>
    <tag k='addr:housenumber' v='205' />
    <tag k='addr:place' v='San Polo' />
  </node>
  <node id='-37872573' action='modify' visible='true' lat='45.43832824693' lon='12.33400593962'>
    <tag k='addr:housenumber' v='652' />
    <tag k='addr:place' v='San Polo' />
  </node>
  <node id='-37872574' action='modify' visible='true' lat='45.43564429351' lon='12.32763795319'>
    <tag k='addr:housenumber' v='2884' />
    <tag k='addr:place' v='San Polo' />
  </node>
  <node id='-37872575' action='modify' visible='true' lat='45.43606286557' lon='12.32677870585'>
    <tag k='addr:housenumber' v='2920' />
    <tag k='addr:place' v='San Polo' />
  </node>
  <node id='-37872576' action='modify' visible='true' lat='45.43833192538' lon='12.33384109431'>
    <tag k='addr:housenumber' v='783' />
    <tag k='addr:place' v='San Polo' />
  </node>
  <node id='-37872577' action='modify' visible='true' lat='45.43867558457' lon='12.32647951966'>
    <tag k='addr:housenumber' v='2418' />
    <tag k='addr:place' v='San Polo' />
  </node>
  <node id='-37872578' action='modify' visible='true' lat='45.43667300545' lon='12.32668613464'>
    <tag k='addr:housenumber' v='3011' />
    <tag k='addr:place' v='San Polo' />
  </node>
  <node id='-37872579' action='modify' visible='true' lat='45.43892483575' lon='12.33494856167'>
    <tag k='addr:housenumber' v='116' />
    <tag k='addr:place' v='San Polo' />
  </node>
  <node id='-37872580' action='modify' visible='true' lat='45.4362642022' lon='12.32704765234'>
    <tag k='addr:housenumber' v='2856' />
    <tag k='addr:place' v='San Polo' />
  </node>
  <node id='-37872581' action='modify' visible='true' lat='45.43660954773' lon='12.32824377274'>
    <tag k='addr:housenumber' v='2700' />
    <tag k='addr:place' v='San Polo' />
  </node>
  <node id='-37872582' action='modify' visible='true' lat='45.43667375436' lon='12.32805916987'>
    <tag k='addr:housenumber' v='2705c' />
    <tag k='addr:place' v='San Polo' />
  </node>
  <node id='-37872583' action='modify' visible='true' lat='45.43867384009' lon='12.3264502443'>
    <tag k='addr:housenumber' v='2418a' />
    <tag k='addr:place' v='San Polo' />
  </node>
  <node id='-37872584' action='modify' visible='true' lat='45.44011944462' lon='12.33282164146'>
    <tag k='addr:housenumber' v='1795' />
    <tag k='addr:place' v='San Polo' />
  </node>
  <node id='-37872585' action='modify' visible='true' lat='45.43793602095' lon='12.33458416668'>
    <tag k='addr:housenumber' v='630' />
    <tag k='addr:place' v='San Polo' />
  </node>
  <node id='-37872586' action='modify' visible='true' lat='45.43798122015' lon='12.33196756602'>
    <tag k='addr:housenumber' v='1289' />
    <tag k='addr:place' v='San Polo' />
  </node>
  <node id='-37872587' action='modify' visible='true' lat='45.43584336606' lon='12.32742922137'>
    <tag k='addr:housenumber' v='2869b' />
    <tag k='addr:place' v='San Polo' />
  </node>
  <node id='-37872588' action='modify' visible='true' lat='45.4366788278' lon='12.32466978972'>
    <tag k='addr:housenumber' v='3106' />
    <tag k='addr:place' v='San Polo' />
  </node>
  <node id='-37872589' action='modify' visible='true' lat='45.43832442673' lon='12.33326303231'>
    <tag k='addr:housenumber' v='985' />
    <tag k='addr:place' v='San Polo' />
  </node>
  <node id='-37872590' action='modify' visible='true' lat='45.43662233423' lon='12.32701394847'>
    <tag k='addr:housenumber' v='2974' />
    <tag k='addr:place' v='San Polo' />
  </node>
  <node id='-37872591' action='modify' visible='true' lat='45.43840980897' lon='12.32973560377'>
    <tag k='addr:housenumber' v='2192' />
    <tag k='addr:place' v='San Polo' />
  </node>
  <node id='-37872592' action='modify' visible='true' lat='45.4387438048' lon='12.32632009539'>
    <tag k='addr:housenumber' v='2424' />
    <tag k='addr:place' v='San Polo' />
  </node>
  <node id='-37872593' action='modify' visible='true' lat='45.43879466254' lon='12.3293403969'>
    <tag k='addr:housenumber' v='2226' />
    <tag k='addr:place' v='San Polo' />
  </node>
  <node id='-37872594' action='modify' visible='true' lat='45.43849408589' lon='12.33110621146'>
    <tag k='addr:housenumber' v='1934a' />
    <tag k='addr:place' v='San Polo' />
  </node>
  <node id='-37872595' action='modify' visible='true' lat='45.43724843581' lon='12.32827962849'>
    <tag k='addr:housenumber' v='2655a' />
    <tag k='addr:place' v='San Polo' />
  </node>
  <node id='-37872596' action='modify' visible='true' lat='45.43806938988' lon='12.32760100293'>
    <tag k='addr:housenumber' v='2516' />
    <tag k='addr:place' v='San Polo' />
  </node>
  <node id='-37872597' action='modify' visible='true' lat='45.43618482312' lon='12.32622815296'>
    <tag k='addr:housenumber' v='3024a' />
    <tag k='addr:place' v='San Polo' />
  </node>
  <node id='-37872598' action='modify' visible='true' lat='45.43636665246' lon='12.32866442952'>
    <tag k='addr:housenumber' v='2767a' />
    <tag k='addr:place' v='San Polo' />
  </node>
  <node id='-37872599' action='modify' visible='true' lat='45.43859780861' lon='12.33471993294'>
    <tag k='addr:housenumber' v='489a' />
    <tag k='addr:place' v='San Polo' />
  </node>
  <node id='-37872600' action='modify' visible='true' lat='45.43739025409' lon='12.32846882'>
    <tag k='addr:housenumber' v='2641' />
    <tag k='addr:place' v='San Polo' />
  </node>
  <node id='-37872601' action='modify' visible='true' lat='45.43739985865' lon='12.32849495238'>
    <tag k='addr:housenumber' v='2642' />
    <tag k='addr:place' v='San Polo' />
  </node>
  <node id='-37872602' action='modify' visible='true' lat='45.43766097929' lon='12.33187980675'>
    <tag k='addr:housenumber' v='1310' />
    <tag k='addr:place' v='San Polo' />
  </node>
  <node id='-37872603' action='modify' visible='true' lat='45.43898318615' lon='12.33412780387'>
    <tag k='addr:housenumber' v='425' />
    <tag k='addr:place' v='San Polo' />
  </node>
  <node id='-37872604' action='modify' visible='true' lat='45.43621389198' lon='12.32625224582'>
    <tag k='addr:housenumber' v='3024' />
    <tag k='addr:place' v='San Polo' />
  </node>
  <node id='-37872605' action='modify' visible='true' lat='45.43585777643' lon='12.32820479864'>
    <tag k='addr:housenumber' v='2813' />
    <tag k='addr:place' v='San Polo' />
  </node>
  <node id='-37872606' action='modify' visible='true' lat='45.43675073852' lon='12.32969183625'>
    <tag k='addr:housenumber' v='2080' />
    <tag k='addr:place' v='San Polo' />
  </node>
  <node id='-37872607' action='modify' visible='true' lat='45.43775024773' lon='12.32745519344'>
    <tag k='addr:housenumber' v='2539' />
    <tag k='addr:place' v='San Polo' />
  </node>
  <node id='-37872608' action='modify' visible='true' lat='45.43793516437' lon='12.33297116173'>
    <tag k='addr:housenumber' v='1045' />
    <tag k='addr:place' v='San Polo' />
  </node>
  <node id='-37872609' action='modify' visible='true' lat='45.43826518592' lon='12.33207286211'>
    <tag k='addr:housenumber' v='942' />
    <tag k='addr:place' v='San Polo' />
  </node>
  <node id='-37872610' action='modify' visible='true' lat='45.43783109281' lon='12.33272100769'>
    <tag k='addr:housenumber' v='1064a' />
    <tag k='addr:place' v='San Polo' />
  </node>
  <node id='-37872611' action='modify' visible='true' lat='45.43682389207' lon='12.32824996658'>
    <tag k='addr:housenumber' v='2689' />
    <tag k='addr:place' v='San Polo' />
  </node>
  <node id='-37872612' action='modify' visible='true' lat='45.4374592364' lon='12.3285262802'>
    <tag k='addr:housenumber' v='2653' />
    <tag k='addr:place' v='San Polo' />
  </node>
  <node id='-37872613' action='modify' visible='true' lat='45.43891839176' lon='12.33319176777'>
    <tag k='addr:housenumber' v='864a' />
    <tag k='addr:place' v='San Polo' />
  </node>
  <node id='-37872614' action='modify' visible='true' lat='45.43862823361' lon='12.33500778138'>
    <tag k='addr:housenumber' v='35' />
    <tag k='addr:place' v='San Polo' />
  </node>
  <node id='-37872615' action='modify' visible='true' lat='45.43927905153' lon='12.33299171381'>
    <tag k='addr:housenumber' v='1582' />
    <tag k='addr:place' v='San Polo' />
  </node>
  <node id='-37872616' action='modify' visible='true' lat='45.43780799326' lon='12.32641614692'>
    <tag k='addr:housenumber' v='2479a' />
    <tag k='addr:place' v='San Polo' />
  </node>
  <node id='-37872617' action='modify' visible='true' lat='45.43646663183' lon='12.32717206277'>
    <tag k='addr:housenumber' v='2958' />
    <tag k='addr:place' v='San Polo' />
  </node>
  <node id='-37872618' action='modify' visible='true' lat='45.43760576122' lon='12.32851912835'>
    <tag k='addr:housenumber' v='2648' />
    <tag k='addr:place' v='San Polo' />
  </node>
  <node id='-37872619' action='modify' visible='true' lat='45.43847770429' lon='12.33532022084'>
    <tag k='addr:housenumber' v='80' />
    <tag k='addr:place' v='San Polo' />
  </node>
  <node id='-37872620' action='modify' visible='true' lat='45.4364459809' lon='12.32875762188'>
    <tag k='addr:housenumber' v='2759' />
    <tag k='addr:place' v='San Polo' />
  </node>
  <node id='-37872621' action='modify' visible='true' lat='45.43921166495' lon='12.3340931933'>
    <tag k='addr:housenumber' v='270' />
    <tag k='addr:place' v='San Polo' />
  </node>
  <node id='-37872622' action='modify' visible='true' lat='45.43637487707' lon='12.32986892481'>
    <tag k='addr:housenumber' v='2039' />
    <tag k='addr:place' v='San Polo' />
  </node>
  <node id='-37872623' action='modify' visible='true' lat='45.43844327473' lon='12.33395412318'>
    <tag k='addr:housenumber' v='779a' />
    <tag k='addr:place' v='San Polo' />
  </node>
  <node id='-37872624' action='modify' visible='true' lat='45.43902067419' lon='12.33319018815'>
    <tag k='addr:housenumber' v='869' />
    <tag k='addr:place' v='San Polo' />
  </node>
  <node id='-37872625' action='modify' visible='true' lat='45.43680567914' lon='12.32822134376'>
    <tag k='addr:housenumber' v='2688' />
    <tag k='addr:place' v='San Polo' />
  </node>
  <node id='-37872626' action='modify' visible='true' lat='45.43790724011' lon='12.32671198244'>
    <tag k='addr:housenumber' v='2493' />
    <tag k='addr:place' v='San Polo' />
  </node>
  <node id='-37872627' action='modify' visible='true' lat='45.43744633339' lon='12.33121017648'>
    <tag k='addr:housenumber' v='1492' />
    <tag k='addr:place' v='San Polo' />
  </node>
  <node id='-37872628' action='modify' visible='true' lat='45.4392578522' lon='12.33247473029'>
    <tag k='addr:housenumber' v='1735a' />
    <tag k='addr:place' v='San Polo' />
  </node>
  <node id='-37872629' action='modify' visible='true' lat='45.4388417421' lon='12.33263461756'>
    <tag k='addr:housenumber' v='1557' />
    <tag k='addr:place' v='San Polo' />
  </node>
  <node id='-37872630' action='modify' visible='true' lat='45.43859421526' lon='12.32649313881'>
    <tag k='addr:housenumber' v='2416' />
    <tag k='addr:place' v='San Polo' />
  </node>
  <node id='-37872631' action='modify' visible='true' lat='45.43835580696' lon='12.33368323493'>
    <tag k='addr:housenumber' v='793' />
    <tag k='addr:place' v='San Polo' />
  </node>
  <node id='-37872632' action='modify' visible='true' lat='45.4365485288' lon='12.32725485671'>
    <tag k='addr:housenumber' v='2975' />
    <tag k='addr:place' v='San Polo' />
  </node>
  <node id='-37872633' action='modify' visible='true' lat='45.43860710669' lon='12.32640909433'>
    <tag k='addr:housenumber' v='2421' />
    <tag k='addr:place' v='San Polo' />
  </node>
  <node id='-37872634' action='modify' visible='true' lat='45.43932492132' lon='12.33192040142'>
    <tag k='addr:housenumber' v='1864' />
    <tag k='addr:place' v='San Polo' />
  </node>
  <node id='-37872635' action='modify' visible='true' lat='45.43831352011' lon='12.32725785946'>
    <tag k='addr:housenumber' v='2389' />
    <tag k='addr:place' v='San Polo' />
  </node>
  <node id='-37872636' action='modify' visible='true' lat='45.4373572207' lon='12.32372855325'>
    <tag k='addr:housenumber' v='3078' />
    <tag k='addr:place' v='San Polo' />
  </node>
  <node id='-37872637' action='modify' visible='true' lat='45.43791075367' lon='12.33418235257'>
    <tag k='addr:housenumber' v='666' />
    <tag k='addr:place' v='San Polo' />
  </node>
  <node id='-37872638' action='modify' visible='true' lat='45.43773864738' lon='12.3322642003'>
    <tag k='addr:housenumber' v='1227' />
    <tag k='addr:place' v='San Polo' />
  </node>
  <node id='-37872639' action='modify' visible='true' lat='45.43734461805' lon='12.3322972966'>
    <tag k='addr:housenumber' v='1193a' />
    <tag k='addr:place' v='San Polo' />
  </node>
  <node id='-37872640' action='modify' visible='true' lat='45.43934881712' lon='12.33446951778'>
    <tag k='addr:housenumber' v='254' />
    <tag k='addr:place' v='San Polo' />
  </node>
  <node id='-37872641' action='modify' visible='true' lat='45.43685426461' lon='12.32826082075'>
    <tag k='addr:housenumber' v='2680c' />
    <tag k='addr:place' v='San Polo' />
  </node>
  <node id='-37872642' action='modify' visible='true' lat='45.43882408681' lon='12.32882729633'>
    <tag k='addr:housenumber' v='2310' />
    <tag k='addr:place' v='San Polo' />
  </node>
  <node id='-37872643' action='modify' visible='true' lat='45.43738997648' lon='12.33246884407'>
    <tag k='addr:housenumber' v='1185' />
    <tag k='addr:place' v='San Polo' />
  </node>
  <node id='-37872644' action='modify' visible='true' lat='45.43761857453' lon='12.32388798697'>
    <tag k='addr:housenumber' v='3077e' />
    <tag k='addr:place' v='San Polo' />
  </node>
  <node id='-37872645' action='modify' visible='true' lat='45.43783316745' lon='12.32879146469'>
    <tag k='addr:housenumber' v='2134' />
    <tag k='addr:place' v='San Polo' />
  </node>
  <node id='-37872646' action='modify' visible='true' lat='45.43810629663' lon='12.33180193972'>
    <tag k='addr:housenumber' v='1291a' />
    <tag k='addr:place' v='San Polo' />
  </node>
  <node id='-37872647' action='modify' visible='true' lat='45.43759403017' lon='12.33214919038'>
    <tag k='addr:housenumber' v='1223' />
    <tag k='addr:place' v='San Polo' />
  </node>
  <node id='-37872648' action='modify' visible='true' lat='45.4380619688' lon='12.33240354907'>
    <tag k='addr:housenumber' v='1261' />
    <tag k='addr:place' v='San Polo' />
  </node>
  <node id='-37872649' action='modify' visible='true' lat='45.43631657694' lon='12.32673914139'>
    <tag k='addr:housenumber' v='2940c' />
    <tag k='addr:place' v='San Polo' />
  </node>
  <node id='-37872650' action='modify' visible='true' lat='45.43609691911' lon='12.32667203087'>
    <tag k='addr:housenumber' v='2929' />
    <tag k='addr:place' v='San Polo' />
  </node>
  <node id='-37872651' action='modify' visible='true' lat='45.43778397955' lon='12.32606985198'>
    <tag k='addr:housenumber' v='2552' />
    <tag k='addr:place' v='San Polo' />
  </node>
  <node id='-37872652' action='modify' visible='true' lat='45.43577420073' lon='12.32666679257'>
    <tag k='addr:housenumber' v='2908' />
    <tag k='addr:place' v='San Polo' />
  </node>
  <node id='-37872653' action='modify' visible='true' lat='45.4387845557' lon='12.328783307'>
    <tag k='addr:housenumber' v='2312' />
    <tag k='addr:place' v='San Polo' />
  </node>
  <node id='-37872654' action='modify' visible='true' lat='45.43806218719' lon='12.32904503184'>
    <tag k='addr:housenumber' v='2151' />
    <tag k='addr:place' v='San Polo' />
  </node>
  <node id='-37872655' action='modify' visible='true' lat='45.43678204939' lon='12.32460320191'>
    <tag k='addr:housenumber' v='3103' />
    <tag k='addr:place' v='San Polo' />
  </node>
  <node id='-37872656' action='modify' visible='true' lat='45.43741902744' lon='12.32440984829'>
    <tag k='addr:housenumber' v='3076a' />
    <tag k='addr:place' v='San Polo' />
  </node>
  <node id='-37872657' action='modify' visible='true' lat='45.43897050371' lon='12.33148903923'>
    <tag k='addr:housenumber' v='1870a' />
    <tag k='addr:place' v='San Polo' />
  </node>
  <node id='-37872658' action='modify' visible='true' lat='45.43603386016' lon='12.32720486268'>
    <tag k='addr:housenumber' v='2864' />
    <tag k='addr:place' v='San Polo' />
  </node>
  <node id='-37872659' action='modify' visible='true' lat='45.43835014654' lon='12.33290054852'>
    <tag k='addr:housenumber' v='949' />
    <tag k='addr:place' v='San Polo' />
  </node>
  <node id='-37872660' action='modify' visible='true' lat='45.43703080479' lon='12.33126899709'>
    <tag k='addr:housenumber' v='1452' />
    <tag k='addr:place' v='San Polo' />
  </node>
  <node id='-37872661' action='modify' visible='true' lat='45.43629101705' lon='12.3274805682'>
    <tag k='addr:housenumber' v='2839' />
    <tag k='addr:place' v='San Polo' />
  </node>
  <node id='-37872662' action='modify' visible='true' lat='45.4366619325' lon='12.32854572711'>
    <tag k='addr:housenumber' v='2722' />
    <tag k='addr:place' v='San Polo' />
  </node>
  <node id='-37872663' action='modify' visible='true' lat='45.43978511653' lon='12.33303275783'>
    <tag k='addr:housenumber' v='1654a' />
    <tag k='addr:place' v='San Polo' />
  </node>
  <node id='-37872664' action='modify' visible='true' lat='45.43883802043' lon='12.33244223778'>
    <tag k='addr:housenumber' v='1549' />
    <tag k='addr:place' v='San Polo' />
  </node>
  <node id='-37872665' action='modify' visible='true' lat='45.43946393992' lon='12.33255722266'>
    <tag k='addr:housenumber' v='1704' />
    <tag k='addr:place' v='San Polo' />
  </node>
  <node id='-37872666' action='modify' visible='true' lat='45.43739932184' lon='12.3310625363'>
    <tag k='addr:housenumber' v='1470' />
    <tag k='addr:place' v='San Polo' />
  </node>
  <node id='-37872667' action='modify' visible='true' lat='45.43878776184' lon='12.33318665627'>
    <tag k='addr:housenumber' v='879' />
    <tag k='addr:place' v='San Polo' />
  </node>
  <node id='-37872668' action='modify' visible='true' lat='45.43838489973' lon='12.32752917794'>
    <tag k='addr:housenumber' v='2514e' />
    <tag k='addr:place' v='San Polo' />
  </node>
  <node id='-37872669' action='modify' visible='true' lat='45.43844973727' lon='12.33332137195'>
    <tag k='addr:housenumber' v='964a' />
    <tag k='addr:place' v='San Polo' />
  </node>
  <node id='-37872670' action='modify' visible='true' lat='45.43647993461' lon='12.32986653787'>
    <tag k='addr:housenumber' v='2053' />
    <tag k='addr:place' v='San Polo' />
  </node>
  <node id='-37872671' action='modify' visible='true' lat='45.43670145643' lon='12.33041674509'>
    <tag k='addr:housenumber' v='2003' />
    <tag k='addr:place' v='San Polo' />
  </node>
  <node id='-37872672' action='modify' visible='true' lat='45.43844987414' lon='12.33363745818'>
    <tag k='addr:housenumber' v='466' />
    <tag k='addr:place' v='San Polo' />
  </node>
  <node id='-37872673' action='modify' visible='true' lat='45.43686491759' lon='12.32914548236'>
    <tag k='addr:housenumber' v='2101' />
    <tag k='addr:place' v='San Polo' />
  </node>
  <node id='-37872674' action='modify' visible='true' lat='45.43882343816' lon='12.33447672629'>
    <tag k='addr:housenumber' v='477' />
    <tag k='addr:place' v='San Polo' />
  </node>
  <node id='-37872675' action='modify' visible='true' lat='45.43795131726' lon='12.33301274524'>
    <tag k='addr:housenumber' v='1043' />
    <tag k='addr:place' v='San Polo' />
  </node>
  <node id='-37872676' action='modify' visible='true' lat='45.43719072376' lon='12.33170113057'>
    <tag k='addr:housenumber' v='1348a' />
    <tag k='addr:place' v='San Polo' />
  </node>
  <node id='-37872677' action='modify' visible='true' lat='45.43894226911' lon='12.32853403297'>
    <tag k='addr:housenumber' v='2273a' />
    <tag k='addr:place' v='San Polo' />
  </node>
  <node id='-37872678' action='modify' visible='true' lat='45.43877078497' lon='12.33276704458'>
    <tag k='addr:housenumber' v='899a' />
    <tag k='addr:place' v='San Polo' />
  </node>
  <node id='-37872679' action='modify' visible='true' lat='45.43722802519' lon='12.32733371723'>
    <tag k='addr:housenumber' v='2592' />
    <tag k='addr:place' v='San Polo' />
  </node>
  <node id='-37872680' action='modify' visible='true' lat='45.43805080194' lon='12.33243515168'>
    <tag k='addr:housenumber' v='1253' />
    <tag k='addr:place' v='San Polo' />
  </node>
  <node id='-37872681' action='modify' visible='true' lat='45.43711587051' lon='12.33035625609'>
    <tag k='addr:housenumber' v='2006b' />
    <tag k='addr:place' v='San Polo' />
  </node>
  <node id='-37872682' action='modify' visible='true' lat='45.43702010743' lon='12.32765352479'>
    <tag k='addr:housenumber' v='2598' />
    <tag k='addr:place' v='San Polo' />
  </node>
  <node id='-37872683' action='modify' visible='true' lat='45.43864250153' lon='12.33181115717'>
    <tag k='addr:housenumber' v='1517a' />
    <tag k='addr:place' v='San Polo' />
  </node>
  <node id='-37872684' action='modify' visible='true' lat='45.43882295481' lon='12.33359137282'>
    <tag k='addr:housenumber' v='845' />
    <tag k='addr:place' v='San Polo' />
  </node>
  <node id='-37872685' action='modify' visible='true' lat='45.43957325509' lon='12.33234561427'>
    <tag k='addr:housenumber' v='1712' />
    <tag k='addr:place' v='San Polo' />
  </node>
  <node id='-37872686' action='modify' visible='true' lat='45.43935354069' lon='12.33370201206'>
    <tag k='addr:housenumber' v='370' />
    <tag k='addr:place' v='San Polo' />
  </node>
  <node id='-37872687' action='modify' visible='true' lat='45.43855404251' lon='12.3330255759'>
    <tag k='addr:housenumber' v='952b' />
    <tag k='addr:place' v='San Polo' />
  </node>
  <node id='-37872688' action='modify' visible='true' lat='45.43741524954' lon='12.33114658725'>
    <tag k='addr:housenumber' v='1472a' />
    <tag k='addr:place' v='San Polo' />
  </node>
  <node id='-37872689' action='modify' visible='true' lat='45.43629964654' lon='12.32702215013'>
    <tag k='addr:housenumber' v='2953' />
    <tag k='addr:place' v='San Polo' />
  </node>
  <node id='-37872690' action='modify' visible='true' lat='45.43647778997' lon='12.32849075356'>
    <tag k='addr:housenumber' v='2755' />
    <tag k='addr:place' v='San Polo' />
  </node>
  <node id='-37872691' action='modify' visible='true' lat='45.4395861321' lon='12.33414683407'>
    <tag k='addr:housenumber' v='311b' />
    <tag k='addr:place' v='San Polo' />
  </node>
  <node id='-37872692' action='modify' visible='true' lat='45.43826553922' lon='12.33353721715'>
    <tag k='addr:housenumber' v='971' />
    <tag k='addr:place' v='San Polo' />
  </node>
  <node id='-37872693' action='modify' visible='true' lat='45.43713927228' lon='12.3280377293'>
    <tag k='addr:housenumber' v='2605a' />
    <tag k='addr:place' v='San Polo' />
  </node>
  <node id='-37872694' action='modify' visible='true' lat='45.43739273306' lon='12.33168584756'>
    <tag k='addr:housenumber' v='1345' />
    <tag k='addr:place' v='San Polo' />
  </node>
  <node id='-37872695' action='modify' visible='true' lat='45.4375551101' lon='12.33214021283'>
    <tag k='addr:housenumber' v='1191' />
    <tag k='addr:place' v='San Polo' />
  </node>
  <node id='-37872696' action='modify' visible='true' lat='45.43874721398' lon='12.33380670704'>
    <tag k='addr:housenumber' v='446' />
    <tag k='addr:place' v='San Polo' />
  </node>
  <node id='-37872697' action='modify' visible='true' lat='45.43690560794' lon='12.32815069395'>
    <tag k='addr:housenumber' v='2680a' />
    <tag k='addr:place' v='San Polo' />
  </node>
  <node id='-37872698' action='modify' visible='true' lat='45.43704258318' lon='12.33264126848'>
    <tag k='addr:housenumber' v='1172' />
    <tag k='addr:place' v='San Polo' />
  </node>
  <node id='-37872699' action='modify' visible='true' lat='45.43781175485' lon='12.33096455685'>
    <tag k='addr:housenumber' v='1950' />
    <tag k='addr:place' v='San Polo' />
  </node>
  <node id='-37872700' action='modify' visible='true' lat='45.44045199737' lon='12.33266473982'>
    <tag k='addr:housenumber' v='1807' />
    <tag k='addr:place' v='San Polo' />
  </node>
  <node id='-37872701' action='modify' visible='true' lat='45.43608301639' lon='12.32582272407'>
    <tag k='addr:housenumber' v='3040a' />
    <tag k='addr:place' v='San Polo' />
  </node>
  <node id='-37872702' action='modify' visible='true' lat='45.43937329514' lon='12.33375798815'>
    <tag k='addr:housenumber' v='317' />
    <tag k='addr:place' v='San Polo' />
  </node>
  <node id='-37872703' action='modify' visible='true' lat='45.43925538921' lon='12.33411134194'>
    <tag k='addr:housenumber' v='271a' />
    <tag k='addr:place' v='San Polo' />
  </node>
  <node id='-37872704' action='modify' visible='true' lat='45.43731501533' lon='12.32751113647'>
    <tag k='addr:housenumber' v='2570' />
    <tag k='addr:place' v='San Polo' />
  </node>
  <node id='-37872705' action='modify' visible='true' lat='45.43841499655' lon='12.33312154156'>
    <tag k='addr:housenumber' v='962' />
    <tag k='addr:place' v='San Polo' />
  </node>
  <node id='-37872706' action='modify' visible='true' lat='45.437233585' lon='12.33109715833'>
    <tag k='addr:housenumber' v='1457' />
    <tag k='addr:place' v='San Polo' />
  </node>
  <node id='-37872707' action='modify' visible='true' lat='45.43894826954' lon='12.33425304526'>
    <tag k='addr:housenumber' v='406' />
    <tag k='addr:place' v='San Polo' />
  </node>
  <node id='-37872708' action='modify' visible='true' lat='45.43805270608' lon='12.32371122575'>
    <tag k='addr:housenumber' v='3080u' />
    <tag k='addr:place' v='San Polo' />
  </node>
  <node id='-37872709' action='modify' visible='true' lat='45.43745464033' lon='12.33442860011'>
    <tag k='addr:housenumber' v='742a' />
    <tag k='addr:place' v='San Polo' />
  </node>
  <node id='-37872710' action='modify' visible='true' lat='45.43612159259' lon='12.32929353055'>
    <tag k='addr:housenumber' v='2765b' />
    <tag k='addr:place' v='San Polo' />
  </node>
  <node id='-37872711' action='modify' visible='true' lat='45.43657962865' lon='12.32991456848'>
    <tag k='addr:housenumber' v='2057' />
    <tag k='addr:place' v='San Polo' />
  </node>
  <node id='-37872712' action='modify' visible='true' lat='45.43900083214' lon='12.33478779343'>
    <tag k='addr:housenumber' v='108' />
    <tag k='addr:place' v='San Polo' />
  </node>
  <node id='-37872713' action='modify' visible='true' lat='45.43959873282' lon='12.33330038054'>
    <tag k='addr:housenumber' v='1611' />
    <tag k='addr:place' v='San Polo' />
  </node>
  <node id='-37872714' action='modify' visible='true' lat='45.43700372167' lon='12.32836664755'>
    <tag k='addr:housenumber' v='2671a' />
    <tag k='addr:place' v='San Polo' />
  </node>
  <node id='-37872715' action='modify' visible='true' lat='45.43740811687' lon='12.3279337453'>
    <tag k='addr:housenumber' v='2610' />
    <tag k='addr:place' v='San Polo' />
  </node>
  <node id='-37872716' action='modify' visible='true' lat='45.43876508431' lon='12.33474762752'>
    <tag k='addr:housenumber' v='54' />
    <tag k='addr:place' v='San Polo' />
  </node>
  <node id='-37872717' action='modify' visible='true' lat='45.43894842613' lon='12.3343023799'>
    <tag k='addr:housenumber' v='391' />
    <tag k='addr:place' v='San Polo' />
  </node>
  <node id='-37872718' action='modify' visible='true' lat='45.43789165416' lon='12.32763529741'>
    <tag k='addr:housenumber' v='2521a' />
    <tag k='addr:place' v='San Polo' />
  </node>
  <node id='-37872719' action='modify' visible='true' lat='45.4397856484' lon='12.33284838101'>
    <tag k='addr:housenumber' v='1666' />
    <tag k='addr:place' v='San Polo' />
  </node>
  <node id='-37872720' action='modify' visible='true' lat='45.43769320996' lon='12.33236150175'>
    <tag k='addr:housenumber' v='1160' />
    <tag k='addr:place' v='San Polo' />
  </node>
  <node id='-37872721' action='modify' visible='true' lat='45.43719813106' lon='12.33372261521'>
    <tag k='addr:housenumber' v='1097' />
    <tag k='addr:place' v='San Polo' />
  </node>
  <node id='-37872722' action='modify' visible='true' lat='45.43717383368' lon='12.33022617706'>
    <tag k='addr:housenumber' v='2009' />
    <tag k='addr:place' v='San Polo' />
  </node>
  <node id='-37872723' action='modify' visible='true' lat='45.43748654821' lon='12.33170092957'>
    <tag k='addr:housenumber' v='1339' />
    <tag k='addr:place' v='San Polo' />
  </node>
  <node id='-37872724' action='modify' visible='true' lat='45.43862503639' lon='12.33259094281'>
    <tag k='addr:housenumber' v='916c' />
    <tag k='addr:place' v='San Polo' />
  </node>
  <node id='-37872725' action='modify' visible='true' lat='45.43846614086' lon='12.33361600723'>
    <tag k='addr:housenumber' v='465a' />
    <tag k='addr:place' v='San Polo' />
  </node>
  <node id='-37872726' action='modify' visible='true' lat='45.43937270025' lon='12.33205971318'>
    <tag k='addr:housenumber' v='1751' />
    <tag k='addr:place' v='San Polo' />
  </node>
  <node id='-37872727' action='modify' visible='true' lat='45.4388717633' lon='12.32908945739'>
    <tag k='addr:housenumber' v='2235' />
    <tag k='addr:place' v='San Polo' />
  </node>
  <node id='-37872728' action='modify' visible='true' lat='45.43637519239' lon='12.32599446648'>
    <tag k='addr:housenumber' v='3041' />
    <tag k='addr:place' v='San Polo' />
  </node>
  <node id='-37872729' action='modify' visible='true' lat='45.43586785445' lon='12.32749694622'>
    <tag k='addr:housenumber' v='2871a' />
    <tag k='addr:place' v='San Polo' />
  </node>
  <node id='-37872730' action='modify' visible='true' lat='45.43691197945' lon='12.32845939098'>
    <tag k='addr:housenumber' v='2672b' />
    <tag k='addr:place' v='San Polo' />
  </node>
  <node id='-37872731' action='modify' visible='true' lat='45.43880195457' lon='12.32821197439'>
    <tag k='addr:housenumber' v='2303' />
    <tag k='addr:place' v='San Polo' />
  </node>
  <node id='-37872732' action='modify' visible='true' lat='45.43906093444' lon='12.33461962441'>
    <tag k='addr:housenumber' v='225b' />
    <tag k='addr:place' v='San Polo' />
  </node>
  <node id='-37872733' action='modify' visible='true' lat='45.43850842017' lon='12.32637012249'>
    <tag k='addr:housenumber' v='2371a' />
    <tag k='addr:place' v='San Polo' />
  </node>
  <node id='-37872734' action='modify' visible='true' lat='45.43642521685' lon='12.32726318515'>
    <tag k='addr:housenumber' v='2833' />
    <tag k='addr:place' v='San Polo' />
  </node>
  <node id='-37872735' action='modify' visible='true' lat='45.43821600229' lon='12.32695457551'>
    <tag k='addr:housenumber' v='2393' />
    <tag k='addr:place' v='San Polo' />
  </node>
  <node id='-37872736' action='modify' visible='true' lat='45.43958329286' lon='12.3331948707'>
    <tag k='addr:housenumber' v='1606' />
    <tag k='addr:place' v='San Polo' />
  </node>
  <node id='-37872737' action='modify' visible='true' lat='45.43808185396' lon='12.3289675031'>
    <tag k='addr:housenumber' v='2143' />
    <tag k='addr:place' v='San Polo' />
  </node>
  <node id='-37872738' action='modify' visible='true' lat='45.43869835589' lon='12.33301384515'>
    <tag k='addr:housenumber' v='893' />
    <tag k='addr:place' v='San Polo' />
  </node>
  <node id='-37872739' action='modify' visible='true' lat='45.43840565281' lon='12.32484290014'>
    <tag k='addr:housenumber' v='2461' />
    <tag k='addr:place' v='San Polo' />
  </node>
  <node id='-37872740' action='modify' visible='true' lat='45.4365109072' lon='12.3265354662'>
    <tag k='addr:housenumber' v='3016' />
    <tag k='addr:place' v='San Polo' />
  </node>
  <node id='-37872741' action='modify' visible='true' lat='45.44014930259' lon='12.33243644444'>
    <tag k='addr:housenumber' v='1822' />
    <tag k='addr:place' v='San Polo' />
  </node>
  <node id='-37872742' action='modify' visible='true' lat='45.43795530033' lon='12.33185673401'>
    <tag k='addr:housenumber' v='1295t' />
    <tag k='addr:place' v='San Polo' />
  </node>
  <node id='-37872743' action='modify' visible='true' lat='45.43869985251' lon='12.33095853246'>
    <tag k='addr:housenumber' v='1914' />
    <tag k='addr:place' v='San Polo' />
  </node>
  <node id='-37872744' action='modify' visible='true' lat='45.43695495849' lon='12.3311765063'>
    <tag k='addr:housenumber' v='1451' />
    <tag k='addr:place' v='San Polo' />
  </node>
  <node id='-37872745' action='modify' visible='true' lat='45.43671859834' lon='12.32714679738'>
    <tag k='addr:housenumber' v='2988' />
    <tag k='addr:place' v='San Polo' />
  </node>
  <node id='-37872746' action='modify' visible='true' lat='45.43846794902' lon='12.33533773454'>
    <tag k='addr:housenumber' v='79' />
    <tag k='addr:place' v='San Polo' />
  </node>
  <node id='-37872747' action='modify' visible='true' lat='45.43854344202' lon='12.33431075372'>
    <tag k='addr:housenumber' v='483a' />
    <tag k='addr:place' v='San Polo' />
  </node>
  <node id='-37872748' action='modify' visible='true' lat='45.43862040425' lon='12.33103460435'>
    <tag k='addr:housenumber' v='1933a' />
    <tag k='addr:place' v='San Polo' />
  </node>
  <node id='-37872749' action='modify' visible='true' lat='45.43712581847' lon='12.3325500909'>
    <tag k='addr:housenumber' v='1180' />
    <tag k='addr:place' v='San Polo' />
  </node>
  <node id='-37872750' action='modify' visible='true' lat='45.43798282407' lon='12.32673178643'>
    <tag k='addr:housenumber' v='2491' />
    <tag k='addr:place' v='San Polo' />
  </node>
  <node id='-37872751' action='modify' visible='true' lat='45.43837328026' lon='12.33084091496'>
    <tag k='addr:housenumber' v='1941' />
    <tag k='addr:place' v='San Polo' />
  </node>
  <node id='-37872752' action='modify' visible='true' lat='45.44003715555' lon='12.3327714116'>
    <tag k='addr:housenumber' v='1769' />
    <tag k='addr:place' v='San Polo' />
  </node>
  <node id='-37872753' action='modify' visible='true' lat='45.43813777228' lon='12.3319077661'>
    <tag k='addr:housenumber' v='1282' />
    <tag k='addr:place' v='San Polo' />
  </node>
  <node id='-37872754' action='modify' visible='true' lat='45.43851861883' lon='12.32612086541'>
    <tag k='addr:housenumber' v='2446' />
    <tag k='addr:place' v='San Polo' />
  </node>
  <node id='-37872755' action='modify' visible='true' lat='45.43605959742' lon='12.32714744284'>
    <tag k='addr:housenumber' v='2863' />
    <tag k='addr:place' v='San Polo' />
  </node>
  <node id='-37872756' action='modify' visible='true' lat='45.43689493641' lon='12.33287120282'>
    <tag k='addr:housenumber' v='1112a' />
    <tag k='addr:place' v='San Polo' />
  </node>
  <node id='-37872757' action='modify' visible='true' lat='45.43772725268' lon='12.32711559845'>
    <tag k='addr:housenumber' v='2543d' />
    <tag k='addr:place' v='San Polo' />
  </node>
  <node id='-37872758' action='modify' visible='true' lat='45.43869214265' lon='12.33345151816'>
    <tag k='addr:housenumber' v='812' />
    <tag k='addr:place' v='San Polo' />
  </node>
  <node id='-37872759' action='modify' visible='true' lat='45.43729714282' lon='12.33116799068'>
    <tag k='addr:housenumber' v='1472' />
    <tag k='addr:place' v='San Polo' />
  </node>
  <node id='-37872760' action='modify' visible='true' lat='45.43830123553' lon='12.33282078582'>
    <tag k='addr:housenumber' v='947' />
    <tag k='addr:place' v='San Polo' />
  </node>
  <node id='-37872761' action='modify' visible='true' lat='45.43621205738' lon='12.32692266652'>
    <tag k='addr:housenumber' v='2917' />
    <tag k='addr:place' v='San Polo' />
  </node>
  <node id='-37872762' action='modify' visible='true' lat='45.43899697206' lon='12.33463721298'>
    <tag k='addr:housenumber' v='225a' />
    <tag k='addr:place' v='San Polo' />
  </node>
  <node id='-37872763' action='modify' visible='true' lat='45.43851602109' lon='12.32672235071'>
    <tag k='addr:housenumber' v='2368' />
    <tag k='addr:place' v='San Polo' />
  </node>
  <node id='-37872764' action='modify' visible='true' lat='45.43894523474' lon='12.33394708963'>
    <tag k='addr:housenumber' v='433a' />
    <tag k='addr:place' v='San Polo' />
  </node>
  <node id='-37872765' action='modify' visible='true' lat='45.43953914164' lon='12.33240282751'>
    <tag k='addr:housenumber' v='1713' />
    <tag k='addr:place' v='San Polo' />
  </node>
  <node id='-37872766' action='modify' visible='true' lat='45.44015706666' lon='12.33286576962'>
    <tag k='addr:housenumber' v='1793a' />
    <tag k='addr:place' v='San Polo' />
  </node>
  <node id='-37872767' action='modify' visible='true' lat='45.43951794469' lon='12.33457716745'>
    <tag k='addr:housenumber' v='256' />
    <tag k='addr:place' v='San Polo' />
  </node>
  <node id='-37872768' action='modify' visible='true' lat='45.43933158386' lon='12.33458036675'>
    <tag k='addr:housenumber' v='243a' />
    <tag k='addr:place' v='San Polo' />
  </node>
  <node id='-37872769' action='modify' visible='true' lat='45.43929162623' lon='12.33215168459'>
    <tag k='addr:housenumber' v='1743' />
    <tag k='addr:place' v='San Polo' />
  </node>
  <node id='-37872770' action='modify' visible='true' lat='45.43952680557' lon='12.33278693936'>
    <tag k='addr:housenumber' v='1697' />
    <tag k='addr:place' v='San Polo' />
  </node>
  <node id='-37872771' action='modify' visible='true' lat='45.43815837697' lon='12.32676843886'>
    <tag k='addr:housenumber' v='2398' />
    <tag k='addr:place' v='San Polo' />
  </node>
  <node id='-37872772' action='modify' visible='true' lat='45.43895072724' lon='12.32896777487'>
    <tag k='addr:housenumber' v='2238' />
    <tag k='addr:place' v='San Polo' />
  </node>
  <node id='-37872773' action='modify' visible='true' lat='45.43559562444' lon='12.32776428591'>
    <tag k='addr:housenumber' v='2875' />
    <tag k='addr:place' v='San Polo' />
  </node>
  <node id='-37872774' action='modify' visible='true' lat='45.43875817246' lon='12.32928950752'>
    <tag k='addr:housenumber' v='2227' />
    <tag k='addr:place' v='San Polo' />
  </node>
  <node id='-37872775' action='modify' visible='true' lat='45.43873266303' lon='12.33106687655'>
    <tag k='addr:housenumber' v='1918' />
    <tag k='addr:place' v='San Polo' />
  </node>
  <node id='-37872776' action='modify' visible='true' lat='45.43940771993' lon='12.3323974522'>
    <tag k='addr:housenumber' v='1731' />
    <tag k='addr:place' v='San Polo' />
  </node>
  <node id='-37872777' action='modify' visible='true' lat='45.43616108017' lon='12.32728419641'>
    <tag k='addr:housenumber' v='2849' />
    <tag k='addr:place' v='San Polo' />
  </node>
  <node id='-37872778' action='modify' visible='true' lat='45.43738012721' lon='12.33105665906'>
    <tag k='addr:housenumber' v='1468' />
    <tag k='addr:place' v='San Polo' />
  </node>
  <node id='-37872779' action='modify' visible='true' lat='45.43664543525' lon='12.32973905945'>
    <tag k='addr:housenumber' v='2074' />
    <tag k='addr:place' v='San Polo' />
  </node>
  <node id='-37872780' action='modify' visible='true' lat='45.43798148863' lon='12.33229688439'>
    <tag k='addr:housenumber' v='1270a' />
    <tag k='addr:place' v='San Polo' />
  </node>
  <node id='-37872781' action='modify' visible='true' lat='45.43885708842' lon='12.33209417263'>
    <tag k='addr:housenumber' v='1541' />
    <tag k='addr:place' v='San Polo' />
  </node>
  <node id='-37872782' action='modify' visible='true' lat='45.43635577686' lon='12.32847786765'>
    <tag k='addr:housenumber' v='2797' />
    <tag k='addr:place' v='San Polo' />
  </node>
  <node id='-37872783' action='modify' visible='true' lat='45.43625850994' lon='12.32684895765'>
    <tag k='addr:housenumber' v='2954' />
    <tag k='addr:place' v='San Polo' />
  </node>
  <node id='-37872784' action='modify' visible='true' lat='45.43858131423' lon='12.32951325122'>
    <tag k='addr:housenumber' v='2186' />
    <tag k='addr:place' v='San Polo' />
  </node>
  <node id='-37872785' action='modify' visible='true' lat='45.43782619297' lon='12.33420955193'>
    <tag k='addr:housenumber' v='682' />
    <tag k='addr:place' v='San Polo' />
  </node>
  <node id='-37872786' action='modify' visible='true' lat='45.43754557623' lon='12.33041902764'>
    <tag k='addr:housenumber' v='1957' />
    <tag k='addr:place' v='San Polo' />
  </node>
  <node id='-37872787' action='modify' visible='true' lat='45.44014340922' lon='12.33284973651'>
    <tag k='addr:housenumber' v='1794' />
    <tag k='addr:place' v='San Polo' />
  </node>
  <node id='-37872788' action='modify' visible='true' lat='45.43757944192' lon='12.32322154254'>
    <tag k='addr:housenumber' v='3083' />
    <tag k='addr:place' v='San Polo' />
  </node>
  <node id='-37872789' action='modify' visible='true' lat='45.43814404619' lon='12.33559005031'>
    <tag k='addr:housenumber' v='15' />
    <tag k='addr:place' v='San Polo' />
  </node>
  <node id='-37872790' action='modify' visible='true' lat='45.43850549292' lon='12.33368298212'>
    <tag k='addr:housenumber' v='458a' />
    <tag k='addr:place' v='San Polo' />
  </node>
  <node id='-37872791' action='modify' visible='true' lat='45.43855362708' lon='12.32954472458'>
    <tag k='addr:housenumber' v='2185' />
    <tag k='addr:place' v='San Polo' />
  </node>
  <node id='-37872792' action='modify' visible='true' lat='45.43892402066' lon='12.33252668143'>
    <tag k='addr:housenumber' v='1558a' />
    <tag k='addr:place' v='San Polo' />
  </node>
  <node id='-37872793' action='modify' visible='true' lat='45.43857345441' lon='12.3263222661'>
    <tag k='addr:housenumber' v='2450' />
    <tag k='addr:place' v='San Polo' />
  </node>
  <node id='-37872794' action='modify' visible='true' lat='45.43855340796' lon='12.33299555183'>
    <tag k='addr:housenumber' v='909' />
    <tag k='addr:place' v='San Polo' />
  </node>
  <node id='-37872795' action='modify' visible='true' lat='45.43858536064' lon='12.32640550178'>
    <tag k='addr:housenumber' v='2414' />
    <tag k='addr:place' v='San Polo' />
  </node>
  <node id='-37872796' action='modify' visible='true' lat='45.43769148959' lon='12.32635257929'>
    <tag k='addr:housenumber' v='2549a' />
    <tag k='addr:place' v='San Polo' />
  </node>
  <node id='-37872797' action='modify' visible='true' lat='45.43702947153' lon='12.33145250994'>
    <tag k='addr:housenumber' v='1400' />
    <tag k='addr:place' v='San Polo' />
  </node>
  <node id='-37872798' action='modify' visible='true' lat='45.43860470967' lon='12.3325759784'>
    <tag k='addr:housenumber' v='919a' />
    <tag k='addr:place' v='San Polo' />
  </node>
  <node id='-37872799' action='modify' visible='true' lat='45.43951811599' lon='12.33386004226'>
    <tag k='addr:housenumber' v='321' />
    <tag k='addr:place' v='San Polo' />
  </node>
  <node id='-37872800' action='modify' visible='true' lat='45.4395684212' lon='12.3341643236'>
    <tag k='addr:housenumber' v='303b' />
    <tag k='addr:place' v='San Polo' />
  </node>
  <node id='-37872801' action='modify' visible='true' lat='45.4388724646' lon='12.32926884163'>
    <tag k='addr:housenumber' v='2231' />
    <tag k='addr:place' v='San Polo' />
  </node>
  <node id='-37872802' action='modify' visible='true' lat='45.4381665742' lon='12.33110159918'>
    <tag k='addr:housenumber' v='1505' />
    <tag k='addr:place' v='San Polo' />
  </node>
  <node id='-37872803' action='modify' visible='true' lat='45.4388467893' lon='12.33101446067'>
    <tag k='addr:housenumber' v='1931' />
    <tag k='addr:place' v='San Polo' />
  </node>
  <node id='-37872804' action='modify' visible='true' lat='45.43922804123' lon='12.33382946597'>
    <tag k='addr:housenumber' v='830a' />
    <tag k='addr:place' v='San Polo' />
  </node>
  <node id='-37872805' action='modify' visible='true' lat='45.43672188138' lon='12.32867074172'>
    <tag k='addr:housenumber' v='2724' />
    <tag k='addr:place' v='San Polo' />
  </node>
  <node id='-37872806' action='modify' visible='true' lat='45.43835103385' lon='12.33390652643'>
    <tag k='addr:housenumber' v='655' />
    <tag k='addr:place' v='San Polo' />
  </node>
  <node id='-37872807' action='modify' visible='true' lat='45.43936583294' lon='12.33465156228'>
    <tag k='addr:housenumber' v='241' />
    <tag k='addr:place' v='San Polo' />
  </node>
  <node id='-37872808' action='modify' visible='true' lat='45.43834146438' lon='12.32317332695'>
    <tag k='addr:housenumber' v='3080q' />
    <tag k='addr:place' v='San Polo' />
  </node>
  <node id='-37872809' action='modify' visible='true' lat='45.43800055727' lon='12.32870086376'>
    <tag k='addr:housenumber' v='2147' />
    <tag k='addr:place' v='San Polo' />
  </node>
  <node id='-37872810' action='modify' visible='true' lat='45.43771530398' lon='12.3264508849'>
    <tag k='addr:housenumber' v='2482' />
    <tag k='addr:place' v='San Polo' />
  </node>
  <node id='-37872811' action='modify' visible='true' lat='45.43655937108' lon='12.32897303207'>
    <tag k='addr:housenumber' v='2758a' />
    <tag k='addr:place' v='San Polo' />
  </node>
  <node id='-37872812' action='modify' visible='true' lat='45.43732573938' lon='12.33131443921'>
    <tag k='addr:housenumber' v='1412' />
    <tag k='addr:place' v='San Polo' />
  </node>
  <node id='-37872813' action='modify' visible='true' lat='45.43714203506' lon='12.33215459521'>
    <tag k='addr:housenumber' v='1209' />
    <tag k='addr:place' v='San Polo' />
  </node>
  <node id='-37872814' action='modify' visible='true' lat='45.43804283794' lon='12.32750150906'>
    <tag k='addr:housenumber' v='2518' />
    <tag k='addr:place' v='San Polo' />
  </node>
  <node id='-37872815' action='modify' visible='true' lat='45.43879062618' lon='12.33402794725'>
    <tag k='addr:housenumber' v='422' />
    <tag k='addr:place' v='San Polo' />
  </node>
  <node id='-37872816' action='modify' visible='true' lat='45.43834970278' lon='12.32982191644'>
    <tag k='addr:housenumber' v='2190' />
    <tag k='addr:place' v='San Polo' />
  </node>
  <node id='-37872817' action='modify' visible='true' lat='45.43881138377' lon='12.3261701948'>
    <tag k='addr:housenumber' v='2427' />
    <tag k='addr:place' v='San Polo' />
  </node>
  <node id='-37872818' action='modify' visible='true' lat='45.43833341792' lon='12.32984748157'>
    <tag k='addr:housenumber' v='2189' />
    <tag k='addr:place' v='San Polo' />
  </node>
  <node id='-37872819' action='modify' visible='true' lat='45.43726853724' lon='12.3281547972'>
    <tag k='addr:housenumber' v='2615' />
    <tag k='addr:place' v='San Polo' />
  </node>
  <node id='-37872820' action='modify' visible='true' lat='45.43931898287' lon='12.33417779579'>
    <tag k='addr:housenumber' v='276a' />
    <tag k='addr:place' v='San Polo' />
  </node>
  <node id='-37872821' action='modify' visible='true' lat='45.43830841591' lon='12.33380186346'>
    <tag k='addr:housenumber' v='784' />
    <tag k='addr:place' v='San Polo' />
  </node>
  <node id='-37872822' action='modify' visible='true' lat='45.43655746527' lon='12.32576553906'>
    <tag k='addr:housenumber' v='3119' />
    <tag k='addr:place' v='San Polo' />
  </node>
  <node id='-37872823' action='modify' visible='true' lat='45.43739330287' lon='12.33246613817'>
    <tag k='addr:housenumber' v='1186' />
    <tag k='addr:place' v='San Polo' />
  </node>
  <node id='-37872824' action='modify' visible='true' lat='45.43857163136' lon='12.333510119'>
    <tag k='addr:housenumber' v='462' />
    <tag k='addr:place' v='San Polo' />
  </node>
  <node id='-37872825' action='modify' visible='true' lat='45.43942160898' lon='12.33328338159'>
    <tag k='addr:housenumber' v='1588' />
    <tag k='addr:place' v='San Polo' />
  </node>
  <node id='-37872826' action='modify' visible='true' lat='45.43797198698' lon='12.33535256061'>
    <tag k='addr:housenumber' v='724' />
    <tag k='addr:place' v='San Polo' />
  </node>
  <node id='-37872827' action='modify' visible='true' lat='45.43841919736' lon='12.33530686868'>
    <tag k='addr:housenumber' v='26' />
    <tag k='addr:place' v='San Polo' />
  </node>
  <node id='-37872828' action='modify' visible='true' lat='45.43715138695' lon='12.33270075825'>
    <tag k='addr:housenumber' v='1120' />
    <tag k='addr:place' v='San Polo' />
  </node>
  <node id='-37872829' action='modify' visible='true' lat='45.43954976722' lon='12.334108336'>
    <tag k='addr:housenumber' v='312' />
    <tag k='addr:place' v='San Polo' />
  </node>
  <node id='-37872830' action='modify' visible='true' lat='45.43824488554' lon='12.3350869647'>
    <tag k='addr:housenumber' v='524' />
    <tag k='addr:place' v='San Polo' />
  </node>
  <node id='-37872831' action='modify' visible='true' lat='45.43900996887' lon='12.33154129123'>
    <tag k='addr:housenumber' v='1871a' />
    <tag k='addr:place' v='San Polo' />
  </node>
  <node id='-37872832' action='modify' visible='true' lat='45.43973093597' lon='12.33269845448'>
    <tag k='addr:housenumber' v='1667' />
    <tag k='addr:place' v='San Polo' />
  </node>
  <node id='-37872833' action='modify' visible='true' lat='45.43743766414' lon='12.33171733408'>
    <tag k='addr:housenumber' v='1341' />
    <tag k='addr:place' v='San Polo' />
  </node>
  <node id='-37872834' action='modify' visible='true' lat='45.43946533759' lon='12.3327239934'>
    <tag k='addr:housenumber' v='1700' />
    <tag k='addr:place' v='San Polo' />
  </node>
  <node id='-37872835' action='modify' visible='true' lat='45.43884986738' lon='12.33202090713'>
    <tag k='addr:housenumber' v='1894' />
    <tag k='addr:place' v='San Polo' />
  </node>
  <node id='-37872836' action='modify' visible='true' lat='45.43851231433' lon='12.32958932715'>
    <tag k='addr:housenumber' v='2184b' />
    <tag k='addr:place' v='San Polo' />
  </node>
  <node id='-37872837' action='modify' visible='true' lat='45.43872974084' lon='12.33366613983'>
    <tag k='addr:housenumber' v='453' />
    <tag k='addr:place' v='San Polo' />
  </node>
  <node id='-37872838' action='modify' visible='true' lat='45.43879772513' lon='12.33316035799'>
    <tag k='addr:housenumber' v='878' />
    <tag k='addr:place' v='San Polo' />
  </node>
  <node id='-37872839' action='modify' visible='true' lat='45.43858630692' lon='12.3284817756'>
    <tag k='addr:housenumber' v='2304c' />
    <tag k='addr:place' v='San Polo' />
  </node>
  <node id='-37872840' action='modify' visible='true' lat='45.43848599538' lon='12.33155465544'>
    <tag k='addr:housenumber' v='1518c' />
    <tag k='addr:place' v='San Polo' />
  </node>
  <node id='-37872841' action='modify' visible='true' lat='45.43840821868' lon='12.32419522261'>
    <tag k='addr:housenumber' v='2464f' />
    <tag k='addr:place' v='San Polo' />
  </node>
  <node id='-37872842' action='modify' visible='true' lat='45.43866300052' lon='12.33378124762'>
    <tag k='addr:housenumber' v='454a' />
    <tag k='addr:place' v='San Polo' />
  </node>
  <node id='-37872843' action='modify' visible='true' lat='45.43720942069' lon='12.32765596498'>
    <tag k='addr:housenumber' v='2583' />
    <tag k='addr:place' v='San Polo' />
  </node>
  <node id='-37872844' action='modify' visible='true' lat='45.43850504436' lon='12.33151878202'>
    <tag k='addr:housenumber' v='1518b' />
    <tag k='addr:place' v='San Polo' />
  </node>
  <node id='-37872845' action='modify' visible='true' lat='45.43652524835' lon='12.32792375675'>
    <tag k='addr:housenumber' v='2712a' />
    <tag k='addr:place' v='San Polo' />
  </node>
  <node id='-37872846' action='modify' visible='true' lat='45.43880302774' lon='12.33202745062'>
    <tag k='addr:housenumber' v='1540' />
    <tag k='addr:place' v='San Polo' />
  </node>
  <node id='-37872847' action='modify' visible='true' lat='45.43778504264' lon='12.33394941118'>
    <tag k='addr:housenumber' v='758' />
    <tag k='addr:place' v='San Polo' />
  </node>
  <node id='-37872848' action='modify' visible='true' lat='45.43820939548' lon='12.33259811642'>
    <tag k='addr:housenumber' v='1256' />
    <tag k='addr:place' v='San Polo' />
  </node>
  <node id='-37872849' action='modify' visible='true' lat='45.43831589383' lon='12.32375446921'>
    <tag k='addr:housenumber' v='3073r' />
    <tag k='addr:place' v='San Polo' />
  </node>
  <node id='-37872850' action='modify' visible='true' lat='45.43844251983' lon='12.32966787489'>
    <tag k='addr:housenumber' v='2184a' />
    <tag k='addr:place' v='San Polo' />
  </node>
  <node id='-37872851' action='modify' visible='true' lat='45.43950757254' lon='12.33248729149'>
    <tag k='addr:housenumber' v='1707' />
    <tag k='addr:place' v='San Polo' />
  </node>
  <node id='-37872852' action='modify' visible='true' lat='45.43563084147' lon='12.32691680731'>
    <tag k='addr:housenumber' v='2902' />
    <tag k='addr:place' v='San Polo' />
  </node>
  <node id='-37872853' action='modify' visible='true' lat='45.43918770184' lon='12.33353036426'>
    <tag k='addr:housenumber' v='368a' />
    <tag k='addr:place' v='San Polo' />
  </node>
  <node id='-37872854' action='modify' visible='true' lat='45.43582221993' lon='12.32774671944'>
    <tag k='addr:housenumber' v='2870' />
    <tag k='addr:place' v='San Polo' />
  </node>
  <node id='-37872855' action='modify' visible='true' lat='45.43835571108' lon='12.32879979996'>
    <tag k='addr:housenumber' v='2327' />
    <tag k='addr:place' v='San Polo' />
  </node>
  <node id='-37872856' action='modify' visible='true' lat='45.43762434718' lon='12.33058998632'>
    <tag k='addr:housenumber' v='1956' />
    <tag k='addr:place' v='San Polo' />
  </node>
  <node id='-37872857' action='modify' visible='true' lat='45.4389452596' lon='12.33314758955'>
    <tag k='addr:housenumber' v='866' />
    <tag k='addr:place' v='San Polo' />
  </node>
  <node id='-37872858' action='modify' visible='true' lat='45.43858868343' lon='12.33383617078'>
    <tag k='addr:housenumber' v='456a' />
    <tag k='addr:place' v='San Polo' />
  </node>
  <node id='-37872859' action='modify' visible='true' lat='45.43702619038' lon='12.32924550744'>
    <tag k='addr:housenumber' v='2107' />
    <tag k='addr:place' v='San Polo' />
  </node>
  <node id='-37872860' action='modify' visible='true' lat='45.43841277217' lon='12.33555084159'>
    <tag k='addr:housenumber' v='77' />
    <tag k='addr:place' v='San Polo' />
  </node>
  <node id='-37872861' action='modify' visible='true' lat='45.43858586274' lon='12.33447397142'>
    <tag k='addr:housenumber' v='487' />
    <tag k='addr:place' v='San Polo' />
  </node>
  <node id='-37872862' action='modify' visible='true' lat='45.43841921431' lon='12.33102797252'>
    <tag k='addr:housenumber' v='1940' />
    <tag k='addr:place' v='San Polo' />
  </node>
  <node id='-37872863' action='modify' visible='true' lat='45.43840328319' lon='12.32876027375'>
    <tag k='addr:housenumber' v='2325' />
    <tag k='addr:place' v='San Polo' />
  </node>
  <node id='-37872864' action='modify' visible='true' lat='45.43842607886' lon='12.32873460666'>
    <tag k='addr:housenumber' v='2324' />
    <tag k='addr:place' v='San Polo' />
  </node>
  <node id='-37872865' action='modify' visible='true' lat='45.43884247403' lon='12.33243510289'>
    <tag k='addr:housenumber' v='1547' />
    <tag k='addr:place' v='San Polo' />
  </node>
  <node id='-37872866' action='modify' visible='true' lat='45.43918150933' lon='12.33431702229'>
    <tag k='addr:housenumber' v='249' />
    <tag k='addr:place' v='San Polo' />
  </node>
  <node id='-37872867' action='modify' visible='true' lat='45.43697165504' lon='12.33131249053'>
    <tag k='addr:housenumber' v='1421a' />
    <tag k='addr:place' v='San Polo' />
  </node>
  <node id='-37872868' action='modify' visible='true' lat='45.43958517719' lon='12.33268639789'>
    <tag k='addr:housenumber' v='1690' />
    <tag k='addr:place' v='San Polo' />
  </node>
  <node id='-37872869' action='modify' visible='true' lat='45.43838377225' lon='12.33340080299'>
    <tag k='addr:housenumber' v='966' />
    <tag k='addr:place' v='San Polo' />
  </node>
  <node id='-37872870' action='modify' visible='true' lat='45.43954851641' lon='12.33280919953'>
    <tag k='addr:housenumber' v='1696' />
    <tag k='addr:place' v='San Polo' />
  </node>
  <node id='-37872871' action='modify' visible='true' lat='45.43691375132' lon='12.33290211804'>
    <tag k='addr:housenumber' v='1113' />
    <tag k='addr:place' v='San Polo' />
  </node>
  <node id='-37872872' action='modify' visible='true' lat='45.43661678841' lon='12.32822883644'>
    <tag k='addr:housenumber' v='2703a' />
    <tag k='addr:place' v='San Polo' />
  </node>
  <node id='-37872873' action='modify' visible='true' lat='45.43833891805' lon='12.33542325231'>
    <tag k='addr:housenumber' v='23' />
    <tag k='addr:place' v='San Polo' />
  </node>
  <node id='-37872874' action='modify' visible='true' lat='45.43786962977' lon='12.33274375861'>
    <tag k='addr:housenumber' v='1074' />
    <tag k='addr:place' v='San Polo' />
  </node>
  <node id='-37872875' action='modify' visible='true' lat='45.43770876304' lon='12.33337086882'>
    <tag k='addr:housenumber' v='1022' />
    <tag k='addr:place' v='San Polo' />
  </node>
  <node id='-37872876' action='modify' visible='true' lat='45.4379876246' lon='12.3331068882'>
    <tag k='addr:housenumber' v='1035' />
    <tag k='addr:place' v='San Polo' />
  </node>
  <node id='-37872877' action='modify' visible='true' lat='45.44006587683' lon='12.33231194587'>
    <tag k='addr:housenumber' v='1842' />
    <tag k='addr:place' v='San Polo' />
  </node>
  <node id='-37872878' action='modify' visible='true' lat='45.43665596632' lon='12.32797590492'>
    <tag k='addr:housenumber' v='2706' />
    <tag k='addr:place' v='San Polo' />
  </node>
  <node id='-37872879' action='modify' visible='true' lat='45.43873042623' lon='12.33389583982'>
    <tag k='addr:housenumber' v='439a' />
    <tag k='addr:place' v='San Polo' />
  </node>
  <node id='-37872880' action='modify' visible='true' lat='45.43662259933' lon='12.32674373121'>
    <tag k='addr:housenumber' v='2965' />
    <tag k='addr:place' v='San Polo' />
  </node>
  <node id='-37872881' action='modify' visible='true' lat='45.43782371529' lon='12.33371178381'>
    <tag k='addr:housenumber' v='763' />
    <tag k='addr:place' v='San Polo' />
  </node>
  <node id='-37872882' action='modify' visible='true' lat='45.43656875448' lon='12.32729697921'>
    <tag k='addr:housenumber' v='2978' />
    <tag k='addr:place' v='San Polo' />
  </node>
  <node id='-37872883' action='modify' visible='true' lat='45.43673417946' lon='12.3245766668'>
    <tag k='addr:housenumber' v='3104' />
    <tag k='addr:place' v='San Polo' />
  </node>
  <node id='-37872884' action='modify' visible='true' lat='45.43866525002' lon='12.32643378915'>
    <tag k='addr:housenumber' v='2419' />
    <tag k='addr:place' v='San Polo' />
  </node>
  <node id='-37872885' action='modify' visible='true' lat='45.43894371806' lon='12.3348739944'>
    <tag k='addr:housenumber' v='105' />
    <tag k='addr:place' v='San Polo' />
  </node>
  <node id='-37872886' action='modify' visible='true' lat='45.43811733824' lon='12.33340995118'>
    <tag k='addr:housenumber' v='974' />
    <tag k='addr:place' v='San Polo' />
  </node>
  <node id='-37872887' action='modify' visible='true' lat='45.43701351795' lon='12.32473349199'>
    <tag k='addr:housenumber' v='3098a' />
    <tag k='addr:place' v='San Polo' />
  </node>
  <node id='-37872888' action='modify' visible='true' lat='45.4369186173' lon='12.32473148799'>
    <tag k='addr:housenumber' v='3062' />
    <tag k='addr:place' v='San Polo' />
  </node>
  <node id='-37872889' action='modify' visible='true' lat='45.43854022364' lon='12.33319413071'>
    <tag k='addr:housenumber' v='889' />
    <tag k='addr:place' v='San Polo' />
  </node>
  <node id='-37872890' action='modify' visible='true' lat='45.43846541918' lon='12.33328387206'>
    <tag k='addr:housenumber' v='963a' />
    <tag k='addr:place' v='San Polo' />
  </node>
  <node id='-37872891' action='modify' visible='true' lat='45.44021546404' lon='12.3325998926'>
    <tag k='addr:housenumber' v='1803' />
    <tag k='addr:place' v='San Polo' />
  </node>
  <node id='-37872892' action='modify' visible='true' lat='45.43640291785' lon='12.32730916234'>
    <tag k='addr:housenumber' v='2832' />
    <tag k='addr:place' v='San Polo' />
  </node>
  <node id='-37872893' action='modify' visible='true' lat='45.43881331206' lon='12.33282707081'>
    <tag k='addr:housenumber' v='895a' />
    <tag k='addr:place' v='San Polo' />
  </node>
  <node id='-37872894' action='modify' visible='true' lat='45.43903520213' lon='12.33468418769'>
    <tag k='addr:housenumber' v='223' />
    <tag k='addr:place' v='San Polo' />
  </node>
  <node id='-37872895' action='modify' visible='true' lat='45.43674579933' lon='12.33068352356'>
    <tag k='addr:housenumber' v='1982' />
    <tag k='addr:place' v='San Polo' />
  </node>
  <node id='-37872896' action='modify' visible='true' lat='45.43784519376' lon='12.32678306272'>
    <tag k='addr:housenumber' v='2497' />
    <tag k='addr:place' v='San Polo' />
  </node>
  <node id='-37872897' action='modify' visible='true' lat='45.4379328959' lon='12.3286351357'>
    <tag k='addr:housenumber' v='2144b' />
    <tag k='addr:place' v='San Polo' />
  </node>
  <node id='-37872898' action='modify' visible='true' lat='45.43710471128' lon='12.33042016353'>
    <tag k='addr:housenumber' v='1993' />
    <tag k='addr:place' v='San Polo' />
  </node>
  <node id='-37872899' action='modify' visible='true' lat='45.43888731672' lon='12.32903864'>
    <tag k='addr:housenumber' v='2205' />
    <tag k='addr:place' v='San Polo' />
  </node>
  <node id='-37872900' action='modify' visible='true' lat='45.43552879637' lon='12.32741234207'>
    <tag k='addr:housenumber' v='2893' />
    <tag k='addr:place' v='San Polo' />
  </node>
  <node id='-37872901' action='modify' visible='true' lat='45.43912514992' lon='12.33466516999'>
    <tag k='addr:housenumber' v='229' />
    <tag k='addr:place' v='San Polo' />
  </node>
  <node id='-37872902' action='modify' visible='true' lat='45.43793978619' lon='12.33185239935'>
    <tag k='addr:housenumber' v='1297' />
    <tag k='addr:place' v='San Polo' />
  </node>
  <node id='-37872903' action='modify' visible='true' lat='45.43790371686' lon='12.32752946132'>
    <tag k='addr:housenumber' v='2524' />
    <tag k='addr:place' v='San Polo' />
  </node>
  <node id='-37872904' action='modify' visible='true' lat='45.43902004904' lon='12.33299834173'>
    <tag k='addr:housenumber' v='873a' />
    <tag k='addr:place' v='San Polo' />
  </node>
  <node id='-37872905' action='modify' visible='true' lat='45.43835906011' lon='12.33169704017'>
    <tag k='addr:housenumber' v='1510b' />
    <tag k='addr:place' v='San Polo' />
  </node>
  <node id='-37872906' action='modify' visible='true' lat='45.43680306336' lon='12.33111284911'>
    <tag k='addr:housenumber' v='1441' />
    <tag k='addr:place' v='San Polo' />
  </node>
  <node id='-37872907' action='modify' visible='true' lat='45.43959315648' lon='12.33229243391'>
    <tag k='addr:housenumber' v='1757' />
    <tag k='addr:place' v='San Polo' />
  </node>
  <node id='-37872908' action='modify' visible='true' lat='45.4387528433' lon='12.33113987336'>
    <tag k='addr:housenumber' v='1927' />
    <tag k='addr:place' v='San Polo' />
  </node>
  <node id='-37872909' action='modify' visible='true' lat='45.43803022632' lon='12.32393717192'>
    <tag k='addr:housenumber' v='3078t' />
    <tag k='addr:place' v='San Polo' />
  </node>
  <node id='-37872910' action='modify' visible='true' lat='45.43838546329' lon='12.32696029152'>
    <tag k='addr:housenumber' v='2365' />
    <tag k='addr:place' v='San Polo' />
  </node>
  <node id='-37872911' action='modify' visible='true' lat='45.43680539212' lon='12.33111641299'>
    <tag k='addr:housenumber' v='1442' />
    <tag k='addr:place' v='San Polo' />
  </node>
  <node id='-37872912' action='modify' visible='true' lat='45.43644498224' lon='12.32550245345'>
    <tag k='addr:housenumber' v='3112' />
    <tag k='addr:place' v='San Polo' />
  </node>
  <node id='-37872913' action='modify' visible='true' lat='45.43738201256' lon='12.33130691124'>
    <tag k='addr:housenumber' v='1474' />
    <tag k='addr:place' v='San Polo' />
  </node>
  <node id='-37872914' action='modify' visible='true' lat='45.4389300688' lon='12.32855282307'>
    <tag k='addr:housenumber' v='2280' />
    <tag k='addr:place' v='San Polo' />
  </node>
  <node id='-37872915' action='modify' visible='true' lat='45.43864955105' lon='12.33309631575'>
    <tag k='addr:housenumber' v='891' />
    <tag k='addr:place' v='San Polo' />
  </node>
  <node id='-37872916' action='modify' visible='true' lat='45.43882056107' lon='12.33276017891'>
    <tag k='addr:housenumber' v='897' />
    <tag k='addr:place' v='San Polo' />
  </node>
  <node id='-37872917' action='modify' visible='true' lat='45.4385435239' lon='12.3284159869'>
    <tag k='addr:housenumber' v='2304d' />
    <tag k='addr:place' v='San Polo' />
  </node>
  <node id='-37872918' action='modify' visible='true' lat='45.43747058972' lon='12.32714762283'>
    <tag k='addr:housenumber' v='2559a' />
    <tag k='addr:place' v='San Polo' />
  </node>
  <node id='-37872919' action='modify' visible='true' lat='45.43573697914' lon='12.32752943108'>
    <tag k='addr:housenumber' v='2872b' />
    <tag k='addr:place' v='San Polo' />
  </node>
  <node id='-37872920' action='modify' visible='true' lat='45.43873036257' lon='12.33295825167'>
    <tag k='addr:housenumber' v='894a' />
    <tag k='addr:place' v='San Polo' />
  </node>
  <node id='-37872921' action='modify' visible='true' lat='45.43828819454' lon='12.33381284002'>
    <tag k='addr:housenumber' v='695a' />
    <tag k='addr:place' v='San Polo' />
  </node>
  <node id='-37872922' action='modify' visible='true' lat='45.43848005733' lon='12.33521978129'>
    <tag k='addr:housenumber' v='29' />
    <tag k='addr:place' v='San Polo' />
  </node>
  <node id='-37872923' action='modify' visible='true' lat='45.43837282205' lon='12.3269191297'>
    <tag k='addr:housenumber' v='2365a' />
    <tag k='addr:place' v='San Polo' />
  </node>
  <node id='-37872924' action='modify' visible='true' lat='45.4362933307' lon='12.32572403142'>
    <tag k='addr:housenumber' v='3140' />
    <tag k='addr:place' v='San Polo' />
  </node>
  <node id='-37872925' action='modify' visible='true' lat='45.4383585166' lon='12.32640942687'>
    <tag k='addr:housenumber' v='2411' />
    <tag k='addr:place' v='San Polo' />
  </node>
  <node id='-37872926' action='modify' visible='true' lat='45.43891094517' lon='12.33459896354'>
    <tag k='addr:housenumber' v='47' />
    <tag k='addr:place' v='San Polo' />
  </node>
  <node id='-37872927' action='modify' visible='true' lat='45.43802860137' lon='12.32839957184'>
    <tag k='addr:housenumber' v='2336' />
    <tag k='addr:place' v='San Polo' />
  </node>
  <node id='-37872928' action='modify' visible='true' lat='45.43787962881' lon='12.32566961221'>
    <tag k='addr:housenumber' v='2555' />
    <tag k='addr:place' v='San Polo' />
  </node>
  <node id='-37872929' action='modify' visible='true' lat='45.43852698867' lon='12.32604080017'>
    <tag k='addr:housenumber' v='2444' />
    <tag k='addr:place' v='San Polo' />
  </node>
  <node id='-37872930' action='modify' visible='true' lat='45.44013417193' lon='12.33219017659'>
    <tag k='addr:housenumber' v='1840' />
    <tag k='addr:place' v='San Polo' />
  </node>
  <node id='-37872931' action='modify' visible='true' lat='45.43787884636' lon='12.32933225196'>
    <tag k='addr:housenumber' v='2155a' />
    <tag k='addr:place' v='San Polo' />
  </node>
  <node id='-37872932' action='modify' visible='true' lat='45.4365266111' lon='12.32839914627'>
    <tag k='addr:housenumber' v='2752a' />
    <tag k='addr:place' v='San Polo' />
  </node>
  <node id='-37872933' action='modify' visible='true' lat='45.43863244102' lon='12.33295965913'>
    <tag k='addr:housenumber' v='903' />
    <tag k='addr:place' v='San Polo' />
  </node>
  <node id='-37872934' action='modify' visible='true' lat='45.43850728566' lon='12.32776927083'>
    <tag k='addr:housenumber' v='2351' />
    <tag k='addr:place' v='San Polo' />
  </node>
  <node id='-37872935' action='modify' visible='true' lat='45.4366330556' lon='12.32802334782'>
    <tag k='addr:housenumber' v='2706a' />
    <tag k='addr:place' v='San Polo' />
  </node>
  <node id='-37872936' action='modify' visible='true' lat='45.43773877953' lon='12.33196351762'>
    <tag k='addr:housenumber' v='1306' />
    <tag k='addr:place' v='San Polo' />
  </node>
  <node id='-37872937' action='modify' visible='true' lat='45.43641135499' lon='12.32820870685'>
    <tag k='addr:housenumber' v='2710' />
    <tag k='addr:place' v='San Polo' />
  </node>
  <node id='-37872938' action='modify' visible='true' lat='45.43723113438' lon='12.33062473216'>
    <tag k='addr:housenumber' v='1967' />
    <tag k='addr:place' v='San Polo' />
  </node>
  <node id='-37872939' action='modify' visible='true' lat='45.43776997892' lon='12.32757926419'>
    <tag k='addr:housenumber' v='2541' />
    <tag k='addr:place' v='San Polo' />
  </node>
  <node id='-37872940' action='modify' visible='true' lat='45.43879231528' lon='12.32627019973'>
    <tag k='addr:housenumber' v='2429' />
    <tag k='addr:place' v='San Polo' />
  </node>
  <node id='-37872941' action='modify' visible='true' lat='45.43824211791' lon='12.32642863056'>
    <tag k='addr:housenumber' v='2408' />
    <tag k='addr:place' v='San Polo' />
  </node>
  <node id='-37872942' action='modify' visible='true' lat='45.43560954108' lon='12.32766989112'>
    <tag k='addr:housenumber' v='2883' />
    <tag k='addr:place' v='San Polo' />
  </node>
  <node id='-37872943' action='modify' visible='true' lat='45.43888364411' lon='12.32921773531'>
    <tag k='addr:housenumber' v='2234b' />
    <tag k='addr:place' v='San Polo' />
  </node>
  <node id='-37872944' action='modify' visible='true' lat='45.43921996421' lon='12.33173466114'>
    <tag k='addr:housenumber' v='1866' />
    <tag k='addr:place' v='San Polo' />
  </node>
  <node id='-37872945' action='modify' visible='true' lat='45.43847252625' lon='12.33143984655'>
    <tag k='addr:housenumber' v='1513a' />
    <tag k='addr:place' v='San Polo' />
  </node>
  <node id='-37872946' action='modify' visible='true' lat='45.43797395646' lon='12.32863895968'>
    <tag k='addr:housenumber' v='2146' />
    <tag k='addr:place' v='San Polo' />
  </node>
  <node id='-37872947' action='modify' visible='true' lat='45.43884730156' lon='12.32870344928'>
    <tag k='addr:housenumber' v='2279b' />
    <tag k='addr:place' v='San Polo' />
  </node>
  <node id='-37872948' action='modify' visible='true' lat='45.43883141928' lon='12.33279640462'>
    <tag k='addr:housenumber' v='896' />
    <tag k='addr:place' v='San Polo' />
  </node>
  <node id='-37872949' action='modify' visible='true' lat='45.43752373776' lon='12.32712444824'>
    <tag k='addr:housenumber' v='2558' />
    <tag k='addr:place' v='San Polo' />
  </node>
  <node id='-37872950' action='modify' visible='true' lat='45.43619889456' lon='12.32558896921'>
    <tag k='addr:housenumber' v='3144' />
    <tag k='addr:place' v='San Polo' />
  </node>
  <node id='-37872951' action='modify' visible='true' lat='45.43725127284' lon='12.33346094111'>
    <tag k='addr:housenumber' v='1102' />
    <tag k='addr:place' v='San Polo' />
  </node>
  <node id='-37872952' action='modify' visible='true' lat='45.43753736488' lon='12.32827813278'>
    <tag k='addr:housenumber' v='2631' />
    <tag k='addr:place' v='San Polo' />
  </node>
  <node id='-37872953' action='modify' visible='true' lat='45.43918045199' lon='12.33217321525'>
    <tag k='addr:housenumber' v='1746' />
    <tag k='addr:place' v='San Polo' />
  </node>
  <node id='-37872954' action='modify' visible='true' lat='45.43847167589' lon='12.32764993571'>
    <tag k='addr:housenumber' v='2351a' />
    <tag k='addr:place' v='San Polo' />
  </node>
  <node id='-37872955' action='modify' visible='true' lat='45.43792308629' lon='12.33284755982'>
    <tag k='addr:housenumber' v='1070' />
    <tag k='addr:place' v='San Polo' />
  </node>
  <node id='-37872956' action='modify' visible='true' lat='45.43670441783' lon='12.32784768641'>
    <tag k='addr:housenumber' v='2705a' />
    <tag k='addr:place' v='San Polo' />
  </node>
  <node id='-37872957' action='modify' visible='true' lat='45.43938656013' lon='12.33202783992'>
    <tag k='addr:housenumber' v='1863' />
    <tag k='addr:place' v='San Polo' />
  </node>
  <node id='-37872958' action='modify' visible='true' lat='45.43808208028' lon='12.32647580615'>
    <tag k='addr:housenumber' v='2404' />
    <tag k='addr:place' v='San Polo' />
  </node>
  <node id='-37872959' action='modify' visible='true' lat='45.43977583395' lon='12.33383776482'>
    <tag k='addr:housenumber' v='341a' />
    <tag k='addr:place' v='San Polo' />
  </node>
  <node id='-37872960' action='modify' visible='true' lat='45.43931309611' lon='12.33460002541'>
    <tag k='addr:housenumber' v='240' />
    <tag k='addr:place' v='San Polo' />
  </node>
  <node id='-37872961' action='modify' visible='true' lat='45.43888887312' lon='12.33500343475'>
    <tag k='addr:housenumber' v='118' />
    <tag k='addr:place' v='San Polo' />
  </node>
  <node id='-37872962' action='modify' visible='true' lat='45.43727596365' lon='12.3287342472'>
    <tag k='addr:housenumber' v='2667' />
    <tag k='addr:place' v='San Polo' />
  </node>
  <node id='-37872963' action='modify' visible='true' lat='45.43899919388' lon='12.32963262602'>
    <tag k='addr:housenumber' v='2211' />
    <tag k='addr:place' v='San Polo' />
  </node>
  <node id='-37872964' action='modify' visible='true' lat='45.43626131494' lon='12.32834757066'>
    <tag k='addr:housenumber' v='2800' />
    <tag k='addr:place' v='San Polo' />
  </node>
  <node id='-37872965' action='modify' visible='true' lat='45.43948912515' lon='12.33274832523'>
    <tag k='addr:housenumber' v='1699' />
    <tag k='addr:place' v='San Polo' />
  </node>
  <node id='-37872966' action='modify' visible='true' lat='45.4385089526' lon='12.33268875133'>
    <tag k='addr:housenumber' v='923' />
    <tag k='addr:place' v='San Polo' />
  </node>
  <node id='-37872967' action='modify' visible='true' lat='45.43722984327' lon='12.33380154966'>
    <tag k='addr:housenumber' v='1096' />
    <tag k='addr:place' v='San Polo' />
  </node>
  <node id='-37872968' action='modify' visible='true' lat='45.43592086743' lon='12.32667858521'>
    <tag k='addr:housenumber' v='2910' />
    <tag k='addr:place' v='San Polo' />
  </node>
  <node id='-37872969' action='modify' visible='true' lat='45.43860984741' lon='12.33503408056'>
    <tag k='addr:housenumber' v='34' />
    <tag k='addr:place' v='San Polo' />
  </node>
  <node id='-37872970' action='modify' visible='true' lat='45.43960121449' lon='12.33357315448'>
    <tag k='addr:housenumber' v='344' />
    <tag k='addr:place' v='San Polo' />
  </node>
  <node id='-37872971' action='modify' visible='true' lat='45.43883763858' lon='12.3347043039'>
    <tag k='addr:housenumber' v='44' />
    <tag k='addr:place' v='San Polo' />
  </node>
  <node id='-37872972' action='modify' visible='true' lat='45.43953321272' lon='12.33297302669'>
    <tag k='addr:housenumber' v='1600' />
    <tag k='addr:place' v='San Polo' />
  </node>
  <node id='-37872973' action='modify' visible='true' lat='45.43798201439' lon='12.33300011095'>
    <tag k='addr:housenumber' v='1052a' />
    <tag k='addr:place' v='San Polo' />
  </node>
  <node id='-37872974' action='modify' visible='true' lat='45.43961655659' lon='12.33439438108'>
    <tag k='addr:housenumber' v='306' />
    <tag k='addr:place' v='San Polo' />
  </node>
  <node id='-37872975' action='modify' visible='true' lat='45.4365798843' lon='12.32823205411'>
    <tag k='addr:housenumber' v='2700a' />
    <tag k='addr:place' v='San Polo' />
  </node>
  <node id='-37872976' action='modify' visible='true' lat='45.43808762349' lon='12.33332462883'>
    <tag k='addr:housenumber' v='1046' />
    <tag k='addr:place' v='San Polo' />
  </node>
  <node id='-37872977' action='modify' visible='true' lat='45.43846057449' lon='12.33524810984'>
    <tag k='addr:housenumber' v='28' />
    <tag k='addr:place' v='San Polo' />
  </node>
  <node id='-37872978' action='modify' visible='true' lat='45.43599165898' lon='12.32674407439'>
    <tag k='addr:housenumber' v='2912' />
    <tag k='addr:place' v='San Polo' />
  </node>
  <node id='-37872979' action='modify' visible='true' lat='45.43881521375' lon='12.33473552038'>
    <tag k='addr:housenumber' v='43' />
    <tag k='addr:place' v='San Polo' />
  </node>
  <node id='-37872980' action='modify' visible='true' lat='45.4387574888' lon='12.33481809536'>
    <tag k='addr:housenumber' v='40' />
    <tag k='addr:place' v='San Polo' />
  </node>
  <node id='-37872981' action='modify' visible='true' lat='45.43596550802' lon='12.32672060309'>
    <tag k='addr:housenumber' v='2911' />
    <tag k='addr:place' v='San Polo' />
  </node>
  <node id='-37872982' action='modify' visible='true' lat='45.43592311308' lon='12.32800042736'>
    <tag k='addr:housenumber' v='2813a' />
    <tag k='addr:place' v='San Polo' />
  </node>
  <node id='-37872983' action='modify' visible='true' lat='45.43715485979' lon='12.32797157489'>
    <tag k='addr:housenumber' v='2602' />
    <tag k='addr:place' v='San Polo' />
  </node>
  <node id='-37872984' action='modify' visible='true' lat='45.43697046584' lon='12.33034645699'>
    <tag k='addr:housenumber' v='2008a' />
    <tag k='addr:place' v='San Polo' />
  </node>
  <node id='-37872985' action='modify' visible='true' lat='45.43827495818' lon='12.33210609555'>
    <tag k='addr:housenumber' v='941' />
    <tag k='addr:place' v='San Polo' />
  </node>
  <node id='-37872986' action='modify' visible='true' lat='45.43830737595' lon='12.3284507651'>
    <tag k='addr:housenumber' v='2331' />
    <tag k='addr:place' v='San Polo' />
  </node>
  <node id='-37872987' action='modify' visible='true' lat='45.4382008266' lon='12.33385750232'>
    <tag k='addr:housenumber' v='693' />
    <tag k='addr:place' v='San Polo' />
  </node>
  <node id='-37872988' action='modify' visible='true' lat='45.436736486' lon='12.32991359416'>
    <tag k='addr:housenumber' v='2059' />
    <tag k='addr:place' v='San Polo' />
  </node>
  <node id='-37872989' action='modify' visible='true' lat='45.44009305234' lon='12.33314791149'>
    <tag k='addr:housenumber' v='1642' />
    <tag k='addr:place' v='San Polo' />
  </node>
  <node id='-37872990' action='modify' visible='true' lat='45.43805618171' lon='12.32958483718'>
    <tag k='addr:housenumber' v='2167' />
    <tag k='addr:place' v='San Polo' />
  </node>
  <node id='-37872991' action='modify' visible='true' lat='45.4390451419' lon='12.3337060264'>
    <tag k='addr:housenumber' v='838' />
    <tag k='addr:place' v='San Polo' />
  </node>
  <node id='-37872992' action='modify' visible='true' lat='45.43872822662' lon='12.33199670029'>
    <tag k='addr:housenumber' v='1535a' />
    <tag k='addr:place' v='San Polo' />
  </node>
  <node id='-37872993' action='modify' visible='true' lat='45.43893630366' lon='12.33316231563'>
    <tag k='addr:housenumber' v='865' />
    <tag k='addr:place' v='San Polo' />
  </node>
  <node id='-37872994' action='modify' visible='true' lat='45.43836435929' lon='12.33276024117'>
    <tag k='addr:housenumber' v='926' />
    <tag k='addr:place' v='San Polo' />
  </node>
  <node id='-37872995' action='modify' visible='true' lat='45.43951765324' lon='12.33286816391'>
    <tag k='addr:housenumber' v='1597a' />
    <tag k='addr:place' v='San Polo' />
  </node>
  <node id='-37872996' action='modify' visible='true' lat='45.43831587727' lon='12.32987503045'>
    <tag k='addr:housenumber' v='2188' />
    <tag k='addr:place' v='San Polo' />
  </node>
  <node id='-37872997' action='modify' visible='true' lat='45.4377309577' lon='12.33349199468'>
    <tag k='addr:housenumber' v='1022g' />
    <tag k='addr:place' v='San Polo' />
  </node>
  <node id='-37872998' action='modify' visible='true' lat='45.43658289873' lon='12.32812492034'>
    <tag k='addr:housenumber' v='2708' />
    <tag k='addr:place' v='San Polo' />
  </node>
  <node id='-37872999' action='modify' visible='true' lat='45.43778322668' lon='12.32938003432'>
    <tag k='addr:housenumber' v='2128a' />
    <tag k='addr:place' v='San Polo' />
  </node>
  <node id='-37873000' action='modify' visible='true' lat='45.43767707972' lon='12.33233296361'>
    <tag k='addr:housenumber' v='1161' />
    <tag k='addr:place' v='San Polo' />
  </node>
  <node id='-37873001' action='modify' visible='true' lat='45.43659961536' lon='12.328091144'>
    <tag k='addr:housenumber' v='2707' />
    <tag k='addr:place' v='San Polo' />
  </node>
  <node id='-37873002' action='modify' visible='true' lat='45.43665555589' lon='12.32808852601'>
    <tag k='addr:housenumber' v='2705' />
    <tag k='addr:place' v='San Polo' />
  </node>
  <node id='-37873003' action='modify' visible='true' lat='45.43877060276' lon='12.33490524401'>
    <tag k='addr:housenumber' v='83' />
    <tag k='addr:place' v='San Polo' />
  </node>
  <node id='-37873004' action='modify' visible='true' lat='45.43674509002' lon='12.32806650627'>
    <tag k='addr:housenumber' v='2684' />
    <tag k='addr:place' v='San Polo' />
  </node>
  <node id='-37873005' action='modify' visible='true' lat='45.43791242313' lon='12.33282684477'>
    <tag k='addr:housenumber' v='1071' />
    <tag k='addr:place' v='San Polo' />
  </node>
  <node id='-37873006' action='modify' visible='true' lat='45.43726536453' lon='12.33045079048'>
    <tag k='addr:housenumber' v='1964' />
    <tag k='addr:place' v='San Polo' />
  </node>
  <node id='-37873007' action='modify' visible='true' lat='45.43833719122' lon='12.33230940762'>
    <tag k='addr:housenumber' v='932' />
    <tag k='addr:place' v='San Polo' />
  </node>
  <node id='-37873008' action='modify' visible='true' lat='45.43731400873' lon='12.32846892714'>
    <tag k='addr:housenumber' v='2654' />
    <tag k='addr:place' v='San Polo' />
  </node>
  <node id='-37873009' action='modify' visible='true' lat='45.43828161905' lon='12.3337535309'>
    <tag k='addr:housenumber' v='786' />
    <tag k='addr:place' v='San Polo' />
  </node>
  <node id='-37873010' action='modify' visible='true' lat='45.43951319633' lon='12.33226643626'>
    <tag k='addr:housenumber' v='1724' />
    <tag k='addr:place' v='San Polo' />
  </node>
  <node id='-37873011' action='modify' visible='true' lat='45.43934864077' lon='12.33380911184'>
    <tag k='addr:housenumber' v='316' />
    <tag k='addr:place' v='San Polo' />
  </node>
  <node id='-37873012' action='modify' visible='true' lat='45.43835484527' lon='12.32743718956'>
    <tag k='addr:housenumber' v='2514o' />
    <tag k='addr:place' v='San Polo' />
  </node>
  <node id='-37873013' action='modify' visible='true' lat='45.43658878505' lon='12.32571982705'>
    <tag k='addr:housenumber' v='3118' />
    <tag k='addr:place' v='San Polo' />
  </node>
  <node id='-37873014' action='modify' visible='true' lat='45.43869813909' lon='12.3288467692'>
    <tag k='addr:housenumber' v='2312a' />
    <tag k='addr:place' v='San Polo' />
  </node>
  <node id='-37873015' action='modify' visible='true' lat='45.43784723677' lon='12.32434924244'>
    <tag k='addr:housenumber' v='3080b' />
    <tag k='addr:place' v='San Polo' />
  </node>
  <node id='-37873016' action='modify' visible='true' lat='45.43858760357' lon='12.33506589739'>
    <tag k='addr:housenumber' v='33' />
    <tag k='addr:place' v='San Polo' />
  </node>
  <node id='-37873017' action='modify' visible='true' lat='45.43784285663' lon='12.32705845513'>
    <tag k='addr:housenumber' v='2498a' />
    <tag k='addr:place' v='San Polo' />
  </node>
  <node id='-37873018' action='modify' visible='true' lat='45.43829164048' lon='12.3337715836'>
    <tag k='addr:housenumber' v='785' />
    <tag k='addr:place' v='San Polo' />
  </node>
  <node id='-37873019' action='modify' visible='true' lat='45.43894220951' lon='12.32920338693'>
    <tag k='addr:housenumber' v='2233a' />
    <tag k='addr:place' v='San Polo' />
  </node>
  <node id='-37873020' action='modify' visible='true' lat='45.43585291688' lon='12.32661452902'>
    <tag k='addr:housenumber' v='2909' />
    <tag k='addr:place' v='San Polo' />
  </node>
  <node id='-37873021' action='modify' visible='true' lat='45.43829761275' lon='12.32990390371'>
    <tag k='addr:housenumber' v='2187' />
    <tag k='addr:place' v='San Polo' />
  </node>
  <node id='-37873022' action='modify' visible='true' lat='45.43918928791' lon='12.33215649641'>
    <tag k='addr:housenumber' v='1884' />
    <tag k='addr:place' v='San Polo' />
  </node>
  <node id='-37873023' action='modify' visible='true' lat='45.43840410539' lon='12.32874146741'>
    <tag k='addr:housenumber' v='2328' />
    <tag k='addr:place' v='San Polo' />
  </node>
  <node id='-37873024' action='modify' visible='true' lat='45.4365315451' lon='12.32789008393'>
    <tag k='addr:housenumber' v='2714a' />
    <tag k='addr:place' v='San Polo' />
  </node>
  <node id='-37873025' action='modify' visible='true' lat='45.43725964131' lon='12.32863002615'>
    <tag k='addr:housenumber' v='2664' />
    <tag k='addr:place' v='San Polo' />
  </node>
  <node id='-37873026' action='modify' visible='true' lat='45.43862683403' lon='12.32891976993'>
    <tag k='addr:housenumber' v='2314' />
    <tag k='addr:place' v='San Polo' />
  </node>
  <node id='-37873027' action='modify' visible='true' lat='45.43880062955' lon='12.32868823211'>
    <tag k='addr:housenumber' v='2287' />
    <tag k='addr:place' v='San Polo' />
  </node>
  <node id='-37873028' action='modify' visible='true' lat='45.43830333213' lon='12.33240906231'>
    <tag k='addr:housenumber' v='944' />
    <tag k='addr:place' v='San Polo' />
  </node>
  <node id='-37873029' action='modify' visible='true' lat='45.43881562383' lon='12.33181177158'>
    <tag k='addr:housenumber' v='1895a' />
    <tag k='addr:place' v='San Polo' />
  </node>
  <node id='-37873030' action='modify' visible='true' lat='45.43718991215' lon='12.33091596732'>
    <tag k='addr:housenumber' v='1461' />
    <tag k='addr:place' v='San Polo' />
  </node>
  <node id='-37873031' action='modify' visible='true' lat='45.43789363103' lon='12.33108231575'>
    <tag k='addr:housenumber' v='1947' />
    <tag k='addr:place' v='San Polo' />
  </node>
  <node id='-37873032' action='modify' visible='true' lat='45.43797589595' lon='12.32789266629'>
    <tag k='addr:housenumber' v='2519b' />
    <tag k='addr:place' v='San Polo' />
  </node>
  <node id='-37873033' action='modify' visible='true' lat='45.43866112738' lon='12.32862321027'>
    <tag k='addr:housenumber' v='2320' />
    <tag k='addr:place' v='San Polo' />
  </node>
  <node id='-37873034' action='modify' visible='true' lat='45.43614665429' lon='12.32848856587'>
    <tag k='addr:housenumber' v='2786' />
    <tag k='addr:place' v='San Polo' />
  </node>
  <node id='-37873035' action='modify' visible='true' lat='45.43593586981' lon='12.32737971891'>
    <tag k='addr:housenumber' v='2868' />
    <tag k='addr:place' v='San Polo' />
  </node>
  <node id='-37873036' action='modify' visible='true' lat='45.43805516818' lon='12.32754970789'>
    <tag k='addr:housenumber' v='2517' />
    <tag k='addr:place' v='San Polo' />
  </node>
  <node id='-37873037' action='modify' visible='true' lat='45.43857616947' lon='12.33447008566'>
    <tag k='addr:housenumber' v='485' />
    <tag k='addr:place' v='San Polo' />
  </node>
  <node id='-37873038' action='modify' visible='true' lat='45.43824747384' lon='12.32921686582'>
    <tag k='addr:housenumber' v='2160' />
    <tag k='addr:place' v='San Polo' />
  </node>
  <node id='-37873039' action='modify' visible='true' lat='45.43827628228' lon='12.33322780159'>
    <tag k='addr:housenumber' v='981' />
    <tag k='addr:place' v='San Polo' />
  </node>
  <node id='-37873040' action='modify' visible='true' lat='45.43584531484' lon='12.32874971064'>
    <tag k='addr:housenumber' v='2776' />
    <tag k='addr:place' v='San Polo' />
  </node>
  <node id='-37873041' action='modify' visible='true' lat='45.43554858321' lon='12.32718477374'>
    <tag k='addr:housenumber' v='2896' />
    <tag k='addr:place' v='San Polo' />
  </node>
  <node id='-37873042' action='modify' visible='true' lat='45.43759099828' lon='12.33411618935'>
    <tag k='addr:housenumber' v='751' />
    <tag k='addr:place' v='San Polo' />
  </node>
  <node id='-37873043' action='modify' visible='true' lat='45.43983637838' lon='12.33248646248'>
    <tag k='addr:housenumber' v='1850' />
    <tag k='addr:place' v='San Polo' />
  </node>
  <node id='-37873044' action='modify' visible='true' lat='45.43994070813' lon='12.33390472676'>
    <tag k='addr:housenumber' v='340' />
    <tag k='addr:place' v='San Polo' />
  </node>
  <node id='-37873045' action='modify' visible='true' lat='45.43558486198' lon='12.32717744311'>
    <tag k='addr:housenumber' v='2900' />
    <tag k='addr:place' v='San Polo' />
  </node>
  <node id='-37873046' action='modify' visible='true' lat='45.43666066577' lon='12.33074247554'>
    <tag k='addr:housenumber' v='1980' />
    <tag k='addr:place' v='San Polo' />
  </node>
  <node id='-37873047' action='modify' visible='true' lat='45.43754487324' lon='12.33108774712'>
    <tag k='addr:housenumber' v='1493' />
    <tag k='addr:place' v='San Polo' />
  </node>
  <node id='-37873048' action='modify' visible='true' lat='45.43568993655' lon='12.32759485797'>
    <tag k='addr:housenumber' v='2872' />
    <tag k='addr:place' v='San Polo' />
  </node>
  <node id='-37873049' action='modify' visible='true' lat='45.43786358655' lon='12.32356491544'>
    <tag k='addr:housenumber' v='3078c' />
    <tag k='addr:place' v='San Polo' />
  </node>
  <node id='-37873050' action='modify' visible='true' lat='45.439561318' lon='12.32877824405'>
    <tag k='addr:housenumber' v='2269a' />
    <tag k='addr:place' v='San Polo' />
  </node>
  <node id='-37873051' action='modify' visible='true' lat='45.43719562864' lon='12.32755393021'>
    <tag k='addr:housenumber' v='2590' />
    <tag k='addr:place' v='San Polo' />
  </node>
  <node id='-37873052' action='modify' visible='true' lat='45.43797270479' lon='12.32412824332'>
    <tag k='addr:housenumber' v='3080' />
    <tag k='addr:place' v='San Polo' />
  </node>
  <node id='-37873053' action='modify' visible='true' lat='45.43861122254' lon='12.32712975208'>
    <tag k='addr:housenumber' v='2359' />
    <tag k='addr:place' v='San Polo' />
  </node>
  <node id='-37873054' action='modify' visible='true' lat='45.43816515352' lon='12.33158806734'>
    <tag k='addr:housenumber' v='1500' />
    <tag k='addr:place' v='San Polo' />
  </node>
  <node id='-37873055' action='modify' visible='true' lat='45.43925413262' lon='12.32885899173'>
    <tag k='addr:housenumber' v='2249' />
    <tag k='addr:place' v='San Polo' />
  </node>
  <node id='-37873056' action='modify' visible='true' lat='45.43943467369' lon='12.33257767597'>
    <tag k='addr:housenumber' v='1717' />
    <tag k='addr:place' v='San Polo' />
  </node>
  <node id='-37873057' action='modify' visible='true' lat='45.43580527194' lon='12.32773481289'>
    <tag k='addr:housenumber' v='2870c' />
    <tag k='addr:place' v='San Polo' />
  </node>
  <node id='-37873058' action='modify' visible='true' lat='45.43912361943' lon='12.3333192181'>
    <tag k='addr:housenumber' v='858' />
    <tag k='addr:place' v='San Polo' />
  </node>
  <node id='-37873059' action='modify' visible='true' lat='45.43927619208' lon='12.33301985638'>
    <tag k='addr:housenumber' v='1584' />
    <tag k='addr:place' v='San Polo' />
  </node>
  <node id='-37873060' action='modify' visible='true' lat='45.43892147253' lon='12.33490537573'>
    <tag k='addr:housenumber' v='104' />
    <tag k='addr:place' v='San Polo' />
  </node>
  <node id='-37873061' action='modify' visible='true' lat='45.43868715023' lon='12.32633214533'>
    <tag k='addr:housenumber' v='2423' />
    <tag k='addr:place' v='San Polo' />
  </node>
  <node id='-37873062' action='modify' visible='true' lat='45.4382992548' lon='12.32807642283'>
    <tag k='addr:housenumber' v='2350' />
    <tag k='addr:place' v='San Polo' />
  </node>
  <node id='-37873063' action='modify' visible='true' lat='45.43967457619' lon='12.33403158801'>
    <tag k='addr:housenumber' v='325' />
    <tag k='addr:place' v='San Polo' />
  </node>
  <node id='-37873064' action='modify' visible='true' lat='45.43934288705' lon='12.33462913327'>
    <tag k='addr:housenumber' v='240a' />
    <tag k='addr:place' v='San Polo' />
  </node>
  <node id='-37873065' action='modify' visible='true' lat='45.43750584658' lon='12.33139814657'>
    <tag k='addr:housenumber' v='1487' />
    <tag k='addr:place' v='San Polo' />
  </node>
  <node id='-37873066' action='modify' visible='true' lat='45.43930878708' lon='12.33365793844'>
    <tag k='addr:housenumber' v='370a' />
    <tag k='addr:place' v='San Polo' />
  </node>
  <node id='-37873067' action='modify' visible='true' lat='45.43954056055' lon='12.33356522707'>
    <tag k='addr:housenumber' v='359' />
    <tag k='addr:place' v='San Polo' />
  </node>
  <node id='-37873068' action='modify' visible='true' lat='45.43888110341' lon='12.33454848643'>
    <tag k='addr:housenumber' v='474' />
    <tag k='addr:place' v='San Polo' />
  </node>
  <node id='-37873069' action='modify' visible='true' lat='45.43880899871' lon='12.33417396276'>
    <tag k='addr:housenumber' v='414' />
    <tag k='addr:place' v='San Polo' />
  </node>
  <node id='-37873070' action='modify' visible='true' lat='45.43918492832' lon='12.3336344133'>
    <tag k='addr:housenumber' v='831' />
    <tag k='addr:place' v='San Polo' />
  </node>
  <node id='-37873071' action='modify' visible='true' lat='45.44021299557' lon='12.33237824901'>
    <tag k='addr:housenumber' v='1819' />
    <tag k='addr:place' v='San Polo' />
  </node>
  <node id='-37873072' action='modify' visible='true' lat='45.43899060545' lon='12.33214183987'>
    <tag k='addr:housenumber' v='1889' />
    <tag k='addr:place' v='San Polo' />
  </node>
  <node id='-37873073' action='modify' visible='true' lat='45.43860567697' lon='12.33473139614'>
    <tag k='addr:housenumber' v='489' />
    <tag k='addr:place' v='San Polo' />
  </node>
  <node id='-37873074' action='modify' visible='true' lat='45.43917427072' lon='12.32914802419'>
    <tag k='addr:housenumber' v='2242' />
    <tag k='addr:place' v='San Polo' />
  </node>
  <node id='-37873075' action='modify' visible='true' lat='45.43752792039' lon='12.32404846242'>
    <tag k='addr:housenumber' v='3077c' />
    <tag k='addr:place' v='San Polo' />
  </node>
  <node id='-37873076' action='modify' visible='true' lat='45.4378312678' lon='12.33512226493'>
    <tag k='addr:housenumber' v='729' />
    <tag k='addr:place' v='San Polo' />
  </node>
  <node id='-37873077' action='modify' visible='true' lat='45.4385286424' lon='12.33515026179'>
    <tag k='addr:housenumber' v='30' />
    <tag k='addr:place' v='San Polo' />
  </node>
  <node id='-37873078' action='modify' visible='true' lat='45.43872911788' lon='12.32802241929'>
    <tag k='addr:housenumber' v='2302' />
    <tag k='addr:place' v='San Polo' />
  </node>
  <node id='-37873079' action='modify' visible='true' lat='45.43864835806' lon='12.33497896599'>
    <tag k='addr:housenumber' v='36' />
    <tag k='addr:place' v='San Polo' />
  </node>
  <node id='-37873080' action='modify' visible='true' lat='45.43668656065' lon='12.3283801939'>
    <tag k='addr:housenumber' v='2698' />
    <tag k='addr:place' v='San Polo' />
  </node>
  <node id='-37873081' action='modify' visible='true' lat='45.4356588509' lon='12.32687831399'>
    <tag k='addr:housenumber' v='2903a' />
    <tag k='addr:place' v='San Polo' />
  </node>
  <node id='-37873082' action='modify' visible='true' lat='45.43772226333' lon='12.33399049874'>
    <tag k='addr:housenumber' v='757' />
    <tag k='addr:place' v='San Polo' />
  </node>
  <node id='-37873083' action='modify' visible='true' lat='45.4368971748' lon='12.32918425355'>
    <tag k='addr:housenumber' v='2100' />
    <tag k='addr:place' v='San Polo' />
  </node>
  <node id='-37873084' action='modify' visible='true' lat='45.4389125229' lon='12.33205898583'>
    <tag k='addr:housenumber' v='1892' />
    <tag k='addr:place' v='San Polo' />
  </node>
  <node id='-37873085' action='modify' visible='true' lat='45.43622238269' lon='12.32714185969'>
    <tag k='addr:housenumber' v='2854' />
    <tag k='addr:place' v='San Polo' />
  </node>
  <node id='-37873086' action='modify' visible='true' lat='45.43620840515' lon='12.32717334705'>
    <tag k='addr:housenumber' v='2853' />
    <tag k='addr:place' v='San Polo' />
  </node>
  <node id='-37873087' action='modify' visible='true' lat='45.43720394335' lon='12.33097416957'>
    <tag k='addr:housenumber' v='1459a' />
    <tag k='addr:place' v='San Polo' />
  </node>
  <node id='-37873088' action='modify' visible='true' lat='45.4385900619' lon='12.33091468733'>
    <tag k='addr:housenumber' v='1937' />
    <tag k='addr:place' v='San Polo' />
  </node>
  <node id='-37873089' action='modify' visible='true' lat='45.43783657557' lon='12.33097160387'>
    <tag k='addr:housenumber' v='1950a' />
    <tag k='addr:place' v='San Polo' />
  </node>
  <node id='-37873090' action='modify' visible='true' lat='45.43800066445' lon='12.33003820909'>
    <tag k='addr:housenumber' v='2175' />
    <tag k='addr:place' v='San Polo' />
  </node>
  <node id='-37873091' action='modify' visible='true' lat='45.43990671376' lon='12.33257185112'>
    <tag k='addr:housenumber' v='1848' />
    <tag k='addr:place' v='San Polo' />
  </node>
  <node id='-37873092' action='modify' visible='true' lat='45.43867006231' lon='12.33292720145'>
    <tag k='addr:housenumber' v='902b' />
    <tag k='addr:place' v='San Polo' />
  </node>
  <node id='-37873093' action='modify' visible='true' lat='45.43776109361' lon='12.32764310893'>
    <tag k='addr:housenumber' v='2542' />
    <tag k='addr:place' v='San Polo' />
  </node>
  <node id='-37873094' action='modify' visible='true' lat='45.43906845449' lon='12.32868132182'>
    <tag k='addr:housenumber' v='2276' />
    <tag k='addr:place' v='San Polo' />
  </node>
  <node id='-37873095' action='modify' visible='true' lat='45.43791458753' lon='12.33015117496'>
    <tag k='addr:housenumber' v='2172' />
    <tag k='addr:place' v='San Polo' />
  </node>
  <node id='-37873096' action='modify' visible='true' lat='45.43632243559' lon='12.32706455785'>
    <tag k='addr:housenumber' v='2962a' />
    <tag k='addr:place' v='San Polo' />
  </node>
  <node id='-37873097' action='modify' visible='true' lat='45.43936036249' lon='12.33311210009'>
    <tag k='addr:housenumber' v='1586a' />
    <tag k='addr:place' v='San Polo' />
  </node>
  <node id='-37873098' action='modify' visible='true' lat='45.43881630106' lon='12.32939484658'>
    <tag k='addr:housenumber' v='2208' />
    <tag k='addr:place' v='San Polo' />
  </node>
  <node id='-37873099' action='modify' visible='true' lat='45.43768310475' lon='12.32698193439'>
    <tag k='addr:housenumber' v='2543' />
    <tag k='addr:place' v='San Polo' />
  </node>
  <node id='-37873100' action='modify' visible='true' lat='45.43896116477' lon='12.33422328411'>
    <tag k='addr:housenumber' v='406b' />
    <tag k='addr:place' v='San Polo' />
  </node>
  <node id='-37873101' action='modify' visible='true' lat='45.43811802116' lon='12.32354159772'>
    <tag k='addr:housenumber' v='3080s' />
    <tag k='addr:place' v='San Polo' />
  </node>
  <node id='-37873102' action='modify' visible='true' lat='45.43895201124' lon='12.33446631183'>
    <tag k='addr:housenumber' v='389' />
    <tag k='addr:place' v='San Polo' />
  </node>
  <node id='-37873103' action='modify' visible='true' lat='45.43936691384' lon='12.3341596072'>
    <tag k='addr:housenumber' v='293' />
    <tag k='addr:place' v='San Polo' />
  </node>
  <node id='-37873104' action='modify' visible='true' lat='45.43769000429' lon='12.32704266395'>
    <tag k='addr:housenumber' v='2543b' />
    <tag k='addr:place' v='San Polo' />
  </node>
  <node id='-37873105' action='modify' visible='true' lat='45.43709343844' lon='12.32448832018'>
    <tag k='addr:housenumber' v='3097' />
    <tag k='addr:place' v='San Polo' />
  </node>
  <node id='-37873106' action='modify' visible='true' lat='45.43890047987' lon='12.33322121992'>
    <tag k='addr:housenumber' v='874' />
    <tag k='addr:place' v='San Polo' />
  </node>
  <node id='-37873107' action='modify' visible='true' lat='45.43841314993' lon='12.32321553771'>
    <tag k='addr:housenumber' v='3073l' />
    <tag k='addr:place' v='San Polo' />
  </node>
  <node id='-37873108' action='modify' visible='true' lat='45.4375148929' lon='12.33182156883'>
    <tag k='addr:housenumber' v='1242' />
    <tag k='addr:place' v='San Polo' />
  </node>
  <node id='-37873109' action='modify' visible='true' lat='45.43776720322' lon='12.3350173826'>
    <tag k='addr:housenumber' v='731' />
    <tag k='addr:place' v='San Polo' />
  </node>
  <node id='-37873110' action='modify' visible='true' lat='45.44000303673' lon='12.33294480869'>
    <tag k='addr:housenumber' v='1634' />
    <tag k='addr:place' v='San Polo' />
  </node>
  <node id='-37873111' action='modify' visible='true' lat='45.43647308885' lon='12.3257847431'>
    <tag k='addr:housenumber' v='3133' />
    <tag k='addr:place' v='San Polo' />
  </node>
  <node id='-37873112' action='modify' visible='true' lat='45.43916920564' lon='12.33219440121'>
    <tag k='addr:housenumber' v='1885' />
    <tag k='addr:place' v='San Polo' />
  </node>
  <node id='-37873113' action='modify' visible='true' lat='45.43790143913' lon='12.32414802226'>
    <tag k='addr:housenumber' v='3078s' />
    <tag k='addr:place' v='San Polo' />
  </node>
  <node id='-37873114' action='modify' visible='true' lat='45.43781648281' lon='12.32354120702'>
    <tag k='addr:housenumber' v='3077h' />
    <tag k='addr:place' v='San Polo' />
  </node>
  <node id='-37873115' action='modify' visible='true' lat='45.43724486161' lon='12.32762028181'>
    <tag k='addr:housenumber' v='2582' />
    <tag k='addr:place' v='San Polo' />
  </node>
  <node id='-37873116' action='modify' visible='true' lat='45.43815857915' lon='12.33298611399'>
    <tag k='addr:housenumber' v='991b' />
    <tag k='addr:place' v='San Polo' />
  </node>
  <node id='-37873117' action='modify' visible='true' lat='45.43835349074' lon='12.32525110042'>
    <tag k='addr:housenumber' v='2458b' />
    <tag k='addr:place' v='San Polo' />
  </node>
  <node id='-37873118' action='modify' visible='true' lat='45.43592483155' lon='12.32666001069'>
    <tag k='addr:housenumber' v='2923b' />
    <tag k='addr:place' v='San Polo' />
  </node>
  <node id='-37873119' action='modify' visible='true' lat='45.43998219906' lon='12.33323033055'>
    <tag k='addr:housenumber' v='1646' />
    <tag k='addr:place' v='San Polo' />
  </node>
  <node id='-37873120' action='modify' visible='true' lat='45.4380821831' lon='12.32662418033'>
    <tag k='addr:housenumber' v='2401' />
    <tag k='addr:place' v='San Polo' />
  </node>
  <node id='-37873121' action='modify' visible='true' lat='45.43621239653' lon='12.32760534626'>
    <tag k='addr:housenumber' v='2841' />
    <tag k='addr:place' v='San Polo' />
  </node>
  <node id='-37873122' action='modify' visible='true' lat='45.43838420389' lon='12.32500973075'>
    <tag k='addr:housenumber' v='2459' />
    <tag k='addr:place' v='San Polo' />
  </node>
  <node id='-37873123' action='modify' visible='true' lat='45.4386864128' lon='12.32932265871'>
    <tag k='addr:housenumber' v='2199' />
    <tag k='addr:place' v='San Polo' />
  </node>
  <node id='-37873124' action='modify' visible='true' lat='45.43793227289' lon='12.33319135549'>
    <tag k='addr:housenumber' v='1037a' />
    <tag k='addr:place' v='San Polo' />
  </node>
  <node id='-37873125' action='modify' visible='true' lat='45.43613008668' lon='12.32778048245'>
    <tag k='addr:housenumber' v='2819' />
    <tag k='addr:place' v='San Polo' />
  </node>
  <node id='-37873126' action='modify' visible='true' lat='45.4391801872' lon='12.33428034668'>
    <tag k='addr:housenumber' v='266a' />
    <tag k='addr:place' v='San Polo' />
  </node>
  <node id='-37873127' action='modify' visible='true' lat='45.43710590311' lon='12.33003574003'>
    <tag k='addr:housenumber' v='2021' />
    <tag k='addr:place' v='San Polo' />
  </node>
  <node id='-37873128' action='modify' visible='true' lat='45.43989902069' lon='12.33314710599'>
    <tag k='addr:housenumber' v='1650' />
    <tag k='addr:place' v='San Polo' />
  </node>
  <node id='-37873129' action='modify' visible='true' lat='45.43646375366' lon='12.3286473139'>
    <tag k='addr:housenumber' v='2756a' />
    <tag k='addr:place' v='San Polo' />
  </node>
  <node id='-37873130' action='modify' visible='true' lat='45.43780645395' lon='12.33262085516'>
    <tag k='addr:housenumber' v='1077' />
    <tag k='addr:place' v='San Polo' />
  </node>
  <node id='-37873131' action='modify' visible='true' lat='45.43628348874' lon='12.32559332051'>
    <tag k='addr:housenumber' v='3130' />
    <tag k='addr:place' v='San Polo' />
  </node>
  <node id='-37873132' action='modify' visible='true' lat='45.43827769377' lon='12.32403642102'>
    <tag k='addr:housenumber' v='2464d' />
    <tag k='addr:place' v='San Polo' />
  </node>
  <node id='-37873133' action='modify' visible='true' lat='45.44009169161' lon='12.33333913045'>
    <tag k='addr:housenumber' v='1627' />
    <tag k='addr:place' v='San Polo' />
  </node>
  <node id='-37873134' action='modify' visible='true' lat='45.43839038599' lon='12.32498179503'>
    <tag k='addr:housenumber' v='2459a' />
    <tag k='addr:place' v='San Polo' />
  </node>
  <node id='-37873135' action='modify' visible='true' lat='45.43848737007' lon='12.33362254848'>
    <tag k='addr:housenumber' v='459' />
    <tag k='addr:place' v='San Polo' />
  </node>
  <node id='-37873136' action='modify' visible='true' lat='45.43744927902' lon='12.33117857378'>
    <tag k='addr:housenumber' v='1485' />
    <tag k='addr:place' v='San Polo' />
  </node>
  <node id='-37873137' action='modify' visible='true' lat='45.43855658399' lon='12.33376174751'>
    <tag k='addr:housenumber' v='457' />
    <tag k='addr:place' v='San Polo' />
  </node>
  <node id='-37873138' action='modify' visible='true' lat='45.43821866164' lon='12.33173792884'>
    <tag k='addr:housenumber' v='1510a' />
    <tag k='addr:place' v='San Polo' />
  </node>
  <node id='-37873139' action='modify' visible='true' lat='45.43821448118' lon='12.33363240944'>
    <tag k='addr:housenumber' v='789' />
    <tag k='addr:place' v='San Polo' />
  </node>
  <node id='-37873140' action='modify' visible='true' lat='45.43895380277' lon='12.33446828977'>
    <tag k='addr:housenumber' v='388b' />
    <tag k='addr:place' v='San Polo' />
  </node>
  <node id='-37873141' action='modify' visible='true' lat='45.43714698054' lon='12.32791647542'>
    <tag k='addr:housenumber' v='2600' />
    <tag k='addr:place' v='San Polo' />
  </node>
  <node id='-37873142' action='modify' visible='true' lat='45.43847827055' lon='12.3340661254'>
    <tag k='addr:housenumber' v='603' />
    <tag k='addr:place' v='San Polo' />
  </node>
  <node id='-37873143' action='modify' visible='true' lat='45.43851549439' lon='12.32718652735'>
    <tag k='addr:housenumber' v='2358a' />
    <tag k='addr:place' v='San Polo' />
  </node>
  <node id='-37873144' action='modify' visible='true' lat='45.43692763576' lon='12.32927999759'>
    <tag k='addr:housenumber' v='2097' />
    <tag k='addr:place' v='San Polo' />
  </node>
  <node id='-37873145' action='modify' visible='true' lat='45.43871270782' lon='12.33285932833'>
    <tag k='addr:housenumber' v='902' />
    <tag k='addr:place' v='San Polo' />
  </node>
  <node id='-37873146' action='modify' visible='true' lat='45.43873572181' lon='12.33350421966'>
    <tag k='addr:housenumber' v='813' />
    <tag k='addr:place' v='San Polo' />
  </node>
  <node id='-37873147' action='modify' visible='true' lat='45.43854055371' lon='12.32958758898'>
    <tag k='addr:housenumber' v='2194' />
    <tag k='addr:place' v='San Polo' />
  </node>
  <node id='-37873148' action='modify' visible='true' lat='45.43881157073' lon='12.32849813336'>
    <tag k='addr:housenumber' v='2290' />
    <tag k='addr:place' v='San Polo' />
  </node>
  <node id='-37873149' action='modify' visible='true' lat='45.43794321492' lon='12.33011756051'>
    <tag k='addr:housenumber' v='2173' />
    <tag k='addr:place' v='San Polo' />
  </node>
  <node id='-37873150' action='modify' visible='true' lat='45.43814720944' lon='12.33308297596'>
    <tag k='addr:housenumber' v='997' />
    <tag k='addr:place' v='San Polo' />
  </node>
  <node id='-37873151' action='modify' visible='true' lat='45.43805615433' lon='12.32653990787'>
    <tag k='addr:housenumber' v='2487' />
    <tag k='addr:place' v='San Polo' />
  </node>
  <node id='-37873152' action='modify' visible='true' lat='45.43905384726' lon='12.33221767114'>
    <tag k='addr:housenumber' v='1888a' />
    <tag k='addr:place' v='San Polo' />
  </node>
  <node id='-37873153' action='modify' visible='true' lat='45.43775750497' lon='12.32933318915'>
    <tag k='addr:housenumber' v='2127' />
    <tag k='addr:place' v='San Polo' />
  </node>
  <node id='-37873154' action='modify' visible='true' lat='45.43704025132' lon='12.32419737221'>
    <tag k='addr:housenumber' v='3087' />
    <tag k='addr:place' v='San Polo' />
  </node>
  <node id='-37873155' action='modify' visible='true' lat='45.43780221539' lon='12.33183741336'>
    <tag k='addr:housenumber' v='1315' />
    <tag k='addr:place' v='San Polo' />
  </node>
  <node id='-37873156' action='modify' visible='true' lat='45.43925470649' lon='12.33401338336'>
    <tag k='addr:housenumber' v='298' />
    <tag k='addr:place' v='San Polo' />
  </node>
  <node id='-37873157' action='modify' visible='true' lat='45.43576645034' lon='12.32740384759'>
    <tag k='addr:housenumber' v='2887' />
    <tag k='addr:place' v='San Polo' />
  </node>
  <node id='-37873158' action='modify' visible='true' lat='45.43719737291' lon='12.33094691795'>
    <tag k='addr:housenumber' v='1460' />
    <tag k='addr:place' v='San Polo' />
  </node>
  <node id='-37873159' action='modify' visible='true' lat='45.43775387692' lon='12.3316995711'>
    <tag k='addr:housenumber' v='1321' />
    <tag k='addr:place' v='San Polo' />
  </node>
  <node id='-37873160' action='modify' visible='true' lat='45.43688243832' lon='12.33065993653'>
    <tag k='addr:housenumber' v='1977a' />
    <tag k='addr:place' v='San Polo' />
  </node>
  <node id='-37873161' action='modify' visible='true' lat='45.43837495803' lon='12.33304424424'>
    <tag k='addr:housenumber' v='959' />
    <tag k='addr:place' v='San Polo' />
  </node>
  <node id='-37873162' action='modify' visible='true' lat='45.43876702997' lon='12.33357363031'>
    <tag k='addr:housenumber' v='814a' />
    <tag k='addr:place' v='San Polo' />
  </node>
  <node id='-37873163' action='modify' visible='true' lat='45.4364878782' lon='12.32987609903'>
    <tag k='addr:housenumber' v='2054' />
    <tag k='addr:place' v='San Polo' />
  </node>
  <node id='-37873164' action='modify' visible='true' lat='45.43663940731' lon='12.33074678345'>
    <tag k='addr:housenumber' v='1979' />
    <tag k='addr:place' v='San Polo' />
  </node>
  <node id='-37873165' action='modify' visible='true' lat='45.44044769835' lon='12.33264685674'>
    <tag k='addr:housenumber' v='1808' />
    <tag k='addr:place' v='San Polo' />
  </node>
  <node id='-37873166' action='modify' visible='true' lat='45.43928015333' lon='12.3318759653'>
    <tag k='addr:housenumber' v='1881' />
    <tag k='addr:place' v='San Polo' />
  </node>
  <node id='-37873167' action='modify' visible='true' lat='45.43990923751' lon='12.33323098134'>
    <tag k='addr:housenumber' v='1623a' />
    <tag k='addr:place' v='San Polo' />
  </node>
  <node id='-37873168' action='modify' visible='true' lat='45.4362266027' lon='12.32771007411'>
    <tag k='addr:housenumber' v='2824' />
    <tag k='addr:place' v='San Polo' />
  </node>
  <node id='-37873169' action='modify' visible='true' lat='45.43826516575' lon='12.33102045688'>
    <tag k='addr:housenumber' v='1499' />
    <tag k='addr:place' v='San Polo' />
  </node>
  <node id='-37873170' action='modify' visible='true' lat='45.43712236149' lon='12.32774357424'>
    <tag k='addr:housenumber' v='2586' />
    <tag k='addr:place' v='San Polo' />
  </node>
  <node id='-37873171' action='modify' visible='true' lat='45.43959448586' lon='12.3339418913'>
    <tag k='addr:housenumber' v='324' />
    <tag k='addr:place' v='San Polo' />
  </node>
  <node id='-37873172' action='modify' visible='true' lat='45.4370389873' lon='12.33144863179'>
    <tag k='addr:housenumber' v='1378' />
    <tag k='addr:place' v='San Polo' />
  </node>
  <node id='-37873173' action='modify' visible='true' lat='45.43602380805' lon='12.32790736439'>
    <tag k='addr:housenumber' v='2808a' />
    <tag k='addr:place' v='San Polo' />
  </node>
  <node id='-37873174' action='modify' visible='true' lat='45.43814591674' lon='12.3353873184'>
    <tag k='addr:housenumber' v='19' />
    <tag k='addr:place' v='San Polo' />
  </node>
  <node id='-37873175' action='modify' visible='true' lat='45.43740656998' lon='12.33044677065'>
    <tag k='addr:housenumber' v='1959' />
    <tag k='addr:place' v='San Polo' />
  </node>
  <node id='-37873176' action='modify' visible='true' lat='45.43913572888' lon='12.33442782778'>
    <tag k='addr:housenumber' v='236' />
    <tag k='addr:place' v='San Polo' />
  </node>
  <node id='-37873177' action='modify' visible='true' lat='45.43949699775' lon='12.33219619837'>
    <tag k='addr:housenumber' v='1755' />
    <tag k='addr:place' v='San Polo' />
  </node>
  <node id='-37873178' action='modify' visible='true' lat='45.43865831612' lon='12.3313163755'>
    <tag k='addr:housenumber' v='1908' />
    <tag k='addr:place' v='San Polo' />
  </node>
  <node id='-37873179' action='modify' visible='true' lat='45.43824056024' lon='12.32708898391'>
    <tag k='addr:housenumber' v='2392a' />
    <tag k='addr:place' v='San Polo' />
  </node>
  <node id='-37873180' action='modify' visible='true' lat='45.43943009859' lon='12.33429431619'>
    <tag k='addr:housenumber' v='281' />
    <tag k='addr:place' v='San Polo' />
  </node>
  <node id='-37873181' action='modify' visible='true' lat='45.43840523446' lon='12.33337474539'>
    <tag k='addr:housenumber' v='965' />
    <tag k='addr:place' v='San Polo' />
  </node>
  <node id='-37873182' action='modify' visible='true' lat='45.43796156542' lon='12.3321317694'>
    <tag k='addr:housenumber' v='1274' />
    <tag k='addr:place' v='San Polo' />
  </node>
  <node id='-37873183' action='modify' visible='true' lat='45.4386932224' lon='12.33328064388'>
    <tag k='addr:housenumber' v='884a' />
    <tag k='addr:place' v='San Polo' />
  </node>
  <node id='-37873184' action='modify' visible='true' lat='45.43823669499' lon='12.33097724866'>
    <tag k='addr:housenumber' v='1498c' />
    <tag k='addr:place' v='San Polo' />
  </node>
  <node id='-37873185' action='modify' visible='true' lat='45.43869474003' lon='12.33397895395'>
    <tag k='addr:housenumber' v='472' />
    <tag k='addr:place' v='San Polo' />
  </node>
  <node id='-37873186' action='modify' visible='true' lat='45.43861266193' lon='12.32621968963'>
    <tag k='addr:housenumber' v='2435' />
    <tag k='addr:place' v='San Polo' />
  </node>
  <node id='-37873187' action='modify' visible='true' lat='45.43834367854' lon='12.33344960177'>
    <tag k='addr:housenumber' v='968' />
    <tag k='addr:place' v='San Polo' />
  </node>
  <node id='-37873188' action='modify' visible='true' lat='45.43925975964' lon='12.33486124729'>
    <tag k='addr:housenumber' v='226d' />
    <tag k='addr:place' v='San Polo' />
  </node>
  <node id='-37873189' action='modify' visible='true' lat='45.43832804801' lon='12.32356476518'>
    <tag k='addr:housenumber' v='3073m' />
    <tag k='addr:place' v='San Polo' />
  </node>
  <node id='-37873190' action='modify' visible='true' lat='45.43791565847' lon='12.33202031632'>
    <tag k='addr:housenumber' v='1293' />
    <tag k='addr:place' v='San Polo' />
  </node>
  <node id='-37873191' action='modify' visible='true' lat='45.43753398559' lon='12.32414600701'>
    <tag k='addr:housenumber' v='3078n' />
    <tag k='addr:place' v='San Polo' />
  </node>
  <node id='-37873192' action='modify' visible='true' lat='45.43929836596' lon='12.33252511482'>
    <tag k='addr:housenumber' v='1735' />
    <tag k='addr:place' v='San Polo' />
  </node>
  <node id='-37873193' action='modify' visible='true' lat='45.43884615544' lon='12.32864886407'>
    <tag k='addr:housenumber' v='2286c' />
    <tag k='addr:place' v='San Polo' />
  </node>
  <node id='-37873194' action='modify' visible='true' lat='45.43930667709' lon='12.33442711534'>
    <tag k='addr:housenumber' v='253' />
    <tag k='addr:place' v='San Polo' />
  </node>
  <node id='-37873195' action='modify' visible='true' lat='45.43895741241' lon='12.33490195539'>
    <tag k='addr:housenumber' v='114' />
    <tag k='addr:place' v='San Polo' />
  </node>
  <node id='-37873196' action='modify' visible='true' lat='45.43625370236' lon='12.32557288951'>
    <tag k='addr:housenumber' v='3131' />
    <tag k='addr:place' v='San Polo' />
  </node>
  <node id='-37873197' action='modify' visible='true' lat='45.43900145635' lon='12.32855917895'>
    <tag k='addr:housenumber' v='2273' />
    <tag k='addr:place' v='San Polo' />
  </node>
  <node id='-37873198' action='modify' visible='true' lat='45.43890476575' lon='12.33215206322'>
    <tag k='addr:housenumber' v='1543' />
    <tag k='addr:place' v='San Polo' />
  </node>
  <node id='-37873199' action='modify' visible='true' lat='45.43717360606' lon='12.33022375744'>
    <tag k='addr:housenumber' v='2010' />
    <tag k='addr:place' v='San Polo' />
  </node>
  <node id='-37873200' action='modify' visible='true' lat='45.43599176062' lon='12.32846223523'>
    <tag k='addr:housenumber' v='2787' />
    <tag k='addr:place' v='San Polo' />
  </node>
  <node id='-37873201' action='modify' visible='true' lat='45.43664637995' lon='12.32722027745'>
    <tag k='addr:housenumber' v='2990' />
    <tag k='addr:place' v='San Polo' />
  </node>
  <node id='-37873202' action='modify' visible='true' lat='45.43945450334' lon='12.33280357808'>
    <tag k='addr:housenumber' v='1574' />
    <tag k='addr:place' v='San Polo' />
  </node>
  <node id='-37873203' action='modify' visible='true' lat='45.43806637501' lon='12.32749918916'>
    <tag k='addr:housenumber' v='2511' />
    <tag k='addr:place' v='San Polo' />
  </node>
  <node id='-37873204' action='modify' visible='true' lat='45.43778245882' lon='12.33030291708'>
    <tag k='addr:housenumber' v='2170' />
    <tag k='addr:place' v='San Polo' />
  </node>
  <node id='-37873205' action='modify' visible='true' lat='45.43739643404' lon='12.32718640345'>
    <tag k='addr:housenumber' v='2561' />
    <tag k='addr:place' v='San Polo' />
  </node>
  <node id='-37873206' action='modify' visible='true' lat='45.43869713802' lon='12.33376715657'>
    <tag k='addr:housenumber' v='449' />
    <tag k='addr:place' v='San Polo' />
  </node>
  <node id='-37873207' action='modify' visible='true' lat='45.43837918471' lon='12.32497432228'>
    <tag k='addr:housenumber' v='2460' />
    <tag k='addr:place' v='San Polo' />
  </node>
  <node id='-37873208' action='modify' visible='true' lat='45.4388007782' lon='12.33179314043'>
    <tag k='addr:housenumber' v='1895b' />
    <tag k='addr:place' v='San Polo' />
  </node>
  <node id='-37873209' action='modify' visible='true' lat='45.43751164632' lon='12.33293990687'>
    <tag k='addr:housenumber' v='1086' />
    <tag k='addr:place' v='San Polo' />
  </node>
  <node id='-37873210' action='modify' visible='true' lat='45.43633369962' lon='12.32562776106'>
    <tag k='addr:housenumber' v='3128' />
    <tag k='addr:place' v='San Polo' />
  </node>
  <node id='-37873211' action='modify' visible='true' lat='45.43945354257' lon='12.33431751793'>
    <tag k='addr:housenumber' v='281a' />
    <tag k='addr:place' v='San Polo' />
  </node>
  <node id='-37873212' action='modify' visible='true' lat='45.43832019822' lon='12.33569734472'>
    <tag k='addr:housenumber' v='1' />
    <tag k='addr:place' v='San Polo' />
  </node>
  <node id='-37873213' action='modify' visible='true' lat='45.43625789195' lon='12.32690242839'>
    <tag k='addr:housenumber' v='2952' />
    <tag k='addr:place' v='San Polo' />
  </node>
  <node id='-37873214' action='modify' visible='true' lat='45.43696655032' lon='12.32843589763'>
    <tag k='addr:housenumber' v='2671c' />
    <tag k='addr:place' v='San Polo' />
  </node>
  <node id='-37873215' action='modify' visible='true' lat='45.43867411865' lon='12.33251715737'>
    <tag k='addr:housenumber' v='918b' />
    <tag k='addr:place' v='San Polo' />
  </node>
  <node id='-37873216' action='modify' visible='true' lat='45.43614650121' lon='12.32732177611'>
    <tag k='addr:housenumber' v='2847' />
    <tag k='addr:place' v='San Polo' />
  </node>
  <node id='-37873217' action='modify' visible='true' lat='45.43936379942' lon='12.33270972169'>
    <tag k='addr:housenumber' v='1571' />
    <tag k='addr:place' v='San Polo' />
  </node>
  <node id='-37873218' action='modify' visible='true' lat='45.43963440613' lon='12.33256677515'>
    <tag k='addr:housenumber' v='1688' />
    <tag k='addr:place' v='San Polo' />
  </node>
  <node id='-37873219' action='modify' visible='true' lat='45.43812417553' lon='12.33289751226'>
    <tag k='addr:housenumber' v='992' />
    <tag k='addr:place' v='San Polo' />
  </node>
  <node id='-37873220' action='modify' visible='true' lat='45.43770221607' lon='12.33230537729'>
    <tag k='addr:housenumber' v='1226' />
    <tag k='addr:place' v='San Polo' />
  </node>
  <node id='-37873221' action='modify' visible='true' lat='45.44011185912' lon='12.33250981231'>
    <tag k='addr:housenumber' v='1824' />
    <tag k='addr:place' v='San Polo' />
  </node>
  <node id='-37873222' action='modify' visible='true' lat='45.4402641698' lon='12.33317935076'>
    <tag k='addr:housenumber' v='1776' />
    <tag k='addr:place' v='San Polo' />
  </node>
  <node id='-37873223' action='modify' visible='true' lat='45.43669077868' lon='12.33135923576'>
    <tag k='addr:housenumber' v='1425' />
    <tag k='addr:place' v='San Polo' />
  </node>
  <node id='-37873224' action='modify' visible='true' lat='45.43941065314' lon='12.33466217034'>
    <tag k='addr:housenumber' v='242' />
    <tag k='addr:place' v='San Polo' />
  </node>
  <node id='-37873225' action='modify' visible='true' lat='45.43659361106' lon='12.32491029803'>
    <tag k='addr:housenumber' v='3108' />
    <tag k='addr:place' v='San Polo' />
  </node>
  <node id='-37873226' action='modify' visible='true' lat='45.43982020184' lon='12.33192535872'>
    <tag k='addr:housenumber' v='1854' />
    <tag k='addr:place' v='San Polo' />
  </node>
  <node id='-37873227' action='modify' visible='true' lat='45.43804050146' lon='12.32841747296'>
    <tag k='addr:housenumber' v='2335' />
    <tag k='addr:place' v='San Polo' />
  </node>
  <node id='-37873228' action='modify' visible='true' lat='45.43831396125' lon='12.32810488293'>
    <tag k='addr:housenumber' v='2349' />
    <tag k='addr:place' v='San Polo' />
  </node>
  <node id='-37873229' action='modify' visible='true' lat='45.43685423926' lon='12.32714727544'>
    <tag k='addr:housenumber' v='2997' />
    <tag k='addr:place' v='San Polo' />
  </node>
  <node id='-37873230' action='modify' visible='true' lat='45.43982848301' lon='12.33254150312'>
    <tag k='addr:housenumber' v='1764' />
    <tag k='addr:place' v='San Polo' />
  </node>
  <node id='-37873231' action='modify' visible='true' lat='45.43953783579' lon='12.33243221535'>
    <tag k='addr:housenumber' v='1709' />
    <tag k='addr:place' v='San Polo' />
  </node>
  <node id='-37873232' action='modify' visible='true' lat='45.43861573702' lon='12.33086942755'>
    <tag k='addr:housenumber' v='1938' />
    <tag k='addr:place' v='San Polo' />
  </node>
  <node id='-37873233' action='modify' visible='true' lat='45.43857651487' lon='12.32434930802'>
    <tag k='addr:housenumber' v='2465f' />
    <tag k='addr:place' v='San Polo' />
  </node>
  <node id='-37873234' action='modify' visible='true' lat='45.43691748309' lon='12.32924556482'>
    <tag k='addr:housenumber' v='2098' />
    <tag k='addr:place' v='San Polo' />
  </node>
  <node id='-37873235' action='modify' visible='true' lat='45.4380821542' lon='12.32898850407'>
    <tag k='addr:housenumber' v='2142a' />
    <tag k='addr:place' v='San Polo' />
  </node>
  <node id='-37873236' action='modify' visible='true' lat='45.43651455428' lon='12.32750651377'>
    <tag k='addr:housenumber' v='2985' />
    <tag k='addr:place' v='San Polo' />
  </node>
  <node id='-37873237' action='modify' visible='true' lat='45.43720448144' lon='12.32440331964'>
    <tag k='addr:housenumber' v='3076' />
    <tag k='addr:place' v='San Polo' />
  </node>
  <node id='-37873238' action='modify' visible='true' lat='45.44042770798' lon='12.33269545648'>
    <tag k='addr:housenumber' v='1805a' />
    <tag k='addr:place' v='San Polo' />
  </node>
  <node id='-37873239' action='modify' visible='true' lat='45.4371812462' lon='12.33061916955'>
    <tag k='addr:housenumber' v='1972' />
    <tag k='addr:place' v='San Polo' />
  </node>
  <node id='-37873240' action='modify' visible='true' lat='45.43995423137' lon='12.33327503184'>
    <tag k='addr:housenumber' v='1625' />
    <tag k='addr:place' v='San Polo' />
  </node>
  <node id='-37873241' action='modify' visible='true' lat='45.43890345447' lon='12.33367562021'>
    <tag k='addr:housenumber' v='843' />
    <tag k='addr:place' v='San Polo' />
  </node>
  <node id='-37873242' action='modify' visible='true' lat='45.4382121554' lon='12.32643321545'>
    <tag k='addr:housenumber' v='2407' />
    <tag k='addr:place' v='San Polo' />
  </node>
  <node id='-37873243' action='modify' visible='true' lat='45.43998200598' lon='12.33271489242'>
    <tag k='addr:housenumber' v='1767a' />
    <tag k='addr:place' v='San Polo' />
  </node>
  <node id='-37873244' action='modify' visible='true' lat='45.4366755408' lon='12.32693752457'>
    <tag k='addr:housenumber' v='2972a' />
    <tag k='addr:place' v='San Polo' />
  </node>
  <node id='-37873245' action='modify' visible='true' lat='45.43983006712' lon='12.33307985346'>
    <tag k='addr:housenumber' v='1653' />
    <tag k='addr:place' v='San Polo' />
  </node>
  <node id='-37873246' action='modify' visible='true' lat='45.43859564248' lon='12.3294573103'>
    <tag k='addr:housenumber' v='2195' />
    <tag k='addr:place' v='San Polo' />
  </node>
  <node id='-37873247' action='modify' visible='true' lat='45.43890196311' lon='12.32855678236'>
    <tag k='addr:housenumber' v='2286' />
    <tag k='addr:place' v='San Polo' />
  </node>
  <node id='-37873248' action='modify' visible='true' lat='45.43823186035' lon='12.33396368443'>
    <tag k='addr:housenumber' v='658a' />
    <tag k='addr:place' v='San Polo' />
  </node>
  <node id='-37873249' action='modify' visible='true' lat='45.43846519599' lon='12.32462897326'>
    <tag k='addr:housenumber' v='2463' />
    <tag k='addr:place' v='San Polo' />
  </node>
  <node id='-37873250' action='modify' visible='true' lat='45.43612433013' lon='12.32737394928'>
    <tag k='addr:housenumber' v='2846' />
    <tag k='addr:place' v='San Polo' />
  </node>
  <node id='-37873251' action='modify' visible='true' lat='45.43805636228' lon='12.32642668468'>
    <tag k='addr:housenumber' v='2475' />
    <tag k='addr:place' v='San Polo' />
  </node>
  <node id='-37873252' action='modify' visible='true' lat='45.4384528765' lon='12.3266369389'>
    <tag k='addr:housenumber' v='2375' />
    <tag k='addr:place' v='San Polo' />
  </node>
  <node id='-37873253' action='modify' visible='true' lat='45.43877488398' lon='12.32631355678'>
    <tag k='addr:housenumber' v='2425' />
    <tag k='addr:place' v='San Polo' />
  </node>
  <node id='-37873254' action='modify' visible='true' lat='45.43941137957' lon='12.33243194943'>
    <tag k='addr:housenumber' v='1720' />
    <tag k='addr:place' v='San Polo' />
  </node>
  <node id='-37873255' action='modify' visible='true' lat='45.4383956522' lon='12.33546093597'>
    <tag k='addr:housenumber' v='78' />
    <tag k='addr:place' v='San Polo' />
  </node>
  <node id='-37873256' action='modify' visible='true' lat='45.43731270144' lon='12.32958742855'>
    <tag k='addr:housenumber' v='2119' />
    <tag k='addr:place' v='San Polo' />
  </node>
  <node id='-37873257' action='modify' visible='true' lat='45.4388404862' lon='12.33207110332'>
    <tag k='addr:housenumber' v='1540b' />
    <tag k='addr:place' v='San Polo' />
  </node>
  <node id='-37873258' action='modify' visible='true' lat='45.43816663842' lon='12.3330207855'>
    <tag k='addr:housenumber' v='991c' />
    <tag k='addr:place' v='San Polo' />
  </node>
  <node id='-37873259' action='modify' visible='true' lat='45.43932880955' lon='12.33385026056'>
    <tag k='addr:housenumber' v='315' />
    <tag k='addr:place' v='San Polo' />
  </node>
  <node id='-37873260' action='modify' visible='true' lat='45.43871609545' lon='12.33197595227'>
    <tag k='addr:housenumber' v='1534' />
    <tag k='addr:place' v='San Polo' />
  </node>
  <node id='-37873261' action='modify' visible='true' lat='45.4387341584' lon='12.3311742714'>
    <tag k='addr:housenumber' v='1926' />
    <tag k='addr:place' v='San Polo' />
  </node>
  <node id='-37873262' action='modify' visible='true' lat='45.43985690757' lon='12.33290725328'>
    <tag k='addr:housenumber' v='1664b' />
    <tag k='addr:place' v='San Polo' />
  </node>
  <node id='-37873263' action='modify' visible='true' lat='45.43685144902' lon='12.3304126339'>
    <tag k='addr:housenumber' v='2000' />
    <tag k='addr:place' v='San Polo' />
  </node>
  <node id='-37873264' action='modify' visible='true' lat='45.43625132819' lon='12.32707665379'>
    <tag k='addr:housenumber' v='2855' />
    <tag k='addr:place' v='San Polo' />
  </node>
  <node id='-37873265' action='modify' visible='true' lat='45.43722510897' lon='12.32823288153'>
    <tag k='addr:housenumber' v='2656' />
    <tag k='addr:place' v='San Polo' />
  </node>
  <node id='-37873266' action='modify' visible='true' lat='45.43950186762' lon='12.33384265203'>
    <tag k='addr:housenumber' v='319a' />
    <tag k='addr:place' v='San Polo' />
  </node>
  <node id='-37873267' action='modify' visible='true' lat='45.43928755188' lon='12.33363707485'>
    <tag k='addr:housenumber' v='369' />
    <tag k='addr:place' v='San Polo' />
  </node>
  <node id='-37873268' action='modify' visible='true' lat='45.43957053226' lon='12.33329741588'>
    <tag k='addr:housenumber' v='1607' />
    <tag k='addr:place' v='San Polo' />
  </node>
  <node id='-37873269' action='modify' visible='true' lat='45.43963995736' lon='12.33335452957'>
    <tag k='addr:housenumber' v='1608' />
    <tag k='addr:place' v='San Polo' />
  </node>
  <node id='-37873270' action='modify' visible='true' lat='45.43952940396' lon='12.33224282753'>
    <tag k='addr:housenumber' v='1725' />
    <tag k='addr:place' v='San Polo' />
  </node>
  <node id='-37873271' action='modify' visible='true' lat='45.43755743058' lon='12.33148041771'>
    <tag k='addr:housenumber' v='1479' />
    <tag k='addr:place' v='San Polo' />
  </node>
  <node id='-37873272' action='modify' visible='true' lat='45.43662741823' lon='12.32677688658'>
    <tag k='addr:housenumber' v='2966a' />
    <tag k='addr:place' v='San Polo' />
  </node>
  <node id='-37873273' action='modify' visible='true' lat='45.43672867' lon='12.33034154813'>
    <tag k='addr:housenumber' v='2005' />
    <tag k='addr:place' v='San Polo' />
  </node>
  <node id='-37873274' action='modify' visible='true' lat='45.43571174268' lon='12.32754411079'>
    <tag k='addr:housenumber' v='2885' />
    <tag k='addr:place' v='San Polo' />
  </node>
  <node id='-37873275' action='modify' visible='true' lat='45.43854640378' lon='12.33124136891'>
    <tag k='addr:housenumber' v='1515b' />
    <tag k='addr:place' v='San Polo' />
  </node>
  <node id='-37873276' action='modify' visible='true' lat='45.43590990202' lon='12.32840879288'>
    <tag k='addr:housenumber' v='2789a' />
    <tag k='addr:place' v='San Polo' />
  </node>
  <node id='-37873277' action='modify' visible='true' lat='45.43837475009' lon='12.33215755868'>
    <tag k='addr:housenumber' v='937' />
    <tag k='addr:place' v='San Polo' />
  </node>
  <node id='-37873278' action='modify' visible='true' lat='45.43902035348' lon='12.33375229746'>
    <tag k='addr:housenumber' v='838b' />
    <tag k='addr:place' v='San Polo' />
  </node>
  <node id='-37873279' action='modify' visible='true' lat='45.43902005002' lon='12.33318057715'>
    <tag k='addr:housenumber' v='870' />
    <tag k='addr:place' v='San Polo' />
  </node>
  <node id='-37873280' action='modify' visible='true' lat='45.43921764371' lon='12.33435014877'>
    <tag k='addr:housenumber' v='250' />
    <tag k='addr:place' v='San Polo' />
  </node>
  <node id='-37873281' action='modify' visible='true' lat='45.43797245135' lon='12.3271915799'>
    <tag k='addr:housenumber' v='2505a' />
    <tag k='addr:place' v='San Polo' />
  </node>
  <node id='-37873282' action='modify' visible='true' lat='45.43808091306' lon='12.33217639399'>
    <tag k='addr:housenumber' v='1269' />
    <tag k='addr:place' v='San Polo' />
  </node>
  <node id='-37873283' action='modify' visible='true' lat='45.43937443292' lon='12.33423664551'>
    <tag k='addr:housenumber' v='278' />
    <tag k='addr:place' v='San Polo' />
  </node>
  <node id='-37873284' action='modify' visible='true' lat='45.43886179772' lon='12.33363232961'>
    <tag k='addr:housenumber' v='844' />
    <tag k='addr:place' v='San Polo' />
  </node>
  <node id='-37873285' action='modify' visible='true' lat='45.43675730445' lon='12.32853912527'>
    <tag k='addr:housenumber' v='2695a' />
    <tag k='addr:place' v='San Polo' />
  </node>
  <node id='-37873286' action='modify' visible='true' lat='45.43971777294' lon='12.33407988751'>
    <tag k='addr:housenumber' v='326' />
    <tag k='addr:place' v='San Polo' />
  </node>
  <node id='-37873287' action='modify' visible='true' lat='45.43614537283' lon='12.32797107024'>
    <tag k='addr:housenumber' v='2806' />
    <tag k='addr:place' v='San Polo' />
  </node>
  <node id='-37873288' action='modify' visible='true' lat='45.43873432575' lon='12.32392538645'>
    <tag k='addr:housenumber' v='2465b' />
    <tag k='addr:place' v='San Polo' />
  </node>
  <node id='-37873289' action='modify' visible='true' lat='45.43986754035' lon='12.33311594544'>
    <tag k='addr:housenumber' v='1651' />
    <tag k='addr:place' v='San Polo' />
  </node>
  <node id='-37873290' action='modify' visible='true' lat='45.43717676954' lon='12.33367127168'>
    <tag k='addr:housenumber' v='1098' />
    <tag k='addr:place' v='San Polo' />
  </node>
  <node id='-37873291' action='modify' visible='true' lat='45.43928276695' lon='12.3326145144'>
    <tag k='addr:housenumber' v='1567' />
    <tag k='addr:place' v='San Polo' />
  </node>
  <node id='-37873292' action='modify' visible='true' lat='45.43954441464' lon='12.3343441878'>
    <tag k='addr:housenumber' v='285' />
    <tag k='addr:place' v='San Polo' />
  </node>
  <node id='-37873293' action='modify' visible='true' lat='45.43802313131' lon='12.33406728045'>
    <tag k='addr:housenumber' v='663' />
    <tag k='addr:place' v='San Polo' />
  </node>
  <node id='-37873294' action='modify' visible='true' lat='45.43837984907' lon='12.32852743636'>
    <tag k='addr:housenumber' v='2330' />
    <tag k='addr:place' v='San Polo' />
  </node>
  <node id='-37873295' action='modify' visible='true' lat='45.44024580432' lon='12.33301886775'>
    <tag k='addr:housenumber' v='1774' />
    <tag k='addr:place' v='San Polo' />
  </node>
  <node id='-37873296' action='modify' visible='true' lat='45.43618029218' lon='12.32921956032'>
    <tag k='addr:housenumber' v='2765a' />
    <tag k='addr:place' v='San Polo' />
  </node>
  <node id='-37873297' action='modify' visible='true' lat='45.43912488815' lon='12.33377366984'>
    <tag k='addr:housenumber' v='829' />
    <tag k='addr:place' v='San Polo' />
  </node>
  <node id='-37873298' action='modify' visible='true' lat='45.4383351581' lon='12.33287608407'>
    <tag k='addr:housenumber' v='948' />
    <tag k='addr:place' v='San Polo' />
  </node>
  <node id='-37873299' action='modify' visible='true' lat='45.43615122238' lon='12.32779733675'>
    <tag k='addr:housenumber' v='2818' />
    <tag k='addr:place' v='San Polo' />
  </node>
  <node id='-37873300' action='modify' visible='true' lat='45.43784763031' lon='12.33375899306'>
    <tag k='addr:housenumber' v='761' />
    <tag k='addr:place' v='San Polo' />
  </node>
  <node id='-37873301' action='modify' visible='true' lat='45.4385670033' lon='12.33487747714'>
    <tag k='addr:housenumber' v='60a' />
    <tag k='addr:place' v='San Polo' />
  </node>
  <node id='-37873302' action='modify' visible='true' lat='45.43618526341' lon='12.3278246061'>
    <tag k='addr:housenumber' v='2817' />
    <tag k='addr:place' v='San Polo' />
  </node>
  <node id='-37873303' action='modify' visible='true' lat='45.4397633059' lon='12.33301588529'>
    <tag k='addr:housenumber' v='1655' />
    <tag k='addr:place' v='San Polo' />
  </node>
  <node id='-37873304' action='modify' visible='true' lat='45.43858856786' lon='12.33194616721'>
    <tag k='addr:housenumber' v='1528' />
    <tag k='addr:place' v='San Polo' />
  </node>
  <node id='-37873305' action='modify' visible='true' lat='45.44012953411' lon='12.3324751449'>
    <tag k='addr:housenumber' v='1823' />
    <tag k='addr:place' v='San Polo' />
  </node>
  <node id='-37873306' action='modify' visible='true' lat='45.43841318778' lon='12.33160018845'>
    <tag k='addr:housenumber' v='1512d' />
    <tag k='addr:place' v='San Polo' />
  </node>
  <node id='-37873307' action='modify' visible='true' lat='45.43908692025' lon='12.33462004652'>
    <tag k='addr:housenumber' v='230' />
    <tag k='addr:place' v='San Polo' />
  </node>
  <node id='-37873308' action='modify' visible='true' lat='45.43858663469' lon='12.33259786581'>
    <tag k='addr:housenumber' v='916d' />
    <tag k='addr:place' v='San Polo' />
  </node>
  <node id='-37873309' action='modify' visible='true' lat='45.43891059451' lon='12.33232430137'>
    <tag k='addr:housenumber' v='1545' />
    <tag k='addr:place' v='San Polo' />
  </node>
  <node id='-37873310' action='modify' visible='true' lat='45.43903632367' lon='12.33154587219'>
    <tag k='addr:housenumber' v='1869' />
    <tag k='addr:place' v='San Polo' />
  </node>
  <node id='-37873311' action='modify' visible='true' lat='45.4375616111' lon='12.33171802927'>
    <tag k='addr:housenumber' v='1338;1337;1336;1335;1334;1333;1332;1331;1330;1329' />
    <tag k='addr:place' v='San Polo' />
  </node>
  <node id='-37873312' action='modify' visible='true' lat='45.43791915521' lon='12.32928848791'>
    <tag k='addr:housenumber' v='2154' />
    <tag k='addr:place' v='San Polo' />
  </node>
  <node id='-37873313' action='modify' visible='true' lat='45.4366351213' lon='12.33076716204'>
    <tag k='addr:housenumber' v='1978' />
    <tag k='addr:place' v='San Polo' />
  </node>
  <node id='-37873314' action='modify' visible='true' lat='45.43826522562' lon='12.32655690509'>
    <tag k='addr:housenumber' v='2381' />
    <tag k='addr:place' v='San Polo' />
  </node>
  <node id='-37873315' action='modify' visible='true' lat='45.43696821252' lon='12.32858578164'>
    <tag k='addr:housenumber' v='2731' />
    <tag k='addr:place' v='San Polo' />
  </node>
  <node id='-37873316' action='modify' visible='true' lat='45.4390928124' lon='12.33396147387'>
    <tag k='addr:housenumber' v='400' />
    <tag k='addr:place' v='San Polo' />
  </node>
  <node id='-37873317' action='modify' visible='true' lat='45.43872557555' lon='12.32929113426'>
    <tag k='addr:housenumber' v='2207a' />
    <tag k='addr:place' v='San Polo' />
  </node>
  <node id='-37873318' action='modify' visible='true' lat='45.43902633316' lon='12.33443821771'>
    <tag k='addr:housenumber' v='385' />
    <tag k='addr:place' v='San Polo' />
  </node>
  <node id='-37873319' action='modify' visible='true' lat='45.4386735811' lon='12.332603785'>
    <tag k='addr:housenumber' v='916a' />
    <tag k='addr:place' v='San Polo' />
  </node>
  <node id='-37873320' action='modify' visible='true' lat='45.43866682022' lon='12.32413953712'>
    <tag k='addr:housenumber' v='2465a' />
    <tag k='addr:place' v='San Polo' />
  </node>
  <node id='-37873321' action='modify' visible='true' lat='45.43621173101' lon='12.32846095827'>
    <tag k='addr:housenumber' v='2769' />
    <tag k='addr:place' v='San Polo' />
  </node>
  <node id='-37873322' action='modify' visible='true' lat='45.4379552502' lon='12.32861141152'>
    <tag k='addr:housenumber' v='2145' />
    <tag k='addr:place' v='San Polo' />
  </node>
  <node id='-37873323' action='modify' visible='true' lat='45.43845733229' lon='12.32722671091'>
    <tag k='addr:housenumber' v='2358' />
    <tag k='addr:place' v='San Polo' />
  </node>
  <node id='-37873324' action='modify' visible='true' lat='45.43839979824' lon='12.32470020802'>
    <tag k='addr:housenumber' v='2466a' />
    <tag k='addr:place' v='San Polo' />
  </node>
  <node id='-37873325' action='modify' visible='true' lat='45.43717672796' lon='12.33024589888'>
    <tag k='addr:housenumber' v='2008' />
    <tag k='addr:place' v='San Polo' />
  </node>
  <node id='-37873326' action='modify' visible='true' lat='45.4370981681' lon='12.33005334302'>
    <tag k='addr:housenumber' v='2020' />
    <tag k='addr:place' v='San Polo' />
  </node>
  <node id='-37873327' action='modify' visible='true' lat='45.43842924676' lon='12.33242838662'>
    <tag k='addr:housenumber' v='929' />
    <tag k='addr:place' v='San Polo' />
  </node>
  <node id='-37873328' action='modify' visible='true' lat='45.43714069414' lon='12.32423370711'>
    <tag k='addr:housenumber' v='3085a' />
    <tag k='addr:place' v='San Polo' />
  </node>
  <node id='-37873329' action='modify' visible='true' lat='45.43735789881' lon='12.33107036547'>
    <tag k='addr:housenumber' v='1467' />
    <tag k='addr:place' v='San Polo' />
  </node>
  <node id='-37873330' action='modify' visible='true' lat='45.43936818084' lon='12.33395943637'>
    <tag k='addr:housenumber' v='314' />
    <tag k='addr:place' v='San Polo' />
  </node>
  <node id='-37873331' action='modify' visible='true' lat='45.4380617442' lon='12.33225681691'>
    <tag k='addr:housenumber' v='1263' />
    <tag k='addr:place' v='San Polo' />
  </node>
  <node id='-37873332' action='modify' visible='true' lat='45.43761036702' lon='12.33180710467'>
    <tag k='addr:housenumber' v='1326' />
    <tag k='addr:place' v='San Polo' />
  </node>
  <node id='-37873333' action='modify' visible='true' lat='45.43632161096' lon='12.32980966683'>
    <tag k='addr:housenumber' v='2048' />
    <tag k='addr:place' v='San Polo' />
  </node>
  <node id='-37873334' action='modify' visible='true' lat='45.43698247309' lon='12.33108304914'>
    <tag k='addr:housenumber' v='1450' />
    <tag k='addr:place' v='San Polo' />
  </node>
  <node id='-37873335' action='modify' visible='true' lat='45.43944750554' lon='12.3323338823'>
    <tag k='addr:housenumber' v='1727' />
    <tag k='addr:place' v='San Polo' />
  </node>
  <node id='-37873336' action='modify' visible='true' lat='45.43861870132' lon='12.33190905769'>
    <tag k='addr:housenumber' v='1527' />
    <tag k='addr:place' v='San Polo' />
  </node>
  <node id='-37873337' action='modify' visible='true' lat='45.43679444204' lon='12.32884218097'>
    <tag k='addr:housenumber' v='2736' />
    <tag k='addr:place' v='San Polo' />
  </node>
  <node id='-37873338' action='modify' visible='true' lat='45.43888900644' lon='12.33259188006'>
    <tag k='addr:housenumber' v='1558' />
    <tag k='addr:place' v='San Polo' />
  </node>
  <node id='-37873339' action='modify' visible='true' lat='45.43675410109' lon='12.32846937247'>
    <tag k='addr:housenumber' v='2701' />
    <tag k='addr:place' v='San Polo' />
  </node>
  <node id='-37873340' action='modify' visible='true' lat='45.43930958905' lon='12.33189367677'>
    <tag k='addr:housenumber' v='1865' />
    <tag k='addr:place' v='San Polo' />
  </node>
  <node id='-37873341' action='modify' visible='true' lat='45.43756836644' lon='12.33465971596'>
    <tag k='addr:housenumber' v='738' />
    <tag k='addr:place' v='San Polo' />
  </node>
  <node id='-37873342' action='modify' visible='true' lat='45.43841660084' lon='12.33241241782'>
    <tag k='addr:housenumber' v='930' />
    <tag k='addr:place' v='San Polo' />
  </node>
  <node id='-37873343' action='modify' visible='true' lat='45.43914643534' lon='12.33185306787'>
    <tag k='addr:housenumber' v='1889b' />
    <tag k='addr:place' v='San Polo' />
  </node>
  <node id='-37873344' action='modify' visible='true' lat='45.43637971011' lon='12.32818258314'>
    <tag k='addr:housenumber' v='2715a' />
    <tag k='addr:place' v='San Polo' />
  </node>
  <node id='-37873345' action='modify' visible='true' lat='45.43903266337' lon='12.33372790937'>
    <tag k='addr:housenumber' v='838a' />
    <tag k='addr:place' v='San Polo' />
  </node>
  <node id='-37873346' action='modify' visible='true' lat='45.43670553864' lon='12.32996075227'>
    <tag k='addr:housenumber' v='2058' />
    <tag k='addr:place' v='San Polo' />
  </node>
  <node id='-37873347' action='modify' visible='true' lat='45.4385462556' lon='12.32853625243'>
    <tag k='addr:housenumber' v='2322' />
    <tag k='addr:place' v='San Polo' />
  </node>
  <node id='-37873348' action='modify' visible='true' lat='45.43864238293' lon='12.32602482175'>
    <tag k='addr:housenumber' v='2439' />
    <tag k='addr:place' v='San Polo' />
  </node>
  <node id='-37873349' action='modify' visible='true' lat='45.43989236581' lon='12.33261278036'>
    <tag k='addr:housenumber' v='1766' />
    <tag k='addr:place' v='San Polo' />
  </node>
  <node id='-37873350' action='modify' visible='true' lat='45.4380152399' lon='12.32909836826'>
    <tag k='addr:housenumber' v='2130a' />
    <tag k='addr:place' v='San Polo' />
  </node>
  <node id='-37873351' action='modify' visible='true' lat='45.43856661651' lon='12.33422999341'>
    <tag k='addr:housenumber' v='559' />
    <tag k='addr:place' v='San Polo' />
  </node>
  <node id='-37873352' action='modify' visible='true' lat='45.43819217555' lon='12.32639565339'>
    <tag k='addr:housenumber' v='2471' />
    <tag k='addr:place' v='San Polo' />
  </node>
  <node id='-37873353' action='modify' visible='true' lat='45.43826886809' lon='12.32711227584'>
    <tag k='addr:housenumber' v='2390a' />
    <tag k='addr:place' v='San Polo' />
  </node>
  <node id='-37873354' action='modify' visible='true' lat='45.43837352198' lon='12.32975124011'>
    <tag k='addr:housenumber' v='2183' />
    <tag k='addr:place' v='San Polo' />
  </node>
  <node id='-37873355' action='modify' visible='true' lat='45.43825755513' lon='12.32707548085'>
    <tag k='addr:housenumber' v='2391' />
    <tag k='addr:place' v='San Polo' />
  </node>
  <node id='-37873356' action='modify' visible='true' lat='45.43704187307' lon='12.32421626664'>
    <tag k='addr:housenumber' v='3090' />
    <tag k='addr:place' v='San Polo' />
  </node>
  <node id='-37873357' action='modify' visible='true' lat='45.43718261745' lon='12.33066219297'>
    <tag k='addr:housenumber' v='1971' />
    <tag k='addr:place' v='San Polo' />
  </node>
  <node id='-37873358' action='modify' visible='true' lat='45.43886792057' lon='12.32942232001'>
    <tag k='addr:housenumber' v='2224' />
    <tag k='addr:place' v='San Polo' />
  </node>
  <node id='-37873359' action='modify' visible='true' lat='45.43894455645' lon='12.32952969843'>
    <tag k='addr:housenumber' v='2222' />
    <tag k='addr:place' v='San Polo' />
  </node>
  <node id='-37873360' action='modify' visible='true' lat='45.43727682597' lon='12.32868958434'>
    <tag k='addr:housenumber' v='2666' />
    <tag k='addr:place' v='San Polo' />
  </node>
  <node id='-37873361' action='modify' visible='true' lat='45.43844927713' lon='12.32450852582'>
    <tag k='addr:housenumber' v='2466' />
    <tag k='addr:place' v='San Polo' />
  </node>
  <node id='-37873362' action='modify' visible='true' lat='45.43772718222' lon='12.33172591065'>
    <tag k='addr:housenumber' v='1322a' />
    <tag k='addr:place' v='San Polo' />
  </node>
  <node id='-37873363' action='modify' visible='true' lat='45.43750901639' lon='12.33419426901'>
    <tag k='addr:housenumber' v='748' />
    <tag k='addr:place' v='San Polo' />
  </node>
  <node id='-37873364' action='modify' visible='true' lat='45.43850743616' lon='12.32676898171'>
    <tag k='addr:housenumber' v='2367' />
    <tag k='addr:place' v='San Polo' />
  </node>
  <node id='-37873365' action='modify' visible='true' lat='45.43793007983' lon='12.32887401341'>
    <tag k='addr:housenumber' v='2139' />
    <tag k='addr:place' v='San Polo' />
  </node>
  <node id='-37873366' action='modify' visible='true' lat='45.43792449193' lon='12.32856909855'>
    <tag k='addr:housenumber' v='2145a' />
    <tag k='addr:place' v='San Polo' />
  </node>
  <node id='-37873367' action='modify' visible='true' lat='45.4400217233' lon='12.33306885219'>
    <tag k='addr:housenumber' v='1639' />
    <tag k='addr:place' v='San Polo' />
  </node>
  <node id='-37873368' action='modify' visible='true' lat='45.43706365672' lon='12.32924660229'>
    <tag k='addr:housenumber' v='2106' />
    <tag k='addr:place' v='San Polo' />
  </node>
  <node id='-37873369' action='modify' visible='true' lat='45.43626728336' lon='12.32753051512'>
    <tag k='addr:housenumber' v='2840' />
    <tag k='addr:place' v='San Polo' />
  </node>
  <node id='-37873370' action='modify' visible='true' lat='45.4384610171' lon='12.33378420558'>
    <tag k='addr:housenumber' v='802' />
    <tag k='addr:place' v='San Polo' />
  </node>
  <node id='-37873371' action='modify' visible='true' lat='45.43793901455' lon='12.3267234538'>
    <tag k='addr:housenumber' v='2492' />
    <tag k='addr:place' v='San Polo' />
  </node>
  <node id='-37873372' action='modify' visible='true' lat='45.43935502491' lon='12.33197922917'>
    <tag k='addr:housenumber' v='1863a' />
    <tag k='addr:place' v='San Polo' />
  </node>
  <node id='-37873373' action='modify' visible='true' lat='45.43732010115' lon='12.32755262171'>
    <tag k='addr:housenumber' v='2580' />
    <tag k='addr:place' v='San Polo' />
  </node>
  <node id='-37873374' action='modify' visible='true' lat='45.43782950638' lon='12.3268742959'>
    <tag k='addr:housenumber' v='2498' />
    <tag k='addr:place' v='San Polo' />
  </node>
  <node id='-37873375' action='modify' visible='true' lat='45.43916797544' lon='12.32894601001'>
    <tag k='addr:housenumber' v='2254' />
    <tag k='addr:place' v='San Polo' />
  </node>
  <node id='-37873376' action='modify' visible='true' lat='45.43860402023' lon='12.33300303653'>
    <tag k='addr:housenumber' v='908' />
    <tag k='addr:place' v='San Polo' />
  </node>
  <node id='-37873377' action='modify' visible='true' lat='45.43920066823' lon='12.32882461021'>
    <tag k='addr:housenumber' v='2248' />
    <tag k='addr:place' v='San Polo' />
  </node>
  <node id='-37873378' action='modify' visible='true' lat='45.43917452557' lon='12.32880735326'>
    <tag k='addr:housenumber' v='2247' />
    <tag k='addr:place' v='San Polo' />
  </node>
  <node id='-37873379' action='modify' visible='true' lat='45.43782643456' lon='12.32709941429'>
    <tag k='addr:housenumber' v='2498b' />
    <tag k='addr:place' v='San Polo' />
  </node>
  <node id='-37873380' action='modify' visible='true' lat='45.43715197349' lon='12.33223005699'>
    <tag k='addr:housenumber' v='1199' />
    <tag k='addr:place' v='San Polo' />
  </node>
  <node id='-37873381' action='modify' visible='true' lat='45.43891649493' lon='12.32833269941'>
    <tag k='addr:housenumber' v='2293' />
    <tag k='addr:place' v='San Polo' />
  </node>
  <node id='-37873382' action='modify' visible='true' lat='45.43883108137' lon='12.33481010766'>
    <tag k='addr:housenumber' v='86' />
    <tag k='addr:place' v='San Polo' />
  </node>
  <node id='-37873383' action='modify' visible='true' lat='45.4389587104' lon='12.33447373159'>
    <tag k='addr:housenumber' v='387' />
    <tag k='addr:place' v='San Polo' />
  </node>
  <node id='-37873384' action='modify' visible='true' lat='45.43636178593' lon='12.32855102342'>
    <tag k='addr:housenumber' v='2768' />
    <tag k='addr:place' v='San Polo' />
  </node>
  <node id='-37873385' action='modify' visible='true' lat='45.44035431103' lon='12.33259330642'>
    <tag k='addr:housenumber' v='1812a' />
    <tag k='addr:place' v='San Polo' />
  </node>
  <node id='-37873386' action='modify' visible='true' lat='45.43642169378' lon='12.32602721746'>
    <tag k='addr:housenumber' v='3043' />
    <tag k='addr:place' v='San Polo' />
  </node>
  <node id='-37873387' action='modify' visible='true' lat='45.43837483616' lon='12.33371731122'>
    <tag k='addr:housenumber' v='793a' />
    <tag k='addr:place' v='San Polo' />
  </node>
  <node id='-37873388' action='modify' visible='true' lat='45.4378289609' lon='12.32645782093'>
    <tag k='addr:housenumber' v='2483' />
    <tag k='addr:place' v='San Polo' />
  </node>
  <node id='-37873389' action='modify' visible='true' lat='45.43906035268' lon='12.33436092087'>
    <tag k='addr:housenumber' v='383' />
    <tag k='addr:place' v='San Polo' />
  </node>
  <node id='-37873390' action='modify' visible='true' lat='45.43840055435' lon='12.33279936124'>
    <tag k='addr:housenumber' v='925' />
    <tag k='addr:place' v='San Polo' />
  </node>
  <node id='-37873391' action='modify' visible='true' lat='45.43788389644' lon='12.33520558219'>
    <tag k='addr:housenumber' v='727' />
    <tag k='addr:place' v='San Polo' />
  </node>
  <node id='-37873392' action='modify' visible='true' lat='45.43938642918' lon='12.33473105036'>
    <tag k='addr:housenumber' v='203' />
    <tag k='addr:place' v='San Polo' />
  </node>
  <node id='-37873393' action='modify' visible='true' lat='45.43632956877' lon='12.3270712527'>
    <tag k='addr:housenumber' v='2956' />
    <tag k='addr:place' v='San Polo' />
  </node>
  <node id='-37873394' action='modify' visible='true' lat='45.43830234194' lon='12.33264776302'>
    <tag k='addr:housenumber' v='945' />
    <tag k='addr:place' v='San Polo' />
  </node>
  <node id='-37873395' action='modify' visible='true' lat='45.43870357955' lon='12.33553783203'>
    <tag k='addr:housenumber' v='128' />
    <tag k='addr:place' v='San Polo' />
  </node>
  <node id='-37873396' action='modify' visible='true' lat='45.43610882386' lon='12.326996909'>
    <tag k='addr:housenumber' v='2861' />
    <tag k='addr:place' v='San Polo' />
  </node>
  <node id='-37873397' action='modify' visible='true' lat='45.43944026946' lon='12.33295635652'>
    <tag k='addr:housenumber' v='1595' />
    <tag k='addr:place' v='San Polo' />
  </node>
  <node id='-37873398' action='modify' visible='true' lat='45.43773129961' lon='12.32623088637'>
    <tag k='addr:housenumber' v='2550' />
    <tag k='addr:place' v='San Polo' />
  </node>
  <node id='-37873399' action='modify' visible='true' lat='45.43818044065' lon='12.32981852853'>
    <tag k='addr:housenumber' v='2180' />
    <tag k='addr:place' v='San Polo' />
  </node>
  <node id='-37873400' action='modify' visible='true' lat='45.43873773136' lon='12.33320790324'>
    <tag k='addr:housenumber' v='884b' />
    <tag k='addr:place' v='San Polo' />
  </node>
  <node id='-37873401' action='modify' visible='true' lat='45.43839535681' lon='12.33375454216'>
    <tag k='addr:housenumber' v='794' />
    <tag k='addr:place' v='San Polo' />
  </node>
  <node id='-37873402' action='modify' visible='true' lat='45.43863624432' lon='12.33184012855'>
    <tag k='addr:housenumber' v='1526' />
    <tag k='addr:place' v='San Polo' />
  </node>
  <node id='-37873403' action='modify' visible='true' lat='45.43865148384' lon='12.33190021203'>
    <tag k='addr:housenumber' v='1533' />
    <tag k='addr:place' v='San Polo' />
  </node>
  <node id='-37873404' action='modify' visible='true' lat='45.43880788283' lon='12.32918418883'>
    <tag k='addr:housenumber' v='2229' />
    <tag k='addr:place' v='San Polo' />
  </node>
  <node id='-37873405' action='modify' visible='true' lat='45.43790411694' lon='12.32424906035'>
    <tag k='addr:housenumber' v='3080a' />
    <tag k='addr:place' v='San Polo' />
  </node>
  <node id='-37873406' action='modify' visible='true' lat='45.43815484382' lon='12.33495846608'>
    <tag k='addr:housenumber' v='543' />
    <tag k='addr:place' v='San Polo' />
  </node>
  <node id='-37873407' action='modify' visible='true' lat='45.43845104845' lon='12.32827381279'>
    <tag k='addr:housenumber' v='2305b' />
    <tag k='addr:place' v='San Polo' />
  </node>
  <node id='-37873408' action='modify' visible='true' lat='45.43693685556' lon='12.32509185587'>
    <tag k='addr:housenumber' v='3063' />
    <tag k='addr:place' v='San Polo' />
  </node>
  <node id='-37873409' action='modify' visible='true' lat='45.43815703773' lon='12.3298476859'>
    <tag k='addr:housenumber' v='2179' />
    <tag k='addr:place' v='San Polo' />
  </node>
  <node id='-37873410' action='modify' visible='true' lat='45.43901576099' lon='12.33407961986'>
    <tag k='addr:housenumber' v='403' />
    <tag k='addr:place' v='San Polo' />
  </node>
  <node id='-37873411' action='modify' visible='true' lat='45.43987067882' lon='12.33276897516'>
    <tag k='addr:housenumber' v='1672' />
    <tag k='addr:place' v='San Polo' />
  </node>
  <node id='-37873412' action='modify' visible='true' lat='45.43764459612' lon='12.33080720182'>
    <tag k='addr:housenumber' v='1954' />
    <tag k='addr:place' v='San Polo' />
  </node>
  <node id='-37873413' action='modify' visible='true' lat='45.43905780801' lon='12.33458568178'>
    <tag k='addr:housenumber' v='231a' />
    <tag k='addr:place' v='San Polo' />
  </node>
  <node id='-37873414' action='modify' visible='true' lat='45.43869090429' lon='12.33164797575'>
    <tag k='addr:housenumber' v='1896a' />
    <tag k='addr:place' v='San Polo' />
  </node>
  <node id='-37873415' action='modify' visible='true' lat='45.43847177588' lon='12.33398302069'>
    <tag k='addr:housenumber' v='779' />
    <tag k='addr:place' v='San Polo' />
  </node>
  <node id='-37873416' action='modify' visible='true' lat='45.43568379466' lon='12.32824742263'>
    <tag k='addr:housenumber' v='2811c' />
    <tag k='addr:place' v='San Polo' />
  </node>
  <node id='-37873417' action='modify' visible='true' lat='45.43990832975' lon='12.33275814138'>
    <tag k='addr:housenumber' v='1675' />
    <tag k='addr:place' v='San Polo' />
  </node>
  <node id='-37873418' action='modify' visible='true' lat='45.43879143483' lon='12.33443809047'>
    <tag k='addr:housenumber' v='478' />
    <tag k='addr:place' v='San Polo' />
  </node>
  <node id='-37873419' action='modify' visible='true' lat='45.43621751111' lon='12.32831564186'>
    <tag k='addr:housenumber' v='2794' />
    <tag k='addr:place' v='San Polo' />
  </node>
  <node id='-37873420' action='modify' visible='true' lat='45.43852277341' lon='12.33170508248'>
    <tag k='addr:housenumber' v='1519c' />
    <tag k='addr:place' v='San Polo' />
  </node>
  <node id='-37873421' action='modify' visible='true' lat='45.43926469369' lon='12.33405133196'>
    <tag k='addr:housenumber' v='297' />
    <tag k='addr:place' v='San Polo' />
  </node>
  <node id='-37873422' action='modify' visible='true' lat='45.43815642629' lon='12.33223285472'>
    <tag k='addr:housenumber' v='1265' />
    <tag k='addr:place' v='San Polo' />
  </node>
  <node id='-37873423' action='modify' visible='true' lat='45.4382521626' lon='12.33429736893'>
    <tag k='addr:housenumber' v='611' />
    <tag k='addr:place' v='San Polo' />
  </node>
  <node id='-37873424' action='modify' visible='true' lat='45.4390438179' lon='12.33448622035'>
    <tag k='addr:housenumber' v='232' />
    <tag k='addr:place' v='San Polo' />
  </node>
  <node id='-37873425' action='modify' visible='true' lat='45.43873184989' lon='12.32871945848'>
    <tag k='addr:housenumber' v='2317' />
    <tag k='addr:place' v='San Polo' />
  </node>
  <node id='-37873426' action='modify' visible='true' lat='45.43898001692' lon='12.33379168892'>
    <tag k='addr:housenumber' v='820' />
    <tag k='addr:place' v='San Polo' />
  </node>
  <node id='-37873427' action='modify' visible='true' lat='45.43641131566' lon='12.32603762935'>
    <tag k='addr:housenumber' v='3036' />
    <tag k='addr:place' v='San Polo' />
  </node>
  <node id='-37873428' action='modify' visible='true' lat='45.43801492677' lon='12.32904592006'>
    <tag k='addr:housenumber' v='2131b' />
    <tag k='addr:place' v='San Polo' />
  </node>
  <node id='-37873429' action='modify' visible='true' lat='45.43781579473' lon='12.32364886417'>
    <tag k='addr:housenumber' v='3078e' />
    <tag k='addr:place' v='San Polo' />
  </node>
  <node id='-37873430' action='modify' visible='true' lat='45.43767895279' lon='12.33403008099'>
    <tag k='addr:housenumber' v='755' />
    <tag k='addr:place' v='San Polo' />
  </node>
  <node id='-37873431' action='modify' visible='true' lat='45.43790064294' lon='12.33285911524'>
    <tag k='addr:housenumber' v='1060' />
    <tag k='addr:place' v='San Polo' />
  </node>
  <node id='-37873432' action='modify' visible='true' lat='45.43708470283' lon='12.33244092117'>
    <tag k='addr:housenumber' v='1178' />
    <tag k='addr:place' v='San Polo' />
  </node>
  <node id='-37873433' action='modify' visible='true' lat='45.44020811546' lon='12.33237347109'>
    <tag k='addr:housenumber' v='1818' />
    <tag k='addr:place' v='San Polo' />
  </node>
  <node id='-37873434' action='modify' visible='true' lat='45.43722265772' lon='12.33262565701'>
    <tag k='addr:housenumber' v='1170' />
    <tag k='addr:place' v='San Polo' />
  </node>
  <node id='-37873435' action='modify' visible='true' lat='45.43875024094' lon='12.33546111878'>
    <tag k='addr:housenumber' v='126' />
    <tag k='addr:place' v='San Polo' />
  </node>
  <node id='-37873436' action='modify' visible='true' lat='45.43890389311' lon='12.33403870532'>
    <tag k='addr:housenumber' v='435' />
    <tag k='addr:place' v='San Polo' />
  </node>
  <node id='-37873437' action='modify' visible='true' lat='45.44007760329' lon='12.33350415988'>
    <tag k='addr:housenumber' v='1781a' />
    <tag k='addr:place' v='San Polo' />
  </node>
  <node id='-37873438' action='modify' visible='true' lat='45.43891490727' lon='12.32896673811'>
    <tag k='addr:housenumber' v='2205a' />
    <tag k='addr:place' v='San Polo' />
  </node>
  <node id='-37873439' action='modify' visible='true' lat='45.43884245235' lon='12.33408892213'>
    <tag k='addr:housenumber' v='423' />
    <tag k='addr:place' v='San Polo' />
  </node>
  <node id='-37873440' action='modify' visible='true' lat='45.43893925735' lon='12.3324694869'>
    <tag k='addr:housenumber' v='1556' />
    <tag k='addr:place' v='San Polo' />
  </node>
  <node id='-37873441' action='modify' visible='true' lat='45.43728390872' lon='12.32742307285'>
    <tag k='addr:housenumber' v='2568a' />
    <tag k='addr:place' v='San Polo' />
  </node>
  <node id='-37873442' action='modify' visible='true' lat='45.43864137298' lon='12.32893800775'>
    <tag k='addr:housenumber' v='2312b' />
    <tag k='addr:place' v='San Polo' />
  </node>
  <node id='-37873443' action='modify' visible='true' lat='45.43642323144' lon='12.32644133764'>
    <tag k='addr:housenumber' v='3018' />
    <tag k='addr:place' v='San Polo' />
  </node>
  <node id='-37873444' action='modify' visible='true' lat='45.43854270874' lon='12.33427525702'>
    <tag k='addr:housenumber' v='558' />
    <tag k='addr:place' v='San Polo' />
  </node>
  <node id='-37873445' action='modify' visible='true' lat='45.43807025977' lon='12.32751530486'>
    <tag k='addr:housenumber' v='2512' />
    <tag k='addr:place' v='San Polo' />
  </node>
  <node id='-37873446' action='modify' visible='true' lat='45.43902768068' lon='12.33340175951'>
    <tag k='addr:housenumber' v='861a' />
    <tag k='addr:place' v='San Polo' />
  </node>
  <node id='-37873447' action='modify' visible='true' lat='45.43754041121' lon='12.33143231856'>
    <tag k='addr:housenumber' v='1480' />
    <tag k='addr:place' v='San Polo' />
  </node>
  <node id='-37873448' action='modify' visible='true' lat='45.43992748048' lon='12.33265290168'>
    <tag k='addr:housenumber' v='1767' />
    <tag k='addr:place' v='San Polo' />
  </node>
  <node id='-37873449' action='modify' visible='true' lat='45.4396011454' lon='12.33270076336'>
    <tag k='addr:housenumber' v='1690a' />
    <tag k='addr:place' v='San Polo' />
  </node>
  <node id='-37873450' action='modify' visible='true' lat='45.43765343949' lon='12.32660172748'>
    <tag k='addr:housenumber' v='2548a' />
    <tag k='addr:place' v='San Polo' />
  </node>
  <node id='-37873451' action='modify' visible='true' lat='45.4361194267' lon='12.32701929465'>
    <tag k='addr:housenumber' v='2858' />
    <tag k='addr:place' v='San Polo' />
  </node>
  <node id='-37873452' action='modify' visible='true' lat='45.43675553668' lon='12.33161448808'>
    <tag k='addr:housenumber' v='1380' />
    <tag k='addr:place' v='San Polo' />
  </node>
  <node id='-37873453' action='modify' visible='true' lat='45.43770982308' lon='12.33191496274'>
    <tag k='addr:housenumber' v='1307' />
    <tag k='addr:place' v='San Polo' />
  </node>
  <node id='-37873454' action='modify' visible='true' lat='45.43897912686' lon='12.32960450133'>
    <tag k='addr:housenumber' v='2210c' />
    <tag k='addr:place' v='San Polo' />
  </node>
  <node id='-37873455' action='modify' visible='true' lat='45.43956454956' lon='12.3339097091'>
    <tag k='addr:housenumber' v='323' />
    <tag k='addr:place' v='San Polo' />
  </node>
  <node id='-37873456' action='modify' visible='true' lat='45.43852660384' lon='12.33169964229'>
    <tag k='addr:housenumber' v='1519b' />
    <tag k='addr:place' v='San Polo' />
  </node>
  <node id='-37873457' action='modify' visible='true' lat='45.43950641664' lon='12.33276605017'>
    <tag k='addr:housenumber' v='1698' />
    <tag k='addr:place' v='San Polo' />
  </node>
  <node id='-37873458' action='modify' visible='true' lat='45.43623423729' lon='12.32555953809'>
    <tag k='addr:housenumber' v='3132' />
    <tag k='addr:place' v='San Polo' />
  </node>
  <node id='-37873459' action='modify' visible='true' lat='45.43701751687' lon='12.3304165356'>
    <tag k='addr:housenumber' v='1996' />
    <tag k='addr:place' v='San Polo' />
  </node>
  <node id='-37873460' action='modify' visible='true' lat='45.43669451178' lon='12.3286090079'>
    <tag k='addr:housenumber' v='2723' />
    <tag k='addr:place' v='San Polo' />
  </node>
  <node id='-37873461' action='modify' visible='true' lat='45.43809487713' lon='12.33293836104'>
    <tag k='addr:housenumber' v='994' />
    <tag k='addr:place' v='San Polo' />
  </node>
  <node id='-37873462' action='modify' visible='true' lat='45.43768714055' lon='12.32636587362'>
    <tag k='addr:housenumber' v='2549' />
    <tag k='addr:place' v='San Polo' />
  </node>
  <node id='-37873463' action='modify' visible='true' lat='45.43920540578' lon='12.33331965891'>
    <tag k='addr:housenumber' v='853' />
    <tag k='addr:place' v='San Polo' />
  </node>
  <node id='-37873464' action='modify' visible='true' lat='45.43961498754' lon='12.33417735268'>
    <tag k='addr:housenumber' v='311a' />
    <tag k='addr:place' v='San Polo' />
  </node>
  <node id='-37873465' action='modify' visible='true' lat='45.43802829596' lon='12.32962796268'>
    <tag k='addr:housenumber' v='2167a' />
    <tag k='addr:place' v='San Polo' />
  </node>
  <node id='-37873466' action='modify' visible='true' lat='45.43661447053' lon='12.32845305156'>
    <tag k='addr:housenumber' v='2720' />
    <tag k='addr:place' v='San Polo' />
  </node>
  <node id='-37873467' action='modify' visible='true' lat='45.43875647129' lon='12.33354607156'>
    <tag k='addr:housenumber' v='814' />
    <tag k='addr:place' v='San Polo' />
  </node>
  <node id='-37873468' action='modify' visible='true' lat='45.43659952478' lon='12.32567788898'>
    <tag k='addr:housenumber' v='3117' />
    <tag k='addr:place' v='San Polo' />
  </node>
  <node id='-37873469' action='modify' visible='true' lat='45.4385134238' lon='12.32747034831'>
    <tag k='addr:housenumber' v='2354' />
    <tag k='addr:place' v='San Polo' />
  </node>
  <node id='-37873470' action='modify' visible='true' lat='45.43906071524' lon='12.33325667066'>
    <tag k='addr:housenumber' v='856' />
    <tag k='addr:place' v='San Polo' />
  </node>
  <node id='-37873471' action='modify' visible='true' lat='45.43746948422' lon='12.33128959968'>
    <tag k='addr:housenumber' v='1490' />
    <tag k='addr:place' v='San Polo' />
  </node>
  <node id='-37873472' action='modify' visible='true' lat='45.43823461754' lon='12.32441660547'>
    <tag k='addr:housenumber' v='3080f' />
    <tag k='addr:place' v='San Polo' />
  </node>
  <node id='-37873473' action='modify' visible='true' lat='45.43709957177' lon='12.33297604322'>
    <tag k='addr:housenumber' v='1116' />
    <tag k='addr:place' v='San Polo' />
  </node>
  <node id='-37873474' action='modify' visible='true' lat='45.43831879006' lon='12.32843775079'>
    <tag k='addr:housenumber' v='2341a' />
    <tag k='addr:place' v='San Polo' />
  </node>
  <node id='-37873475' action='modify' visible='true' lat='45.43765619656' lon='12.32382203818'>
    <tag k='addr:housenumber' v='3077f' />
    <tag k='addr:place' v='San Polo' />
  </node>
  <node id='-37873476' action='modify' visible='true' lat='45.44011264199' lon='12.33344051111'>
    <tag k='addr:housenumber' v='1781' />
    <tag k='addr:place' v='San Polo' />
  </node>
  <node id='-37873477' action='modify' visible='true' lat='45.44034177352' lon='12.3330831883'>
    <tag k='addr:housenumber' v='1789' />
    <tag k='addr:place' v='San Polo' />
  </node>
  <node id='-37873478' action='modify' visible='true' lat='45.43732908616' lon='12.33196168122'>
    <tag k='addr:housenumber' v='1216' />
    <tag k='addr:place' v='San Polo' />
  </node>
  <node id='-37873479' action='modify' visible='true' lat='45.43589766763' lon='12.32836974044'>
    <tag k='addr:housenumber' v='2789' />
    <tag k='addr:place' v='San Polo' />
  </node>
  <node id='-37873480' action='modify' visible='true' lat='45.43879196894' lon='12.33285958265'>
    <tag k='addr:housenumber' v='895' />
    <tag k='addr:place' v='San Polo' />
  </node>
  <node id='-37873481' action='modify' visible='true' lat='45.43801915969' lon='12.32378348748'>
    <tag k='addr:housenumber' v='3078v' />
    <tag k='addr:place' v='San Polo' />
  </node>
  <node id='-37873482' action='modify' visible='true' lat='45.43906951484' lon='12.33442984661'>
    <tag k='addr:housenumber' v='233' />
    <tag k='addr:place' v='San Polo' />
  </node>
  <node id='-37873483' action='modify' visible='true' lat='45.43859198043' lon='12.32340825048'>
    <tag k='addr:housenumber' v='3073h' />
    <tag k='addr:place' v='San Polo' />
  </node>
  <node id='-37873484' action='modify' visible='true' lat='45.44016633049' lon='12.33240308456'>
    <tag k='addr:housenumber' v='1821' />
    <tag k='addr:place' v='San Polo' />
  </node>
  <node id='-37873485' action='modify' visible='true' lat='45.43971638866' lon='12.33265479409'>
    <tag k='addr:housenumber' v='1680' />
    <tag k='addr:place' v='San Polo' />
  </node>
  <node id='-37873486' action='modify' visible='true' lat='45.43964585435' lon='12.33274381106'>
    <tag k='addr:housenumber' v='1691' />
    <tag k='addr:place' v='San Polo' />
  </node>
  <node id='-37873487' action='modify' visible='true' lat='45.43919046326' lon='12.3340628441'>
    <tag k='addr:housenumber' v='377' />
    <tag k='addr:place' v='San Polo' />
  </node>
  <node id='-37873488' action='modify' visible='true' lat='45.43892166004' lon='12.33468398812'>
    <tag k='addr:housenumber' v='90' />
    <tag k='addr:place' v='San Polo' />
  </node>
  <node id='-37873489' action='modify' visible='true' lat='45.43691868552' lon='12.32818149279'>
    <tag k='addr:housenumber' v='2680d' />
    <tag k='addr:place' v='San Polo' />
  </node>
  <node id='-37873490' action='modify' visible='true' lat='45.43572670945' lon='12.32732387068'>
    <tag k='addr:housenumber' v='2898a' />
    <tag k='addr:place' v='San Polo' />
  </node>
  <node id='-37873491' action='modify' visible='true' lat='45.43743795887' lon='12.32420837545'>
    <tag k='addr:housenumber' v='3077a' />
    <tag k='addr:place' v='San Polo' />
  </node>
  <node id='-37873492' action='modify' visible='true' lat='45.43896794945' lon='12.33338218105'>
    <tag k='addr:housenumber' v='848' />
    <tag k='addr:place' v='San Polo' />
  </node>
  <node id='-37873493' action='modify' visible='true' lat='45.43856669792' lon='12.33509577814'>
    <tag k='addr:housenumber' v='32' />
    <tag k='addr:place' v='San Polo' />
  </node>
  <node id='-37873494' action='modify' visible='true' lat='45.43733201007' lon='12.32801638819'>
    <tag k='addr:housenumber' v='2611' />
    <tag k='addr:place' v='San Polo' />
  </node>
  <node id='-37873495' action='modify' visible='true' lat='45.43820947807' lon='12.32309383997'>
    <tag k='addr:housenumber' v='3080p' />
    <tag k='addr:place' v='San Polo' />
  </node>
  <node id='-37873496' action='modify' visible='true' lat='45.43825156064' lon='12.32395766656'>
    <tag k='addr:housenumber' v='3073q' />
    <tag k='addr:place' v='San Polo' />
  </node>
  <node id='-37873497' action='modify' visible='true' lat='45.43818584576' lon='12.32685505294'>
    <tag k='addr:housenumber' v='2395' />
    <tag k='addr:place' v='San Polo' />
  </node>
  <node id='-37873498' action='modify' visible='true' lat='45.43562865287' lon='12.32728387836'>
    <tag k='addr:housenumber' v='2890' />
    <tag k='addr:place' v='San Polo' />
  </node>
  <node id='-37873499' action='modify' visible='true' lat='45.43722921448' lon='12.33052752257'>
    <tag k='addr:housenumber' v='1966' />
    <tag k='addr:place' v='San Polo' />
  </node>
  <node id='-37873500' action='modify' visible='true' lat='45.43681735989' lon='12.3285234542'>
    <tag k='addr:housenumber' v='2674' />
    <tag k='addr:place' v='San Polo' />
  </node>
  <node id='-37873501' action='modify' visible='true' lat='45.43799840892' lon='12.32725346153'>
    <tag k='addr:housenumber' v='2506' />
    <tag k='addr:place' v='San Polo' />
  </node>
  <node id='-37873502' action='modify' visible='true' lat='45.43623626643' lon='12.32786541168'>
    <tag k='addr:housenumber' v='2815' />
    <tag k='addr:place' v='San Polo' />
  </node>
  <node id='-37873503' action='modify' visible='true' lat='45.43963002551' lon='12.33436587454'>
    <tag k='addr:housenumber' v='307' />
    <tag k='addr:place' v='San Polo' />
  </node>
  <node id='-37873504' action='modify' visible='true' lat='45.43929046058' lon='12.33300365292'>
    <tag k='addr:housenumber' v='1581' />
    <tag k='addr:place' v='San Polo' />
  </node>
  <node id='-37873505' action='modify' visible='true' lat='45.43920160741' lon='12.32896605586'>
    <tag k='addr:housenumber' v='2253' />
    <tag k='addr:place' v='San Polo' />
  </node>
  <node id='-37873506' action='modify' visible='true' lat='45.43826776739' lon='12.33276591594'>
    <tag k='addr:housenumber' v='946' />
    <tag k='addr:place' v='San Polo' />
  </node>
  <node id='-37873507' action='modify' visible='true' lat='45.43675223208' lon='12.32812969488'>
    <tag k='addr:housenumber' v='2686' />
    <tag k='addr:place' v='San Polo' />
  </node>
  <node id='-37873508' action='modify' visible='true' lat='45.43882804442' lon='12.3324587417'>
    <tag k='addr:housenumber' v='1548' />
    <tag k='addr:place' v='San Polo' />
  </node>
  <node id='-37873509' action='modify' visible='true' lat='45.43742026995' lon='12.33141604203'>
    <tag k='addr:housenumber' v='1476' />
    <tag k='addr:place' v='San Polo' />
  </node>
  <node id='-37873510' action='modify' visible='true' lat='45.4364154317' lon='12.32869072454'>
    <tag k='addr:housenumber' v='2760' />
    <tag k='addr:place' v='San Polo' />
  </node>
  <node id='-37873511' action='modify' visible='true' lat='45.43840648812' lon='12.33388992827'>
    <tag k='addr:housenumber' v='780' />
    <tag k='addr:place' v='San Polo' />
  </node>
  <node id='-37873512' action='modify' visible='true' lat='45.43735971863' lon='12.3272056439'>
    <tag k='addr:housenumber' v='2563' />
    <tag k='addr:place' v='San Polo' />
  </node>
  <node id='-37873513' action='modify' visible='true' lat='45.43842755031' lon='12.32717856661'>
    <tag k='addr:housenumber' v='2388' />
    <tag k='addr:place' v='San Polo' />
  </node>
  <node id='-37873514' action='modify' visible='true' lat='45.43959054073' lon='12.33264664212'>
    <tag k='addr:housenumber' v='1689' />
    <tag k='addr:place' v='San Polo' />
  </node>
  <node id='-37873515' action='modify' visible='true' lat='45.43882935613' lon='12.33412214386'>
    <tag k='addr:housenumber' v='423a' />
    <tag k='addr:place' v='San Polo' />
  </node>
  <node id='-37873516' action='modify' visible='true' lat='45.43781421831' lon='12.32335733666'>
    <tag k='addr:housenumber' v='3077l' />
    <tag k='addr:place' v='San Polo' />
  </node>
  <node id='-37873517' action='modify' visible='true' lat='45.43762299559' lon='12.33104258231'>
    <tag k='addr:housenumber' v='1951' />
    <tag k='addr:place' v='San Polo' />
  </node>
  <node id='-37873518' action='modify' visible='true' lat='45.43715306281' lon='12.33014695481'>
    <tag k='addr:housenumber' v='2011' />
    <tag k='addr:place' v='San Polo' />
  </node>
  <node id='-37873519' action='modify' visible='true' lat='45.43766366746' lon='12.32682545614'>
    <tag k='addr:housenumber' v='2544' />
    <tag k='addr:place' v='San Polo' />
  </node>
  <node id='-37873520' action='modify' visible='true' lat='45.43885215821' lon='12.32886193167'>
    <tag k='addr:housenumber' v='2309' />
    <tag k='addr:place' v='San Polo' />
  </node>
  <node id='-37873521' action='modify' visible='true' lat='45.43760704582' lon='12.32734460602'>
    <tag k='addr:housenumber' v='2578' />
    <tag k='addr:place' v='San Polo' />
  </node>
  <node id='-37873522' action='modify' visible='true' lat='45.43631584327' lon='12.32846330736'>
    <tag k='addr:housenumber' v='2768a' />
    <tag k='addr:place' v='San Polo' />
  </node>
  <node id='-37873523' action='modify' visible='true' lat='45.43871476574' lon='12.33421234163'>
    <tag k='addr:housenumber' v='417' />
    <tag k='addr:place' v='San Polo' />
  </node>
  <node id='-37873524' action='modify' visible='true' lat='45.43757735502' lon='12.33218431893'>
    <tag k='addr:housenumber' v='1190a' />
    <tag k='addr:place' v='San Polo' />
  </node>
  <node id='-37873525' action='modify' visible='true' lat='45.43592715171' lon='12.32805883434'>
    <tag k='addr:housenumber' v='2808' />
    <tag k='addr:place' v='San Polo' />
  </node>
  <node id='-37873526' action='modify' visible='true' lat='45.43879630407' lon='12.33201947411'>
    <tag k='addr:housenumber' v='1538' />
    <tag k='addr:place' v='San Polo' />
  </node>
  <node id='-37873527' action='modify' visible='true' lat='45.43877393816' lon='12.32924271227'>
    <tag k='addr:housenumber' v='2228' />
    <tag k='addr:place' v='San Polo' />
  </node>
  <node id='-37873528' action='modify' visible='true' lat='45.43893494488' lon='12.32954113968'>
    <tag k='addr:housenumber' v='2210' />
    <tag k='addr:place' v='San Polo' />
  </node>
  <node id='-37873529' action='modify' visible='true' lat='45.43862901555' lon='12.33296488275'>
    <tag k='addr:housenumber' v='906' />
    <tag k='addr:place' v='San Polo' />
  </node>
  <node id='-37873530' action='modify' visible='true' lat='45.43915399717' lon='12.3342936585'>
    <tag k='addr:housenumber' v='248' />
    <tag k='addr:place' v='San Polo' />
  </node>
  <node id='-37873531' action='modify' visible='true' lat='45.43692951685' lon='12.33043166172'>
    <tag k='addr:housenumber' v='1998' />
    <tag k='addr:place' v='San Polo' />
  </node>
  <node id='-37873532' action='modify' visible='true' lat='45.44007830727' lon='12.33261666494'>
    <tag k='addr:housenumber' v='1827' />
    <tag k='addr:place' v='San Polo' />
  </node>
  <node id='-37873533' action='modify' visible='true' lat='45.43936583555' lon='12.33476679278'>
    <tag k='addr:housenumber' v='204' />
    <tag k='addr:place' v='San Polo' />
  </node>
  <node id='-37873534' action='modify' visible='true' lat='45.43886630291' lon='12.32909610491'>
    <tag k='addr:housenumber' v='2234' />
    <tag k='addr:place' v='San Polo' />
  </node>
  <node id='-37873535' action='modify' visible='true' lat='45.43885315752' lon='12.33477831756'>
    <tag k='addr:housenumber' v='87' />
    <tag k='addr:place' v='San Polo' />
  </node>
  <node id='-37873536' action='modify' visible='true' lat='45.43639650693' lon='12.32656988394'>
    <tag k='addr:housenumber' v='2942a' />
    <tag k='addr:place' v='San Polo' />
  </node>
  <node id='-37873537' action='modify' visible='true' lat='45.43946310012' lon='12.33311953472'>
    <tag k='addr:housenumber' v='1602a' />
    <tag k='addr:place' v='San Polo' />
  </node>
  <node id='-37873538' action='modify' visible='true' lat='45.43784518491' lon='12.3327490249'>
    <tag k='addr:housenumber' v='1063' />
    <tag k='addr:place' v='San Polo' />
  </node>
  <node id='-37873539' action='modify' visible='true' lat='45.43915397031' lon='12.33473243322'>
    <tag k='addr:housenumber' v='226a' />
    <tag k='addr:place' v='San Polo' />
  </node>
  <node id='-37873540' action='modify' visible='true' lat='45.43906248451' lon='12.33489917097'>
    <tag k='addr:housenumber' v='217' />
    <tag k='addr:place' v='San Polo' />
  </node>
  <node id='-37873541' action='modify' visible='true' lat='45.43690539312' lon='12.33104539476'>
    <tag k='addr:housenumber' v='1447' />
    <tag k='addr:place' v='San Polo' />
  </node>
  <node id='-37873542' action='modify' visible='true' lat='45.43790256961' lon='12.33313454235'>
    <tag k='addr:housenumber' v='1042' />
    <tag k='addr:place' v='San Polo' />
  </node>
  <node id='-37873543' action='modify' visible='true' lat='45.43614441157' lon='12.32688656604'>
    <tag k='addr:housenumber' v='2916' />
    <tag k='addr:place' v='San Polo' />
  </node>
  <node id='-37873544' action='modify' visible='true' lat='45.43851178601' lon='12.33295832997'>
    <tag k='addr:housenumber' v='952a' />
    <tag k='addr:place' v='San Polo' />
  </node>
  <node id='-37873545' action='modify' visible='true' lat='45.43605985514' lon='12.32588798201'>
    <tag k='addr:housenumber' v='3040d' />
    <tag k='addr:place' v='San Polo' />
  </node>
  <node id='-37873546' action='modify' visible='true' lat='45.43850907138' lon='12.33172223934'>
    <tag k='addr:housenumber' v='1521' />
    <tag k='addr:place' v='San Polo' />
  </node>
  <node id='-37873547' action='modify' visible='true' lat='45.43894384901' lon='12.33399100611'>
    <tag k='addr:housenumber' v='428' />
    <tag k='addr:place' v='San Polo' />
  </node>
  <node id='-37873548' action='modify' visible='true' lat='45.43834667341' lon='12.32905811764'>
    <tag k='addr:housenumber' v='2162b' />
    <tag k='addr:place' v='San Polo' />
  </node>
  <node id='-37873549' action='modify' visible='true' lat='45.43816824913' lon='12.33220053208'>
    <tag k='addr:housenumber' v='1266' />
    <tag k='addr:place' v='San Polo' />
  </node>
  <node id='-37873550' action='modify' visible='true' lat='45.43656709164' lon='12.3265895605'>
    <tag k='addr:housenumber' v='3014' />
    <tag k='addr:place' v='San Polo' />
  </node>
  <node id='-37873551' action='modify' visible='true' lat='45.43835223798' lon='12.33300098501'>
    <tag k='addr:housenumber' v='957' />
    <tag k='addr:place' v='San Polo' />
  </node>
  <node id='-37873552' action='modify' visible='true' lat='45.43930276825' lon='12.33263884076'>
    <tag k='addr:housenumber' v='1568' />
    <tag k='addr:place' v='San Polo' />
  </node>
  <node id='-37873553' action='modify' visible='true' lat='45.43609861885' lon='12.32794656582'>
    <tag k='addr:housenumber' v='2807' />
    <tag k='addr:place' v='San Polo' />
  </node>
  <node id='-37873554' action='modify' visible='true' lat='45.43788794507' lon='12.32333798804'>
    <tag k='addr:housenumber' v='3082' />
    <tag k='addr:place' v='San Polo' />
  </node>
  <node id='-37873555' action='modify' visible='true' lat='45.43991928026' lon='12.33316714419'>
    <tag k='addr:housenumber' v='1649' />
    <tag k='addr:place' v='San Polo' />
  </node>
  <node id='-37873556' action='modify' visible='true' lat='45.43563635011' lon='12.32723238233'>
    <tag k='addr:housenumber' v='2899' />
    <tag k='addr:place' v='San Polo' />
  </node>
  <node id='-37873557' action='modify' visible='true' lat='45.43637306402' lon='12.32986766538'>
    <tag k='addr:housenumber' v='2038' />
    <tag k='addr:place' v='San Polo' />
  </node>
  <node id='-37873558' action='modify' visible='true' lat='45.43900205763' lon='12.32901519435'>
    <tag k='addr:housenumber' v='2239' />
    <tag k='addr:place' v='San Polo' />
  </node>
  <node id='-37873559' action='modify' visible='true' lat='45.43816453523' lon='12.32410846105'>
    <tag k='addr:housenumber' v='3080g' />
    <tag k='addr:place' v='San Polo' />
  </node>
  <node id='-37873560' action='modify' visible='true' lat='45.43777817092' lon='12.32641502333'>
    <tag k='addr:housenumber' v='2480' />
    <tag k='addr:place' v='San Polo' />
  </node>
  <node id='-37873561' action='modify' visible='true' lat='45.43631995341' lon='12.32597218651'>
    <tag k='addr:housenumber' v='3039' />
    <tag k='addr:place' v='San Polo' />
  </node>
  <node id='-37873562' action='modify' visible='true' lat='45.43894728712' lon='12.33372620393'>
    <tag k='addr:housenumber' v='841b' />
    <tag k='addr:place' v='San Polo' />
  </node>
  <node id='-37873563' action='modify' visible='true' lat='45.43829508229' lon='12.32674739042'>
    <tag k='addr:housenumber' v='2383' />
    <tag k='addr:place' v='San Polo' />
  </node>
  <node id='-37873564' action='modify' visible='true' lat='45.43964402799' lon='12.33433746272'>
    <tag k='addr:housenumber' v='308' />
    <tag k='addr:place' v='San Polo' />
  </node>
  <node id='-37873565' action='modify' visible='true' lat='45.43613216132' lon='12.32670455617'>
    <tag k='addr:housenumber' v='2930' />
    <tag k='addr:place' v='San Polo' />
  </node>
  <node id='-37873566' action='modify' visible='true' lat='45.43744558531' lon='12.3344089529'>
    <tag k='addr:housenumber' v='743' />
    <tag k='addr:place' v='San Polo' />
  </node>
  <node id='-37873567' action='modify' visible='true' lat='45.43940670821' lon='12.33302244542'>
    <tag k='addr:housenumber' v='1593' />
    <tag k='addr:place' v='San Polo' />
  </node>
  <node id='-37873568' action='modify' visible='true' lat='45.43738032984' lon='12.33192823081'>
    <tag k='addr:housenumber' v='1219' />
    <tag k='addr:place' v='San Polo' />
  </node>
  <node id='-37873569' action='modify' visible='true' lat='45.43909792805' lon='12.33484666376'>
    <tag k='addr:housenumber' v='219' />
    <tag k='addr:place' v='San Polo' />
  </node>
  <node id='-37873570' action='modify' visible='true' lat='45.43690606945' lon='12.32983548309'>
    <tag k='addr:housenumber' v='2026' />
    <tag k='addr:place' v='San Polo' />
  </node>
  <node id='-37873571' action='modify' visible='true' lat='45.4364071954' lon='12.33006582588'>
    <tag k='addr:housenumber' v='2035' />
    <tag k='addr:place' v='San Polo' />
  </node>
  <node id='-37873572' action='modify' visible='true' lat='45.43634892899' lon='12.32543357563'>
    <tag k='addr:housenumber' v='3110a' />
    <tag k='addr:place' v='San Polo' />
  </node>
  <node id='-37873573' action='modify' visible='true' lat='45.43810303759' lon='12.32898498907'>
    <tag k='addr:housenumber' v='2149a' />
    <tag k='addr:place' v='San Polo' />
  </node>
  <node id='-37873574' action='modify' visible='true' lat='45.43684140914' lon='12.32976991722'>
    <tag k='addr:housenumber' v='2084' />
    <tag k='addr:place' v='San Polo' />
  </node>
  <node id='-37873575' action='modify' visible='true' lat='45.43585691639' lon='12.32759315403'>
    <tag k='addr:housenumber' v='2871b' />
    <tag k='addr:place' v='San Polo' />
  </node>
  <node id='-37873576' action='modify' visible='true' lat='45.43869231197' lon='12.33491611256'>
    <tag k='addr:housenumber' v='38' />
    <tag k='addr:place' v='San Polo' />
  </node>
  <node id='-37873577' action='modify' visible='true' lat='45.43905135478' lon='12.3334679145'>
    <tag k='addr:housenumber' v='849' />
    <tag k='addr:place' v='San Polo' />
  </node>
  <node id='-37873578' action='modify' visible='true' lat='45.43765146477' lon='12.33405560512'>
    <tag k='addr:housenumber' v='754' />
    <tag k='addr:place' v='San Polo' />
  </node>
  <node id='-37873579' action='modify' visible='true' lat='45.43676525305' lon='12.32815337207'>
    <tag k='addr:housenumber' v='2687' />
    <tag k='addr:place' v='San Polo' />
  </node>
  <node id='-37873580' action='modify' visible='true' lat='45.4367804558' lon='12.33112734464'>
    <tag k='addr:housenumber' v='1437' />
    <tag k='addr:place' v='San Polo' />
  </node>
  <node id='-37873581' action='modify' visible='true' lat='45.43781083144' lon='12.32598776989'>
    <tag k='addr:housenumber' v='2553a' />
    <tag k='addr:place' v='San Polo' />
  </node>
  <node id='-37873582' action='modify' visible='true' lat='45.43751877113' lon='12.33186408105'>
    <tag k='addr:housenumber' v='1235' />
    <tag k='addr:place' v='San Polo' />
  </node>
  <node id='-37873583' action='modify' visible='true' lat='45.43619421438' lon='12.32885598903'>
    <tag k='addr:housenumber' v='2766a' />
    <tag k='addr:place' v='San Polo' />
  </node>
  <node id='-37873584' action='modify' visible='true' lat='45.43798271118' lon='12.3291484597'>
    <tag k='addr:housenumber' v='2130' />
    <tag k='addr:place' v='San Polo' />
  </node>
  <node id='-37873585' action='modify' visible='true' lat='45.43891550532' lon='12.33106641846'>
    <tag k='addr:housenumber' v='1932a' />
    <tag k='addr:place' v='San Polo' />
  </node>
  <node id='-37873586' action='modify' visible='true' lat='45.43992934746' lon='12.33325065418'>
    <tag k='addr:housenumber' v='1624' />
    <tag k='addr:place' v='San Polo' />
  </node>
  <node id='-37873587' action='modify' visible='true' lat='45.43734447337' lon='12.33227312055'>
    <tag k='addr:housenumber' v='1193' />
    <tag k='addr:place' v='San Polo' />
  </node>
  <node id='-37873588' action='modify' visible='true' lat='45.436593252' lon='12.32735472191'>
    <tag k='addr:housenumber' v='2986a' />
    <tag k='addr:place' v='San Polo' />
  </node>
  <node id='-37873589' action='modify' visible='true' lat='45.43685195734' lon='12.32511622716'>
    <tag k='addr:housenumber' v='3058' />
    <tag k='addr:place' v='San Polo' />
  </node>
  <node id='-37873590' action='modify' visible='true' lat='45.43875659446' lon='12.3286306324'>
    <tag k='addr:housenumber' v='2288' />
    <tag k='addr:place' v='San Polo' />
  </node>
  <node id='-37873591' action='modify' visible='true' lat='45.43696161576' lon='12.3276877316'>
    <tag k='addr:housenumber' v='2604c' />
    <tag k='addr:place' v='San Polo' />
  </node>
  <node id='-37873592' action='modify' visible='true' lat='45.4389329297' lon='12.3321862802'>
    <tag k='addr:housenumber' v='1544' />
    <tag k='addr:place' v='San Polo' />
  </node>
  <node id='-37873593' action='modify' visible='true' lat='45.43774542096' lon='12.32721108408'>
    <tag k='addr:housenumber' v='2537' />
    <tag k='addr:place' v='San Polo' />
  </node>
  <node id='-37873594' action='modify' visible='true' lat='45.43775455699' lon='12.327517999'>
    <tag k='addr:housenumber' v='2540' />
    <tag k='addr:place' v='San Polo' />
  </node>
  <node id='-37873595' action='modify' visible='true' lat='45.4401919538' lon='12.33290442379'>
    <tag k='addr:housenumber' v='1792' />
    <tag k='addr:place' v='San Polo' />
  </node>
  <node id='-37873596' action='modify' visible='true' lat='45.43844584442' lon='12.32659642203'>
    <tag k='addr:housenumber' v='2374' />
    <tag k='addr:place' v='San Polo' />
  </node>
  <node id='-37873597' action='modify' visible='true' lat='45.43641618874' lon='12.32632874369'>
    <tag k='addr:housenumber' v='3029' />
    <tag k='addr:place' v='San Polo' />
  </node>
  <node id='-37873598' action='modify' visible='true' lat='45.43651810366' lon='12.32968111957'>
    <tag k='addr:housenumber' v='2063' />
    <tag k='addr:place' v='San Polo' />
  </node>
  <node id='-37873599' action='modify' visible='true' lat='45.43854558326' lon='12.33269956485'>
    <tag k='addr:housenumber' v='914' />
    <tag k='addr:place' v='San Polo' />
  </node>
  <node id='-37873600' action='modify' visible='true' lat='45.43712867892' lon='12.32483491072'>
    <tag k='addr:housenumber' v='3074a' />
    <tag k='addr:place' v='San Polo' />
  </node>
  <node id='-37873601' action='modify' visible='true' lat='45.43895758409' lon='12.33246703496'>
    <tag k='addr:housenumber' v='1559' />
    <tag k='addr:place' v='San Polo' />
  </node>
  <node id='-37873602' action='modify' visible='true' lat='45.43669989316' lon='12.32670998784'>
    <tag k='addr:housenumber' v='3010' />
    <tag k='addr:place' v='San Polo' />
  </node>
  <node id='-37873603' action='modify' visible='true' lat='45.43785229207' lon='12.32567940323'>
    <tag k='addr:housenumber' v='2555a' />
    <tag k='addr:place' v='San Polo' />
  </node>
  <node id='-37873604' action='modify' visible='true' lat='45.43753184405' lon='12.33417194696'>
    <tag k='addr:housenumber' v='748a' />
    <tag k='addr:place' v='San Polo' />
  </node>
  <node id='-37873605' action='modify' visible='true' lat='45.43652117033' lon='12.32573994675'>
    <tag k='addr:housenumber' v='3121' />
    <tag k='addr:place' v='San Polo' />
  </node>
  <node id='-37873606' action='modify' visible='true' lat='45.43909646801' lon='12.33226723541'>
    <tag k='addr:housenumber' v='1886' />
    <tag k='addr:place' v='San Polo' />
  </node>
  <node id='-37873607' action='modify' visible='true' lat='45.43826692647' lon='12.33377232901'>
    <tag k='addr:housenumber' v='696a' />
    <tag k='addr:place' v='San Polo' />
  </node>
  <node id='-37873608' action='modify' visible='true' lat='45.43898221905' lon='12.33417505173'>
    <tag k='addr:housenumber' v='404' />
    <tag k='addr:place' v='San Polo' />
  </node>
  <node id='-37873609' action='modify' visible='true' lat='45.43674048211' lon='12.32703715499'>
    <tag k='addr:housenumber' v='3004' />
    <tag k='addr:place' v='San Polo' />
  </node>
  <node id='-37873610' action='modify' visible='true' lat='45.43832143525' lon='12.3353841255'>
    <tag k='addr:housenumber' v='73' />
    <tag k='addr:place' v='San Polo' />
  </node>
  <node id='-37873611' action='modify' visible='true' lat='45.43930503178' lon='12.33455348887'>
    <tag k='addr:housenumber' v='243b' />
    <tag k='addr:place' v='San Polo' />
  </node>
  <node id='-37873612' action='modify' visible='true' lat='45.43812809918' lon='12.33472474607'>
    <tag k='addr:housenumber' v='574' />
    <tag k='addr:place' v='San Polo' />
  </node>
  <node id='-37873613' action='modify' visible='true' lat='45.43838689841' lon='12.3270455528'>
    <tag k='addr:housenumber' v='2386a' />
    <tag k='addr:place' v='San Polo' />
  </node>
  <node id='-37873614' action='modify' visible='true' lat='45.43795489559' lon='12.33112215491'>
    <tag k='addr:housenumber' v='1509b' />
    <tag k='addr:place' v='San Polo' />
  </node>
  <node id='-37873615' action='modify' visible='true' lat='45.43880511471' lon='12.33469030001'>
    <tag k='addr:housenumber' v='52' />
    <tag k='addr:place' v='San Polo' />
  </node>
  <node id='-37873616' action='modify' visible='true' lat='45.4400984202' lon='12.33257970567'>
    <tag k='addr:housenumber' v='1800' />
    <tag k='addr:place' v='San Polo' />
  </node>
  <node id='-37873617' action='modify' visible='true' lat='45.4385871087' lon='12.33153935952'>
    <tag k='addr:housenumber' v='1898a' />
    <tag k='addr:place' v='San Polo' />
  </node>
  <node id='-37873618' action='modify' visible='true' lat='45.43870895322' lon='12.32950629279'>
    <tag k='addr:housenumber' v='2197' />
    <tag k='addr:place' v='San Polo' />
  </node>
  <node id='-37873619' action='modify' visible='true' lat='45.438441187' lon='12.33521058463'>
    <tag k='addr:housenumber' v='68' />
    <tag k='addr:place' v='San Polo' />
  </node>
  <node id='-37873620' action='modify' visible='true' lat='45.43893021007' lon='12.33402294897'>
    <tag k='addr:housenumber' v='427' />
    <tag k='addr:place' v='San Polo' />
  </node>
  <node id='-37873621' action='modify' visible='true' lat='45.43848158633' lon='12.33359563438'>
    <tag k='addr:housenumber' v='465' />
    <tag k='addr:place' v='San Polo' />
  </node>
  <node id='-37873622' action='modify' visible='true' lat='45.43939210501' lon='12.33242211429'>
    <tag k='addr:housenumber' v='1732' />
    <tag k='addr:place' v='San Polo' />
  </node>
  <node id='-37873623' action='modify' visible='true' lat='45.43957585438' lon='12.33283666663'>
    <tag k='addr:housenumber' v='1694' />
    <tag k='addr:place' v='San Polo' />
  </node>
  <node id='-37873624' action='modify' visible='true' lat='45.43671127558' lon='12.32513771476'>
    <tag k='addr:housenumber' v='3055' />
    <tag k='addr:place' v='San Polo' />
  </node>
  <node id='-37873625' action='modify' visible='true' lat='45.43883954208' lon='12.33449731045'>
    <tag k='addr:housenumber' v='476' />
    <tag k='addr:place' v='San Polo' />
  </node>
  <node id='-37873626' action='modify' visible='true' lat='45.43851186512' lon='12.32427184811'>
    <tag k='addr:housenumber' v='2464h' />
    <tag k='addr:place' v='San Polo' />
  </node>
  <node id='-37873627' action='modify' visible='true' lat='45.43918029622' lon='12.33248922691'>
    <tag k='addr:housenumber' v='1563' />
    <tag k='addr:place' v='San Polo' />
  </node>
  <node id='-37873628' action='modify' visible='true' lat='45.43843182452' lon='12.32711158666'>
    <tag k='addr:housenumber' v='2362' />
    <tag k='addr:place' v='San Polo' />
  </node>
  <node id='-37873629' action='modify' visible='true' lat='45.43628382811' lon='12.32678169545'>
    <tag k='addr:housenumber' v='2940b' />
    <tag k='addr:place' v='San Polo' />
  </node>
  <node id='-37873630' action='modify' visible='true' lat='45.43755697312' lon='12.32326436473'>
    <tag k='addr:housenumber' v='3084' />
    <tag k='addr:place' v='San Polo' />
  </node>
  <node id='-37873631' action='modify' visible='true' lat='45.43771297881' lon='12.33493420121'>
    <tag k='addr:housenumber' v='733' />
    <tag k='addr:place' v='San Polo' />
  </node>
  <node id='-37873632' action='modify' visible='true' lat='45.43982548627' lon='12.3327211325'>
    <tag k='addr:housenumber' v='1670' />
    <tag k='addr:place' v='San Polo' />
  </node>
  <node id='-37873633' action='modify' visible='true' lat='45.43609972713' lon='12.32811676757'>
    <tag k='addr:housenumber' v='2804' />
    <tag k='addr:place' v='San Polo' />
  </node>
  <node id='-37873634' action='modify' visible='true' lat='45.43738147165' lon='12.32503406837'>
    <tag k='addr:housenumber' v='3073' />
    <tag k='addr:place' v='San Polo' />
  </node>
  <node id='-37873635' action='modify' visible='true' lat='45.43625012793' lon='12.3280038053'>
    <tag k='addr:housenumber' v='2814' />
    <tag k='addr:place' v='San Polo' />
  </node>
  <node id='-37873636' action='modify' visible='true' lat='45.43683344554' lon='12.32712805703'>
    <tag k='addr:housenumber' v='2996' />
    <tag k='addr:place' v='San Polo' />
  </node>
  <node id='-37873637' action='modify' visible='true' lat='45.43828067207' lon='12.32567428586'>
    <tag k='addr:housenumber' v='2468a' />
    <tag k='addr:place' v='San Polo' />
  </node>
  <node id='-37873638' action='modify' visible='true' lat='45.43871223289' lon='12.32928586681'>
    <tag k='addr:housenumber' v='2200' />
    <tag k='addr:place' v='San Polo' />
  </node>
  <node id='-37873639' action='modify' visible='true' lat='45.43593657569' lon='12.32669384375'>
    <tag k='addr:housenumber' v='2910a' />
    <tag k='addr:place' v='San Polo' />
  </node>
  <node id='-37873640' action='modify' visible='true' lat='45.43645579901' lon='12.32747286741'>
    <tag k='addr:housenumber' v='2983' />
    <tag k='addr:place' v='San Polo' />
  </node>
  <node id='-37873641' action='modify' visible='true' lat='45.43938712001' lon='12.33306051347'>
    <tag k='addr:housenumber' v='1592' />
    <tag k='addr:place' v='San Polo' />
  </node>
  <node id='-37873642' action='modify' visible='true' lat='45.43886927628' lon='12.33404935272'>
    <tag k='addr:housenumber' v='436' />
    <tag k='addr:place' v='San Polo' />
  </node>
  <node id='-37873643' action='modify' visible='true' lat='45.43629635032' lon='12.32594125598'>
    <tag k='addr:housenumber' v='3040c' />
    <tag k='addr:place' v='San Polo' />
  </node>
  <node id='-37873644' action='modify' visible='true' lat='45.43948945862' lon='12.33230418565'>
    <tag k='addr:housenumber' v='1723' />
    <tag k='addr:place' v='San Polo' />
  </node>
  <node id='-37873645' action='modify' visible='true' lat='45.43839112107' lon='12.3297586002'>
    <tag k='addr:housenumber' v='2191' />
    <tag k='addr:place' v='San Polo' />
  </node>
  <node id='-37873646' action='modify' visible='true' lat='45.43633839433' lon='12.32738192647'>
    <tag k='addr:housenumber' v='2838' />
    <tag k='addr:place' v='San Polo' />
  </node>
  <node id='-37873647' action='modify' visible='true' lat='45.43893977462' lon='12.33492720739'>
    <tag k='addr:housenumber' v='115' />
    <tag k='addr:place' v='San Polo' />
  </node>
  <node id='-37873648' action='modify' visible='true' lat='45.43986817434' lon='12.33295646789'>
    <tag k='addr:housenumber' v='1663d' />
    <tag k='addr:place' v='San Polo' />
  </node>
  <node id='-37873649' action='modify' visible='true' lat='45.43721727161' lon='12.33094299796'>
    <tag k='addr:housenumber' v='1464' />
    <tag k='addr:place' v='San Polo' />
  </node>
  <node id='-37873650' action='modify' visible='true' lat='45.43683519234' lon='12.32895492885'>
    <tag k='addr:housenumber' v='2739' />
    <tag k='addr:place' v='San Polo' />
  </node>
  <node id='-37873651' action='modify' visible='true' lat='45.43753305921' lon='12.32842410161'>
    <tag k='addr:housenumber' v='2645' />
    <tag k='addr:place' v='San Polo' />
  </node>
  <node id='-37873652' action='modify' visible='true' lat='45.43883887585' lon='12.33433275068'>
    <tag k='addr:housenumber' v='409' />
    <tag k='addr:place' v='San Polo' />
  </node>
  <node id='-37873653' action='modify' visible='true' lat='45.43788893088' lon='12.33205181709'>
    <tag k='addr:housenumber' v='1294' />
    <tag k='addr:place' v='San Polo' />
  </node>
  <node id='-37873654' action='modify' visible='true' lat='45.43875176379' lon='12.32387006698'>
    <tag k='addr:housenumber' v='2465g' />
    <tag k='addr:place' v='San Polo' />
  </node>
  <node id='-37873655' action='modify' visible='true' lat='45.4391785841' lon='12.33178961645'>
    <tag k='addr:housenumber' v='1889c' />
    <tag k='addr:place' v='San Polo' />
  </node>
  <node id='-37873656' action='modify' visible='true' lat='45.43921102793' lon='12.33477214085'>
    <tag k='addr:housenumber' v='228' />
    <tag k='addr:place' v='San Polo' />
  </node>
  <node id='-37873657' action='modify' visible='true' lat='45.43932131043' lon='12.33266147585'>
    <tag k='addr:housenumber' v='1569' />
    <tag k='addr:place' v='San Polo' />
  </node>
  <node id='-37873658' action='modify' visible='true' lat='45.43814718555' lon='12.33583911301'>
    <tag k='addr:housenumber' v='5' />
    <tag k='addr:place' v='San Polo' />
  </node>
  <node id='-37873659' action='modify' visible='true' lat='45.43925507312' lon='12.33203244137'>
    <tag k='addr:housenumber' v='1748' />
    <tag k='addr:place' v='San Polo' />
  </node>
  <node id='-37873660' action='modify' visible='true' lat='45.43925284745' lon='12.33257800111'>
    <tag k='addr:housenumber' v='1566' />
    <tag k='addr:place' v='San Polo' />
  </node>
  <node id='-37873661' action='modify' visible='true' lat='45.43730725659' lon='12.33232587368'>
    <tag k='addr:housenumber' v='1196' />
    <tag k='addr:place' v='San Polo' />
  </node>
  <node id='-37873662' action='modify' visible='true' lat='45.43751668362' lon='12.32742448013'>
    <tag k='addr:housenumber' v='2579' />
    <tag k='addr:place' v='San Polo' />
  </node>
  <node id='-37873663' action='modify' visible='true' lat='45.43850404048' lon='12.33421321111'>
    <tag k='addr:housenumber' v='561b' />
    <tag k='addr:place' v='San Polo' />
  </node>
  <node id='-37873664' action='modify' visible='true' lat='45.43820343721' lon='12.33435543667'>
    <tag k='addr:housenumber' v='612' />
    <tag k='addr:place' v='San Polo' />
  </node>
  <node id='-37873665' action='modify' visible='true' lat='45.43820106993' lon='12.32935388292'>
    <tag k='addr:housenumber' v='2165' />
    <tag k='addr:place' v='San Polo' />
  </node>
  <node id='-37873666' action='modify' visible='true' lat='45.43809135355' lon='12.3336661413'>
    <tag k='addr:housenumber' v='771' />
    <tag k='addr:place' v='San Polo' />
  </node>
  <node id='-37873667' action='modify' visible='true' lat='45.43959646073' lon='12.33467972299'>
    <tag k='addr:housenumber' v='172' />
    <tag k='addr:place' v='San Polo' />
  </node>
  <node id='-37873668' action='modify' visible='true' lat='45.43830779482' lon='12.33141991877'>
    <tag k='addr:housenumber' v='1512a' />
    <tag k='addr:place' v='San Polo' />
  </node>
  <node id='-37873669' action='modify' visible='true' lat='45.43950107605' lon='12.33359947678'>
    <tag k='addr:housenumber' v='358' />
    <tag k='addr:place' v='San Polo' />
  </node>
  <node id='-37873670' action='modify' visible='true' lat='45.43820142209' lon='12.33460770865'>
    <tag k='addr:housenumber' v='571' />
    <tag k='addr:place' v='San Polo' />
  </node>
  <node id='-37873671' action='modify' visible='true' lat='45.43998503063' lon='12.33297471397'>
    <tag k='addr:housenumber' v='1635' />
    <tag k='addr:place' v='San Polo' />
  </node>
  <node id='-37873672' action='modify' visible='true' lat='45.43763715' lon='12.33203435054'>
    <tag k='addr:housenumber' v='1246a' />
    <tag k='addr:place' v='San Polo' />
  </node>
  <node id='-37873673' action='modify' visible='true' lat='45.43729062677' lon='12.33233838604'>
    <tag k='addr:housenumber' v='1197' />
    <tag k='addr:place' v='San Polo' />
  </node>
  <node id='-37873674' action='modify' visible='true' lat='45.43730949013' lon='12.33138660099'>
    <tag k='addr:housenumber' v='1410' />
    <tag k='addr:place' v='San Polo' />
  </node>
  <node id='-37873675' action='modify' visible='true' lat='45.43756268464' lon='12.33270756763'>
    <tag k='addr:housenumber' v='1129a' />
    <tag k='addr:place' v='San Polo' />
  </node>
  <node id='-37873676' action='modify' visible='true' lat='45.43713462154' lon='12.33123364381'>
    <tag k='addr:housenumber' v='1419' />
    <tag k='addr:place' v='San Polo' />
  </node>
  <node id='-37873677' action='modify' visible='true' lat='45.43846247502' lon='12.33277425394'>
    <tag k='addr:housenumber' v='924' />
    <tag k='addr:place' v='San Polo' />
  </node>
  <node id='-37873678' action='modify' visible='true' lat='45.4379020796' lon='12.33365437777'>
    <tag k='addr:housenumber' v='1007' />
    <tag k='addr:place' v='San Polo' />
  </node>
  <node id='-37873679' action='modify' visible='true' lat='45.43744807559' lon='12.32743862886'>
    <tag k='addr:housenumber' v='2573' />
    <tag k='addr:place' v='San Polo' />
  </node>
  <node id='-37873680' action='modify' visible='true' lat='45.4376358541' lon='12.33441207306'>
    <tag k='addr:housenumber' v='677' />
    <tag k='addr:place' v='San Polo' />
  </node>
  <node id='-37873681' action='modify' visible='true' lat='45.43786209181' lon='12.3316713877'>
    <tag k='addr:housenumber' v='1317' />
    <tag k='addr:place' v='San Polo' />
  </node>
  <node id='-37873682' action='modify' visible='true' lat='45.43808059948' lon='12.33582749911'>
    <tag k='addr:housenumber' v='9' />
    <tag k='addr:place' v='San Polo' />
  </node>
  <node id='-37873683' action='modify' visible='true' lat='45.4384148401' lon='12.33509878599'>
    <tag k='addr:housenumber' v='68a' />
    <tag k='addr:place' v='San Polo' />
  </node>
  <node id='-37873684' action='modify' visible='true' lat='45.43756180908' lon='12.33255726313'>
    <tag k='addr:housenumber' v='1140a' />
    <tag k='addr:place' v='San Polo' />
  </node>
  <node id='-37873685' action='modify' visible='true' lat='45.43921380609' lon='12.328192384'>
    <tag k='addr:housenumber' v='2281' />
    <tag k='addr:place' v='San Polo' />
  </node>
  <node id='-37873686' action='modify' visible='true' lat='45.43899170334' lon='12.33513331715'>
    <tag k='addr:housenumber' v='119b' />
    <tag k='addr:place' v='San Polo' />
  </node>
  <node id='-37873687' action='modify' visible='true' lat='45.43844906628' lon='12.32677158651'>
    <tag k='addr:housenumber' v='2377' />
    <tag k='addr:place' v='San Polo' />
  </node>
  <node id='-37873688' action='modify' visible='true' lat='45.43830908193' lon='12.33482965605'>
    <tag k='addr:housenumber' v='547' />
    <tag k='addr:place' v='San Polo' />
  </node>
  <node id='-37873689' action='modify' visible='true' lat='45.43805671633' lon='12.33508888118'>
    <tag k='addr:housenumber' v='535' />
    <tag k='addr:place' v='San Polo' />
  </node>
  <node id='-37873690' action='modify' visible='true' lat='45.43791099169' lon='12.33460823082'>
    <tag k='addr:housenumber' v='629' />
    <tag k='addr:place' v='San Polo' />
  </node>
  <node id='-37873691' action='modify' visible='true' lat='45.43836730895' lon='12.33459317211'>
    <tag k='addr:housenumber' v='541i' />
    <tag k='addr:place' v='San Polo' />
  </node>
  <node id='-37873692' action='modify' visible='true' lat='45.4394860151' lon='12.33305828891'>
    <tag k='addr:housenumber' v='1602' />
    <tag k='addr:place' v='San Polo' />
  </node>
  <node id='-37873693' action='modify' visible='true' lat='45.43746581275' lon='12.33206798236'>
    <tag k='addr:housenumber' v='1191b' />
    <tag k='addr:place' v='San Polo' />
  </node>
  <node id='-37873694' action='modify' visible='true' lat='45.43823609952' lon='12.33456247162'>
    <tag k='addr:housenumber' v='569' />
    <tag k='addr:place' v='San Polo' />
  </node>
  <node id='-37873695' action='modify' visible='true' lat='45.43697346775' lon='12.33313441259'>
    <tag k='addr:housenumber' v='1111' />
    <tag k='addr:place' v='San Polo' />
  </node>
  <node id='-37873696' action='modify' visible='true' lat='45.43744822463' lon='12.33282408632'>
    <tag k='addr:housenumber' v='1127a' />
    <tag k='addr:place' v='San Polo' />
  </node>
  <node id='-37873697' action='modify' visible='true' lat='45.43733028475' lon='12.33140954676'>
    <tag k='addr:housenumber' v='1396' />
    <tag k='addr:place' v='San Polo' />
  </node>
  <node id='-37873698' action='modify' visible='true' lat='45.43811762528' lon='12.33108879179'>
    <tag k='addr:housenumber' v='1507' />
    <tag k='addr:place' v='San Polo' />
  </node>
  <node id='-37873699' action='modify' visible='true' lat='45.43667335674' lon='12.33137073624'>
    <tag k='addr:housenumber' v='1425a' />
    <tag k='addr:place' v='San Polo' />
  </node>
  <node id='-37873700' action='modify' visible='true' lat='45.43731811991' lon='12.33340725824'>
    <tag k='addr:housenumber' v='1102b' />
    <tag k='addr:place' v='San Polo' />
  </node>
  <node id='-37873701' action='modify' visible='true' lat='45.43828981786' lon='12.33506425991'>
    <tag k='addr:housenumber' v='522' />
    <tag k='addr:place' v='San Polo' />
  </node>
  <node id='-37873702' action='modify' visible='true' lat='45.4392263676' lon='12.33531637223'>
    <tag k='addr:housenumber' v='151' />
    <tag k='addr:place' v='San Polo' />
  </node>
  <node id='-37873703' action='modify' visible='true' lat='45.43752092297' lon='12.32946907894'>
    <tag k='addr:housenumber' v='2123' />
    <tag k='addr:place' v='San Polo' />
  </node>
  <node id='-37873704' action='modify' visible='true' lat='45.43808559253' lon='12.33537284316'>
    <tag k='addr:housenumber' v='18' />
    <tag k='addr:place' v='San Polo' />
  </node>
  <node id='-37873705' action='modify' visible='true' lat='45.43690430296' lon='12.32841274922'>
    <tag k='addr:housenumber' v='2691' />
    <tag k='addr:place' v='San Polo' />
  </node>
  <node id='-37873706' action='modify' visible='true' lat='45.43851565241' lon='12.33490128389'>
    <tag k='addr:housenumber' v='506' />
    <tag k='addr:place' v='San Polo' />
  </node>
  <node id='-37873707' action='modify' visible='true' lat='45.43789691884' lon='12.33288311374'>
    <tag k='addr:housenumber' v='1059' />
    <tag k='addr:place' v='San Polo' />
  </node>
  <node id='-37873708' action='modify' visible='true' lat='45.43809770732' lon='12.33504357628'>
    <tag k='addr:housenumber' v='536a' />
    <tag k='addr:place' v='San Polo' />
  </node>
  <node id='-37873709' action='modify' visible='true' lat='45.43825408918' lon='12.33453910833'>
    <tag k='addr:housenumber' v='568' />
    <tag k='addr:place' v='San Polo' />
  </node>
  <node id='-37873710' action='modify' visible='true' lat='45.4375747963' lon='12.33234226273'>
    <tag k='addr:housenumber' v='1161a' />
    <tag k='addr:place' v='San Polo' />
  </node>
  <node id='-37873711' action='modify' visible='true' lat='45.43724033055' lon='12.33343927182'>
    <tag k='addr:housenumber' v='1100' />
    <tag k='addr:place' v='San Polo' />
  </node>
  <node id='-37873712' action='modify' visible='true' lat='45.43950448767' lon='12.33186824151'>
    <tag k='addr:housenumber' v='1860' />
    <tag k='addr:place' v='San Polo' />
  </node>
  <node id='-37873713' action='modify' visible='true' lat='45.43903853028' lon='12.33367057624'>
    <tag k='addr:housenumber' v='841a' />
    <tag k='addr:place' v='San Polo' />
  </node>
  <node id='-37873714' action='modify' visible='true' lat='45.43826186673' lon='12.33473369067'>
    <tag k='addr:housenumber' v='541o' />
    <tag k='addr:place' v='San Polo' />
  </node>
  <node id='-37873715' action='modify' visible='true' lat='45.43760253692' lon='12.33416495897'>
    <tag k='addr:housenumber' v='718a' />
    <tag k='addr:place' v='San Polo' />
  </node>
  <node id='-37873716' action='modify' visible='true' lat='45.43740756182' lon='12.33152625817'>
    <tag k='addr:housenumber' v='1345c' />
    <tag k='addr:place' v='San Polo' />
  </node>
  <node id='-37873717' action='modify' visible='true' lat='45.43828098035' lon='12.33146434022'>
    <tag k='addr:housenumber' v='1512' />
    <tag k='addr:place' v='San Polo' />
  </node>
  <node id='-37873718' action='modify' visible='true' lat='45.43588528888' lon='12.32662460857'>
    <tag k='addr:housenumber' v='2923' />
    <tag k='addr:place' v='San Polo' />
  </node>
  <node id='-37873719' action='modify' visible='true' lat='45.43756426894' lon='12.32710398896'>
    <tag k='addr:housenumber' v='2557' />
    <tag k='addr:place' v='San Polo' />
  </node>
  <node id='-37873720' action='modify' visible='true' lat='45.4391154974' lon='12.33373209475'>
    <tag k='addr:housenumber' v='836' />
    <tag k='addr:place' v='San Polo' />
  </node>
  <node id='-37873721' action='modify' visible='true' lat='45.43866954822' lon='12.33165097071'>
    <tag k='addr:housenumber' v='1516d' />
    <tag k='addr:place' v='San Polo' />
  </node>
  <node id='-37873722' action='modify' visible='true' lat='45.43890115565' lon='12.33106975388'>
    <tag k='addr:housenumber' v='1932' />
    <tag k='addr:place' v='San Polo' />
  </node>
  <node id='-37873723' action='modify' visible='true' lat='45.43981584703' lon='12.33290408293'>
    <tag k='addr:housenumber' v='1663' />
    <tag k='addr:place' v='San Polo' />
  </node>
  <node id='-37873724' action='modify' visible='true' lat='45.4388836462' lon='12.32890347492'>
    <tag k='addr:housenumber' v='2308' />
    <tag k='addr:place' v='San Polo' />
  </node>
  <node id='-37873725' action='modify' visible='true' lat='45.43717926545' lon='12.33052986966'>
    <tag k='addr:housenumber' v='1989' />
    <tag k='addr:place' v='San Polo' />
  </node>
  <node id='-37873726' action='modify' visible='true' lat='45.43672708838' lon='12.33128209869'>
    <tag k='addr:housenumber' v='1434' />
    <tag k='addr:place' v='San Polo' />
  </node>
  <node id='-37873727' action='modify' visible='true' lat='45.43850271134' lon='12.33434940748'>
    <tag k='addr:housenumber' v='556' />
    <tag k='addr:place' v='San Polo' />
  </node>
  <node id='-37873728' action='modify' visible='true' lat='45.43852852988' lon='12.33412649192'>
    <tag k='addr:housenumber' v='601' />
    <tag k='addr:place' v='San Polo' />
  </node>
  <node id='-37873729' action='modify' visible='true' lat='45.4385050261' lon='12.32616513015'>
    <tag k='addr:housenumber' v='2448' />
    <tag k='addr:place' v='San Polo' />
  </node>
  <node id='-37873730' action='modify' visible='true' lat='45.43962490508' lon='12.33258409498'>
    <tag k='addr:housenumber' v='1683' />
    <tag k='addr:place' v='San Polo' />
  </node>
  <node id='-37873731' action='modify' visible='true' lat='45.43764347339' lon='12.33481409323'>
    <tag k='addr:housenumber' v='736' />
    <tag k='addr:place' v='San Polo' />
  </node>
  <node id='-37873732' action='modify' visible='true' lat='45.4384807589' lon='12.33381255619'>
    <tag k='addr:housenumber' v='801' />
    <tag k='addr:place' v='San Polo' />
  </node>
  <node id='-37873733' action='modify' visible='true' lat='45.43627413383' lon='12.32564340944'>
    <tag k='addr:housenumber' v='3142' />
    <tag k='addr:place' v='San Polo' />
  </node>
  <node id='-37873734' action='modify' visible='true' lat='45.43731153849' lon='12.33127447865'>
    <tag k='addr:housenumber' v='1413' />
    <tag k='addr:place' v='San Polo' />
  </node>
  <node id='-37873735' action='modify' visible='true' lat='45.43919894772' lon='12.33342032781'>
    <tag k='addr:housenumber' v='851a' />
    <tag k='addr:place' v='San Polo' />
  </node>
  <node id='-37873736' action='modify' visible='true' lat='45.4381383211' lon='12.33106809865'>
    <tag k='addr:housenumber' v='1506' />
    <tag k='addr:place' v='San Polo' />
  </node>
  <node id='-37873737' action='modify' visible='true' lat='45.43775019027' lon='12.32617314057'>
    <tag k='addr:housenumber' v='2551' />
    <tag k='addr:place' v='San Polo' />
  </node>
  <node id='-37873738' action='modify' visible='true' lat='45.43827995296' lon='12.32714846143'>
    <tag k='addr:housenumber' v='2390' />
    <tag k='addr:place' v='San Polo' />
  </node>
  <node id='-37873739' action='modify' visible='true' lat='45.43853663352' lon='12.33145802405'>
    <tag k='addr:housenumber' v='1898' />
    <tag k='addr:place' v='San Polo' />
  </node>
  <node id='-37873740' action='modify' visible='true' lat='45.44000921637' lon='12.33274546615'>
    <tag k='addr:housenumber' v='1768' />
    <tag k='addr:place' v='San Polo' />
  </node>
  <node id='-37873741' action='modify' visible='true' lat='45.43650293283' lon='12.32602523649'>
    <tag k='addr:housenumber' v='3044' />
    <tag k='addr:place' v='San Polo' />
  </node>
  <node id='-37873742' action='modify' visible='true' lat='45.43630705266' lon='12.32568921963'>
    <tag k='addr:housenumber' v='3141' />
    <tag k='addr:place' v='San Polo' />
  </node>
  <node id='-37873743' action='modify' visible='true' lat='45.4391624702' lon='12.33335790693'>
    <tag k='addr:housenumber' v='859' />
    <tag k='addr:place' v='San Polo' />
  </node>
  <node id='-37873744' action='modify' visible='true' lat='45.43640438721' lon='12.32583087853'>
    <tag k='addr:housenumber' v='3137' />
    <tag k='addr:place' v='San Polo' />
  </node>
  <node id='-37873745' action='modify' visible='true' lat='45.43638165016' lon='12.32566065123'>
    <tag k='addr:housenumber' v='3125' />
    <tag k='addr:place' v='San Polo' />
  </node>
  <node id='-37873746' action='modify' visible='true' lat='45.43624749201' lon='12.32914518676'>
    <tag k='addr:housenumber' v='2765' />
    <tag k='addr:place' v='San Polo' />
  </node>
  <node id='-37873747' action='modify' visible='true' lat='45.43974673413' lon='12.33380484005'>
    <tag k='addr:housenumber' v='341b' />
    <tag k='addr:place' v='San Polo' />
  </node>
  <node id='-37873748' action='modify' visible='true' lat='45.4363522055' lon='12.32578878462'>
    <tag k='addr:housenumber' v='3138' />
    <tag k='addr:place' v='San Polo' />
  </node>
  <node id='-37873749' action='modify' visible='true' lat='45.4374628258' lon='12.33127080395'>
    <tag k='addr:housenumber' v='1491' />
    <tag k='addr:place' v='San Polo' />
  </node>
  <node id='-37873750' action='modify' visible='true' lat='45.43642982183' lon='12.32584694182'>
    <tag k='addr:housenumber' v='3136' />
    <tag k='addr:place' v='San Polo' />
  </node>
  <node id='-37873751' action='modify' visible='true' lat='45.43606945129' lon='12.32857383664'>
    <tag k='addr:housenumber' v='2771' />
    <tag k='addr:place' v='San Polo' />
  </node>
  <node id='-37873752' action='modify' visible='true' lat='45.43584322096' lon='12.32838550433'>
    <tag k='addr:housenumber' v='2788' />
    <tag k='addr:place' v='San Polo' />
  </node>
  <node id='-37873753' action='modify' visible='true' lat='45.43787023659' lon='12.32670018799'>
    <tag k='addr:housenumber' v='2494' />
    <tag k='addr:place' v='San Polo' />
  </node>
  <node id='-37873754' action='modify' visible='true' lat='45.43729326458' lon='12.32976874135'>
    <tag k='addr:housenumber' v='2119a' />
    <tag k='addr:place' v='San Polo' />
  </node>
  <node id='-37873755' action='modify' visible='true' lat='45.43552761234' lon='12.32826817826'>
    <tag k='addr:housenumber' v='2811' />
    <tag k='addr:place' v='San Polo' />
  </node>
  <node id='-37873756' action='modify' visible='true' lat='45.43853773488' lon='12.335072047'>
    <tag k='addr:housenumber' v='64' />
    <tag k='addr:place' v='San Polo' />
  </node>
  <node id='-37873757' action='modify' visible='true' lat='45.4369409353' lon='12.3246913901'>
    <tag k='addr:housenumber' v='3100' />
    <tag k='addr:place' v='San Polo' />
  </node>
  <node id='-37873758' action='modify' visible='true' lat='45.43710742552' lon='12.33004417171'>
    <tag k='addr:housenumber' v='2015' />
    <tag k='addr:place' v='San Polo' />
  </node>
  <node id='-37873759' action='modify' visible='true' lat='45.43936053333' lon='12.33460968887'>
    <tag k='addr:housenumber' v='243' />
    <tag k='addr:place' v='San Polo' />
  </node>
  <node id='-37873760' action='modify' visible='true' lat='45.43614794002' lon='12.32713783341'>
    <tag k='addr:housenumber' v='2857' />
    <tag k='addr:place' v='San Polo' />
  </node>
  <node id='-37873761' action='modify' visible='true' lat='45.43665658022' lon='12.32984817722'>
    <tag k='addr:housenumber' v='2061' />
    <tag k='addr:place' v='San Polo' />
  </node>
  <node id='-37873762' action='modify' visible='true' lat='45.43651386463' lon='12.32598661825'>
    <tag k='addr:housenumber' v='3045' />
    <tag k='addr:place' v='San Polo' />
  </node>
  <node id='-37873763' action='modify' visible='true' lat='45.43684320792' lon='12.32872380841'>
    <tag k='addr:housenumber' v='2728' />
    <tag k='addr:place' v='San Polo' />
  </node>
  <node id='-37873764' action='modify' visible='true' lat='45.43816508913' lon='12.32838629347'>
    <tag k='addr:housenumber' v='2332a' />
    <tag k='addr:place' v='San Polo' />
  </node>
  <node id='-37873765' action='modify' visible='true' lat='45.44037405366' lon='12.33268385709'>
    <tag k='addr:housenumber' v='1805' />
    <tag k='addr:place' v='San Polo' />
  </node>
  <node id='-37873766' action='modify' visible='true' lat='45.43944038218' lon='12.3334848953'>
    <tag k='addr:housenumber' v='362' />
    <tag k='addr:place' v='San Polo' />
  </node>
  <node id='-37873767' action='modify' visible='true' lat='45.4387719865' lon='12.33353133288'>
    <tag k='addr:housenumber' v='846a' />
    <tag k='addr:place' v='San Polo' />
  </node>
  <node id='-37873768' action='modify' visible='true' lat='45.43640627644' lon='12.3263592071'>
    <tag k='addr:housenumber' v='3028' />
    <tag k='addr:place' v='San Polo' />
  </node>
  <node id='-37873769' action='modify' visible='true' lat='45.43617290948' lon='12.32849014292'>
    <tag k='addr:housenumber' v='2770' />
    <tag k='addr:place' v='San Polo' />
  </node>
  <node id='-37873770' action='modify' visible='true' lat='45.4387275436' lon='12.33346951303'>
    <tag k='addr:housenumber' v='883' />
    <tag k='addr:place' v='San Polo' />
  </node>
  <node id='-37873771' action='modify' visible='true' lat='45.43710909735' lon='12.33004253042'>
    <tag k='addr:housenumber' v='2013' />
    <tag k='addr:place' v='San Polo' />
  </node>
  <node id='-37873772' action='modify' visible='true' lat='45.43898809236' lon='12.33500373057'>
    <tag k='addr:housenumber' v='213' />
    <tag k='addr:place' v='San Polo' />
  </node>
  <node id='-37873773' action='modify' visible='true' lat='45.43931' lon='12.3351'>
    <tag k='addr:housenumber' v='156' />
    <tag k='addr:place' v='San Polo' />
  </node>
  <node id='-37873774' action='modify' visible='true' lat='45.43855065684' lon='12.32420426968'>
    <tag k='addr:housenumber' v='2464l' />
    <tag k='addr:place' v='San Polo' />
  </node>
  <node id='-37873775' action='modify' visible='true' lat='45.4376080111' lon='12.32631180521'>
    <tag k='addr:housenumber' v='2556' />
    <tag k='addr:place' v='San Polo' />
  </node>
  <node id='-37873776' action='modify' visible='true' lat='45.43909461599' lon='12.33377968579'>
    <tag k='addr:housenumber' v='837' />
    <tag k='addr:place' v='San Polo' />
  </node>
  <node id='-37873777' action='modify' visible='true' lat='45.43817377837' lon='12.32972684784'>
    <tag k='addr:housenumber' v='2168a' />
    <tag k='addr:place' v='San Polo' />
  </node>
  <node id='-37873778' action='modify' visible='true' lat='45.43640120598' lon='12.3264199616'>
    <tag k='addr:housenumber' v='3019' />
    <tag k='addr:place' v='San Polo' />
  </node>
  <node id='-37873779' action='modify' visible='true' lat='45.43712226694' lon='12.32786695804'>
    <tag k='addr:housenumber' v='2600a' />
    <tag k='addr:place' v='San Polo' />
  </node>
  <node id='-37873780' action='modify' visible='true' lat='45.43852904717' lon='12.33353280091'>
    <tag k='addr:housenumber' v='463' />
    <tag k='addr:place' v='San Polo' />
  </node>
  <node id='-37873781' action='modify' visible='true' lat='45.43923489362' lon='12.33232669956'>
    <tag k='addr:housenumber' v='1737' />
    <tag k='addr:place' v='San Polo' />
  </node>
  <node id='-37873782' action='modify' visible='true' lat='45.43812928149' lon='12.32667669554'>
    <tag k='addr:housenumber' v='2399' />
    <tag k='addr:place' v='San Polo' />
  </node>
  <node id='-37873783' action='modify' visible='true' lat='45.43881194577' lon='12.33363106228'>
    <tag k='addr:housenumber' v='815' />
    <tag k='addr:place' v='San Polo' />
  </node>
  <node id='-37873784' action='modify' visible='true' lat='45.43769736572' lon='12.33401297424'>
    <tag k='addr:housenumber' v='756' />
    <tag k='addr:place' v='San Polo' />
  </node>
  <node id='-37873785' action='modify' visible='true' lat='45.43732068476' lon='12.33320564348'>
    <tag k='addr:housenumber' v='1105a' />
    <tag k='addr:place' v='San Polo' />
  </node>
  <node id='-37873786' action='modify' visible='true' lat='45.43823137475' lon='12.3261550426'>
    <tag k='addr:housenumber' v='2469a' />
    <tag k='addr:place' v='San Polo' />
  </node>
  <node id='-37873787' action='modify' visible='true' lat='45.4354979106' lon='12.32788139424'>
    <tag k='addr:housenumber' v='2878' />
    <tag k='addr:place' v='San Polo' />
  </node>
  <node id='-37873788' action='modify' visible='true' lat='45.43650131565' lon='12.32844661032'>
    <tag k='addr:housenumber' v='2754' />
    <tag k='addr:place' v='San Polo' />
  </node>
  <node id='-37873789' action='modify' visible='true' lat='45.43760655262' lon='12.33221647023'>
    <tag k='addr:housenumber' v='1190' />
    <tag k='addr:place' v='San Polo' />
  </node>
  <node id='-37873790' action='modify' visible='true' lat='45.43748820797' lon='12.33181286492'>
    <tag k='addr:housenumber' v='1238' />
    <tag k='addr:place' v='San Polo' />
  </node>
  <node id='-37873791' action='modify' visible='true' lat='45.43840384269' lon='12.3352645148'>
    <tag k='addr:housenumber' v='70' />
    <tag k='addr:place' v='San Polo' />
  </node>
  <node id='-37873792' action='modify' visible='true' lat='45.43647247638' lon='12.32613616857'>
    <tag k='addr:housenumber' v='3033' />
    <tag k='addr:place' v='San Polo' />
  </node>
  <node id='-37873793' action='modify' visible='true' lat='45.43830059203' lon='12.32641895645'>
    <tag k='addr:housenumber' v='2409' />
    <tag k='addr:place' v='San Polo' />
  </node>
  <node id='-37873794' action='modify' visible='true' lat='45.43943484069' lon='12.33315295949'>
    <tag k='addr:housenumber' v='1603' />
    <tag k='addr:place' v='San Polo' />
  </node>
  <node id='-37873795' action='modify' visible='true' lat='45.43630170047' lon='12.3259591511'>
    <tag k='addr:housenumber' v='3039a' />
    <tag k='addr:place' v='San Polo' />
  </node>
  <node id='-37873796' action='modify' visible='true' lat='45.43951470533' lon='12.33300727074'>
    <tag k='addr:housenumber' v='1601' />
    <tag k='addr:place' v='San Polo' />
  </node>
  <node id='-37873797' action='modify' visible='true' lat='45.43755703733' lon='12.33235654556'>
    <tag k='addr:housenumber' v='1162' />
    <tag k='addr:place' v='San Polo' />
  </node>
  <node id='-37873798' action='modify' visible='true' lat='45.4381735659' lon='12.33260107212'>
    <tag k='addr:housenumber' v='1257' />
    <tag k='addr:place' v='San Polo' />
  </node>
  <node id='-37873799' action='modify' visible='true' lat='45.43893003979' lon='12.3292261592'>
    <tag k='addr:housenumber' v='2233' />
    <tag k='addr:place' v='San Polo' />
  </node>
  <node id='-37873800' action='modify' visible='true' lat='45.43897638996' lon='12.3295379799'>
    <tag k='addr:housenumber' v='2212b' />
    <tag k='addr:place' v='San Polo' />
  </node>
  <node id='-37873801' action='modify' visible='true' lat='45.43797818862' lon='12.32873784991'>
    <tag k='addr:housenumber' v='2148' />
    <tag k='addr:place' v='San Polo' />
  </node>
  <node id='-37873802' action='modify' visible='true' lat='45.43730389754' lon='12.3312480127'>
    <tag k='addr:housenumber' v='1414' />
    <tag k='addr:place' v='San Polo' />
  </node>
  <node id='-37873803' action='modify' visible='true' lat='45.43726407359' lon='12.32831362759'>
    <tag k='addr:housenumber' v='2655' />
    <tag k='addr:place' v='San Polo' />
  </node>
  <node id='-37873804' action='modify' visible='true' lat='45.4374436595' lon='12.32716205938'>
    <tag k='addr:housenumber' v='2560' />
    <tag k='addr:place' v='San Polo' />
  </node>
  <node id='-37873805' action='modify' visible='true' lat='45.43800369189' lon='12.33539217183'>
    <tag k='addr:housenumber' v='723' />
    <tag k='addr:place' v='San Polo' />
  </node>
  <node id='-37873806' action='modify' visible='true' lat='45.43804974811' lon='12.32341726747'>
    <tag k='addr:housenumber' v='3080m' />
    <tag k='addr:place' v='San Polo' />
  </node>
  <node id='-37873807' action='modify' visible='true' lat='45.43815095177' lon='12.33366432145'>
    <tag k='addr:housenumber' v='699' />
    <tag k='addr:place' v='San Polo' />
  </node>
  <node id='-37873808' action='modify' visible='true' lat='45.44002660798' lon='12.33243618906'>
    <tag k='addr:housenumber' v='1833' />
    <tag k='addr:place' v='San Polo' />
  </node>
  <node id='-37873809' action='modify' visible='true' lat='45.43814809173' lon='12.33494682783'>
    <tag k='addr:housenumber' v='542' />
    <tag k='addr:place' v='San Polo' />
  </node>
  <node id='-37873810' action='modify' visible='true' lat='45.43758408257' lon='12.32405685756'>
    <tag k='addr:housenumber' v='3078l' />
    <tag k='addr:place' v='San Polo' />
  </node>
  <node id='-37873811' action='modify' visible='true' lat='45.43610811228' lon='12.32776286243'>
    <tag k='addr:housenumber' v='2820' />
    <tag k='addr:place' v='San Polo' />
  </node>
  <node id='-37873812' action='modify' visible='true' lat='45.43748139412' lon='12.33448519219'>
    <tag k='addr:housenumber' v='741' />
    <tag k='addr:place' v='San Polo' />
  </node>
  <node id='-37873813' action='modify' visible='true' lat='45.43800988092' lon='12.33379645076'>
    <tag k='addr:housenumber' v='702' />
    <tag k='addr:place' v='San Polo' />
  </node>
  <node id='-37873814' action='modify' visible='true' lat='45.43724012804' lon='12.33117323616'>
    <tag k='addr:housenumber' v='1416' />
    <tag k='addr:place' v='San Polo' />
  </node>
  <node id='-37873815' action='modify' visible='true' lat='45.43830387803' lon='12.33447696093'>
    <tag k='addr:housenumber' v='566' />
    <tag k='addr:place' v='San Polo' />
  </node>
  <node id='-37873816' action='modify' visible='true' lat='45.43838470766' lon='12.33165056758'>
    <tag k='addr:housenumber' v='1512e' />
    <tag k='addr:place' v='San Polo' />
  </node>
  <node id='-37873817' action='modify' visible='true' lat='45.43919566255' lon='12.33444481618'>
    <tag k='addr:housenumber' v='246' />
    <tag k='addr:place' v='San Polo' />
  </node>
  <node id='-37873818' action='modify' visible='true' lat='45.43608124476' lon='12.32659743118'>
    <tag k='addr:housenumber' v='2939' />
    <tag k='addr:place' v='San Polo' />
  </node>
  <node id='-37873819' action='modify' visible='true' lat='45.43806972597' lon='12.33326364777'>
    <tag k='addr:housenumber' v='1048' />
    <tag k='addr:place' v='San Polo' />
  </node>
  <node id='-37873820' action='modify' visible='true' lat='45.43897607427' lon='12.33224496894'>
    <tag k='addr:housenumber' v='1552' />
    <tag k='addr:place' v='San Polo' />
  </node>
  <node id='-37873821' action='modify' visible='true' lat='45.43637489228' lon='12.32858381141'>
    <tag k='addr:housenumber' v='2768c' />
    <tag k='addr:place' v='San Polo' />
  </node>
  <node id='-37873822' action='modify' visible='true' lat='45.43651969656' lon='12.32991441958'>
    <tag k='addr:housenumber' v='2055' />
    <tag k='addr:place' v='San Polo' />
  </node>
  <node id='-37873823' action='modify' visible='true' lat='45.43904644507' lon='12.32898139031'>
    <tag k='addr:housenumber' v='2244b' />
    <tag k='addr:place' v='San Polo' />
  </node>
  <node id='-37873824' action='modify' visible='true' lat='45.4372122582' lon='12.32858481372'>
    <tag k='addr:housenumber' v='2662' />
    <tag k='addr:place' v='San Polo' />
  </node>
  <node id='-37873825' action='modify' visible='true' lat='45.43653133214' lon='12.32823008166'>
    <tag k='addr:housenumber' v='2709a' />
    <tag k='addr:place' v='San Polo' />
  </node>
  <node id='-37873826' action='modify' visible='true' lat='45.43813501384' lon='12.3349242961'>
    <tag k='addr:housenumber' v='542a' />
    <tag k='addr:place' v='San Polo' />
  </node>
  <node id='-37873827' action='modify' visible='true' lat='45.43897905039' lon='12.33335003553'>
    <tag k='addr:housenumber' v='862' />
    <tag k='addr:place' v='San Polo' />
  </node>
  <node id='-37873828' action='modify' visible='true' lat='45.43819706775' lon='12.32980232236'>
    <tag k='addr:housenumber' v='2181a' />
    <tag k='addr:place' v='San Polo' />
  </node>
  <node id='-37873829' action='modify' visible='true' lat='45.43787980177' lon='12.33290241537'>
    <tag k='addr:housenumber' v='1058a' />
    <tag k='addr:place' v='San Polo' />
  </node>
  <node id='-37873830' action='modify' visible='true' lat='45.43703131919' lon='12.32858199686'>
    <tag k='addr:housenumber' v='2672' />
    <tag k='addr:place' v='San Polo' />
  </node>
  <node id='-37873831' action='modify' visible='true' lat='45.43826259657' lon='12.33394127793'>
    <tag k='addr:housenumber' v='657' />
    <tag k='addr:place' v='San Polo' />
  </node>
  <node id='-37873832' action='modify' visible='true' lat='45.44013440571' lon='12.33316620271'>
    <tag k='addr:housenumber' v='1630' />
    <tag k='addr:place' v='San Polo' />
  </node>
  <node id='-37873833' action='modify' visible='true' lat='45.43844460615' lon='12.33466027764'>
    <tag k='addr:housenumber' v='551' />
    <tag k='addr:place' v='San Polo' />
  </node>
  <node id='-37873834' action='modify' visible='true' lat='45.43929796099' lon='12.33522614216'>
    <tag k='addr:housenumber' v='153' />
    <tag k='addr:place' v='San Polo' />
  </node>
  <node id='-37873835' action='modify' visible='true' lat='45.43745611285' lon='12.33430594491'>
    <tag k='addr:housenumber' v='721' />
    <tag k='addr:place' v='San Polo' />
  </node>
  <node id='-37873836' action='modify' visible='true' lat='45.43606886995' lon='12.32840828533'>
    <tag k='addr:housenumber' v='2792' />
    <tag k='addr:place' v='San Polo' />
  </node>
  <node id='-37873837' action='modify' visible='true' lat='45.43654528718' lon='12.32681328064'>
    <tag k='addr:housenumber' v='2962' />
    <tag k='addr:place' v='San Polo' />
  </node>
  <node id='-37873838' action='modify' visible='true' lat='45.43748851212' lon='12.33195976752'>
    <tag k='addr:housenumber' v='1021b' />
    <tag k='addr:place' v='San Polo' />
  </node>
  <node id='-37873839' action='modify' visible='true' lat='45.43679137586' lon='12.33064776011'>
    <tag k='addr:housenumber' v='1983' />
    <tag k='addr:place' v='San Polo' />
  </node>
  <node id='-37873840' action='modify' visible='true' lat='45.43816476113' lon='12.33502785648'>
    <tag k='addr:housenumber' v='527a' />
    <tag k='addr:place' v='San Polo' />
  </node>
  <node id='-37873841' action='modify' visible='true' lat='45.43807388263' lon='12.33395526218'>
    <tag k='addr:housenumber' v='689' />
    <tag k='addr:place' v='San Polo' />
  </node>
  <node id='-37873842' action='modify' visible='true' lat='45.43997923249' lon='12.33302789416'>
    <tag k='addr:housenumber' v='1636' />
    <tag k='addr:place' v='San Polo' />
  </node>
  <node id='-37873843' action='modify' visible='true' lat='45.43663142092' lon='12.33132565706'>
    <tag k='addr:housenumber' v='1430' />
    <tag k='addr:place' v='San Polo' />
  </node>
  <node id='-37873844' action='modify' visible='true' lat='45.4376002772' lon='12.3323042272'>
    <tag k='addr:housenumber' v='1188' />
    <tag k='addr:place' v='San Polo' />
  </node>
  <node id='-37873845' action='modify' visible='true' lat='45.43812533757' lon='12.33445395471'>
    <tag k='addr:housenumber' v='614' />
    <tag k='addr:place' v='San Polo' />
  </node>
  <node id='-37873846' action='modify' visible='true' lat='45.43829664482' lon='12.33548472056'>
    <tag k='addr:housenumber' v='22' />
    <tag k='addr:place' v='San Polo' />
  </node>
  <node id='-37873847' action='modify' visible='true' lat='45.43959717638' lon='12.33468045771'>
    <tag k='addr:housenumber' v='173' />
    <tag k='addr:place' v='San Polo' />
  </node>
  <node id='-37873848' action='modify' visible='true' lat='45.43856232878' lon='12.33315935615'>
    <tag k='addr:housenumber' v='889a' />
    <tag k='addr:place' v='San Polo' />
  </node>
  <node id='-37873849' action='modify' visible='true' lat='45.43766826448' lon='12.32818179974'>
    <tag k='addr:housenumber' v='2633' />
    <tag k='addr:place' v='San Polo' />
  </node>
  <node id='-37873850' action='modify' visible='true' lat='45.43722677637' lon='12.33220975213'>
    <tag k='addr:housenumber' v='1211' />
    <tag k='addr:place' v='San Polo' />
  </node>
  <node id='-37873851' action='modify' visible='true' lat='45.43755596069' lon='12.33273668976'>
    <tag k='addr:housenumber' v='1083' />
    <tag k='addr:place' v='San Polo' />
  </node>
  <node id='-37873852' action='modify' visible='true' lat='45.43958753057' lon='12.33467054661'>
    <tag k='addr:housenumber' v='169' />
    <tag k='addr:place' v='San Polo' />
  </node>
  <node id='-37873853' action='modify' visible='true' lat='45.43715639196' lon='12.33122090655'>
    <tag k='addr:housenumber' v='1418' />
    <tag k='addr:place' v='San Polo' />
  </node>
  <node id='-37873854' action='modify' visible='true' lat='45.43800261159' lon='12.33374175891'>
    <tag k='addr:housenumber' v='768' />
    <tag k='addr:place' v='San Polo' />
  </node>
  <node id='-37873855' action='modify' visible='true' lat='45.43928171569' lon='12.33352785813'>
    <tag k='addr:housenumber' v='368' />
    <tag k='addr:place' v='San Polo' />
  </node>
  <node id='-37873856' action='modify' visible='true' lat='45.43773103132' lon='12.33311544959'>
    <tag k='addr:housenumber' v='1054' />
    <tag k='addr:place' v='San Polo' />
  </node>
  <node id='-37873857' action='modify' visible='true' lat='45.43759405854' lon='12.33108071783'>
    <tag k='addr:housenumber' v='1494' />
    <tag k='addr:place' v='San Polo' />
  </node>
  <node id='-37873858' action='modify' visible='true' lat='45.43829913419' lon='12.33386428703'>
    <tag k='addr:housenumber' v='695' />
    <tag k='addr:place' v='San Polo' />
  </node>
  <node id='-37873859' action='modify' visible='true' lat='45.43842729028' lon='12.3348675738'>
    <tag k='addr:housenumber' v='517a' />
    <tag k='addr:place' v='San Polo' />
  </node>
  <node id='-37873860' action='modify' visible='true' lat='45.43756218654' lon='12.32813697433'>
    <tag k='addr:housenumber' v='2627' />
    <tag k='addr:place' v='San Polo' />
  </node>
  <node id='-37873861' action='modify' visible='true' lat='45.43729364927' lon='12.32803970801'>
    <tag k='addr:housenumber' v='2613' />
    <tag k='addr:place' v='San Polo' />
  </node>
  <node id='-37873862' action='modify' visible='true' lat='45.43906527946' lon='12.3338835567'>
    <tag k='addr:housenumber' v='821a' />
    <tag k='addr:place' v='San Polo' />
  </node>
  <node id='-37873863' action='modify' visible='true' lat='45.4376937083' lon='12.33440717202'>
    <tag k='addr:housenumber' v='673' />
    <tag k='addr:place' v='San Polo' />
  </node>
  <node id='-37873864' action='modify' visible='true' lat='45.43868467705' lon='12.33467799807'>
    <tag k='addr:housenumber' v='490a' />
    <tag k='addr:place' v='San Polo' />
  </node>
  <node id='-37873865' action='modify' visible='true' lat='45.43826364173' lon='12.33553306313'>
    <tag k='addr:housenumber' v='20' />
    <tag k='addr:place' v='San Polo' />
  </node>
  <node id='-37873866' action='modify' visible='true' lat='45.43753897131' lon='12.33252345215'>
    <tag k='addr:housenumber' v='1154' />
    <tag k='addr:place' v='San Polo' />
  </node>
  <node id='-37873867' action='modify' visible='true' lat='45.43739108857' lon='12.33249332971'>
    <tag k='addr:housenumber' v='1168' />
    <tag k='addr:place' v='San Polo' />
  </node>
  <node id='-37873868' action='modify' visible='true' lat='45.4377098699' lon='12.33258676371'>
    <tag k='addr:housenumber' v='1078' />
    <tag k='addr:place' v='San Polo' />
  </node>
  <node id='-37873869' action='modify' visible='true' lat='45.43701868711' lon='12.32731195631'>
    <tag k='addr:housenumber' v='3000' />
    <tag k='addr:place' v='San Polo' />
  </node>
  <node id='-37873870' action='modify' visible='true' lat='45.43796178796' lon='12.33384155324'>
    <tag k='addr:housenumber' v='704' />
    <tag k='addr:place' v='San Polo' />
  </node>
  <node id='-37873871' action='modify' visible='true' lat='45.43845369639' lon='12.33428167828'>
    <tag k='addr:housenumber' v='561d' />
    <tag k='addr:place' v='San Polo' />
  </node>
</osm>
